GENE	RSID1	RSID2	VALUE
ENSG00000108639.7	chr17_78932991_C_T_b38	chr17_78932991_C_T_b38	0.472628848351392
ENSG00000055483.19	chr17_78848525_TTAAAAATG_T_b38	chr17_78841775_G_A_b38	-0.0662738032680228
ENSG00000055483.19	chr17_78848525_TTAAAAATG_T_b38	chr17_78851806_G_C_b38	-0.0671735607559734
ENSG00000055483.19	chr17_78848525_TTAAAAATG_T_b38	chr17_78802073_C_T_b38	-0.000998654352135977
ENSG00000055483.19	chr17_78848525_TTAAAAATG_T_b38	chr17_78821008_C_T_b38	-0.0311100267747666
ENSG00000055483.19	chr17_78848525_TTAAAAATG_T_b38	chr17_78826049_A_G_b38	-0.0035678836256871
ENSG00000055483.19	chr17_78848525_TTAAAAATG_T_b38	chr17_78840488_G_A_b38	-0.0026149187998899
ENSG00000055483.19	chr17_78848525_TTAAAAATG_T_b38	chr17_78836051_T_C_b38	-0.00532158913661804
ENSG00000055483.19	chr17_78848525_TTAAAAATG_T_b38	chr17_78804100_G_C_b38	-0.00338438055201062
ENSG00000055483.19	chr17_78848525_TTAAAAATG_T_b38	chr17_78857255_C_T_b38	-0.0665532284029394
ENSG00000055483.19	chr17_78848525_TTAAAAATG_T_b38	chr17_78838759_G_C_b38	0.0686447463904113
ENSG00000055483.19	chr17_78841775_G_A_b38	chr17_78841775_G_A_b38	0.386082125966519
ENSG00000055483.19	chr17_78841775_G_A_b38	chr17_78833833_G_GC_b38	-0.12682356179466
ENSG00000055483.19	chr17_78841775_G_A_b38	chr17_78851806_G_C_b38	0.294659861645667
ENSG00000055483.19	chr17_78841775_G_A_b38	chr17_78802073_C_T_b38	-0.0981897273895436
ENSG00000055483.19	chr17_78841775_G_A_b38	chr17_78797518_G_A_b38	-0.0844781422816104
ENSG00000055483.19	chr17_78841775_G_A_b38	chr17_78821008_C_T_b38	0.182324900532993
ENSG00000055483.19	chr17_78841775_G_A_b38	chr17_78826049_A_G_b38	-0.123101368766108
ENSG00000055483.19	chr17_78841775_G_A_b38	chr17_78798899_A_G_b38	-0.0722605910467185
ENSG00000055483.19	chr17_78841775_G_A_b38	chr17_78791803_T_C_b38	-0.0851850461677054
ENSG00000055483.19	chr17_78841775_G_A_b38	chr17_78797803_G_A_b38	-0.0844781422816104
ENSG00000055483.19	chr17_78841775_G_A_b38	chr17_78840488_G_A_b38	0.0084640792733278
ENSG00000055483.19	chr17_78841775_G_A_b38	chr17_78836051_T_C_b38	-0.11691439581613
ENSG00000055483.19	chr17_78841775_G_A_b38	chr17_78804100_G_C_b38	-0.0837399594625031
ENSG00000055483.19	chr17_78841775_G_A_b38	chr17_78857255_C_T_b38	0.267816480244226
ENSG00000055483.19	chr17_78841775_G_A_b38	chr17_78797743_G_A_b38	-0.075244601256162
ENSG00000055483.19	chr17_78841775_G_A_b38	chr17_78798692_T_C_b38	-0.0720995791970295
ENSG00000055483.19	chr17_78841775_G_A_b38	chr17_78838759_G_C_b38	-0.303486975452294
ENSG00000055483.19	chr17_78833833_G_GC_b38	chr17_78851806_G_C_b38	-0.0529816398266007
ENSG00000055483.19	chr17_78833833_G_GC_b38	chr17_78802073_C_T_b38	0.453503330231412
ENSG00000055483.19	chr17_78833833_G_GC_b38	chr17_78821008_C_T_b38	0.184833470960639
ENSG00000055483.19	chr17_78833833_G_GC_b38	chr17_78826049_A_G_b38	0.497224516010643
ENSG00000055483.19	chr17_78833833_G_GC_b38	chr17_78840488_G_A_b38	-0.020300027525461
ENSG00000055483.19	chr17_78833833_G_GC_b38	chr17_78836051_T_C_b38	0.481580878979724
ENSG00000055483.19	chr17_78833833_G_GC_b38	chr17_78804100_G_C_b38	0.436966694192128
ENSG00000055483.19	chr17_78833833_G_GC_b38	chr17_78857255_C_T_b38	-0.0472520414716945
ENSG00000055483.19	chr17_78833833_G_GC_b38	chr17_78838759_G_C_b38	0.149187998898982
ENSG00000055483.19	chr17_78851806_G_C_b38	chr17_78851806_G_C_b38	0.357268452003075
ENSG00000055483.19	chr17_78851806_G_C_b38	chr17_78802073_C_T_b38	-0.0302737188823367
ENSG00000055483.19	chr17_78851806_G_C_b38	chr17_78797518_G_A_b38	-0.018900982268252
ENSG00000055483.19	chr17_78851806_G_C_b38	chr17_78821008_C_T_b38	0.172211734481579
ENSG00000055483.19	chr17_78851806_G_C_b38	chr17_78826049_A_G_b38	-0.0542158106971291
ENSG00000055483.19	chr17_78851806_G_C_b38	chr17_78798899_A_G_b38	-0.0494273947746596
ENSG00000055483.19	chr17_78851806_G_C_b38	chr17_78791803_T_C_b38	-0.0196966152662713
ENSG00000055483.19	chr17_78851806_G_C_b38	chr17_78797803_G_A_b38	-0.018900982268252
ENSG00000055483.19	chr17_78851806_G_C_b38	chr17_78840488_G_A_b38	-0.0349264091658519
ENSG00000055483.19	chr17_78851806_G_C_b38	chr17_78836051_T_C_b38	-0.0893531356976549
ENSG00000055483.19	chr17_78851806_G_C_b38	chr17_78804100_G_C_b38	-0.018251528561069
ENSG00000055483.19	chr17_78851806_G_C_b38	chr17_78857255_C_T_b38	0.324160930847411
ENSG00000055483.19	chr17_78851806_G_C_b38	chr17_78797743_G_A_b38	-0.0533241170177574
ENSG00000055483.19	chr17_78851806_G_C_b38	chr17_78798692_T_C_b38	-0.0505571246378144
ENSG00000055483.19	chr17_78851806_G_C_b38	chr17_78838759_G_C_b38	-0.219594707453338
ENSG00000055483.19	chr17_78802073_C_T_b38	chr17_78802073_C_T_b38	0.491194069008708
ENSG00000055483.19	chr17_78802073_C_T_b38	chr17_78797518_G_A_b38	0.463128073168215
ENSG00000055483.19	chr17_78802073_C_T_b38	chr17_78821008_C_T_b38	0.172602171642902
ENSG00000055483.19	chr17_78802073_C_T_b38	chr17_78826049_A_G_b38	0.44615941229074
ENSG00000055483.19	chr17_78802073_C_T_b38	chr17_78798899_A_G_b38	0.434960519281408
ENSG00000055483.19	chr17_78802073_C_T_b38	chr17_78791803_T_C_b38	0.46166606011806
ENSG00000055483.19	chr17_78802073_C_T_b38	chr17_78797803_G_A_b38	0.463128073168215
ENSG00000055483.19	chr17_78802073_C_T_b38	chr17_78840488_G_A_b38	-0.0207897832562304
ENSG00000055483.19	chr17_78802073_C_T_b38	chr17_78836051_T_C_b38	0.43126846026998
ENSG00000055483.19	chr17_78802073_C_T_b38	chr17_78804100_G_C_b38	0.460220973412857
ENSG00000055483.19	chr17_78802073_C_T_b38	chr17_78857255_C_T_b38	-0.021102920645787
ENSG00000055483.19	chr17_78802073_C_T_b38	chr17_78797743_G_A_b38	0.440842424171926
ENSG00000055483.19	chr17_78802073_C_T_b38	chr17_78798692_T_C_b38	0.43605861584672
ENSG00000055483.19	chr17_78802073_C_T_b38	chr17_78838759_G_C_b38	0.116851022758185
ENSG00000055483.19	chr17_78797518_G_A_b38	chr17_78821008_C_T_b38	0.160223206465981
ENSG00000055483.19	chr17_78797518_G_A_b38	chr17_78826049_A_G_b38	0.430502381369434
ENSG00000055483.19	chr17_78797518_G_A_b38	chr17_78840488_G_A_b38	-0.0207817230938618
ENSG00000055483.19	chr17_78797518_G_A_b38	chr17_78836051_T_C_b38	0.416230846866685
ENSG00000055483.19	chr17_78797518_G_A_b38	chr17_78804100_G_C_b38	0.491792407977379
ENSG00000055483.19	chr17_78797518_G_A_b38	chr17_78857255_C_T_b38	-0.00846824979772948
ENSG00000055483.19	chr17_78797518_G_A_b38	chr17_78838759_G_C_b38	0.109951705327428
ENSG00000055483.19	chr17_78821008_C_T_b38	chr17_78821008_C_T_b38	0.484348021920278
ENSG00000055483.19	chr17_78821008_C_T_b38	chr17_78826049_A_G_b38	0.179403448189575
ENSG00000055483.19	chr17_78821008_C_T_b38	chr17_78798899_A_G_b38	0.134868503365613
ENSG00000055483.19	chr17_78821008_C_T_b38	chr17_78791803_T_C_b38	0.156144433601081
ENSG00000055483.19	chr17_78821008_C_T_b38	chr17_78797803_G_A_b38	0.160223206465981
ENSG00000055483.19	chr17_78821008_C_T_b38	chr17_78840488_G_A_b38	-0.0204376548307184
ENSG00000055483.19	chr17_78821008_C_T_b38	chr17_78836051_T_C_b38	0.162950729424718
ENSG00000055483.19	chr17_78821008_C_T_b38	chr17_78804100_G_C_b38	0.160479693716688
ENSG00000055483.19	chr17_78821008_C_T_b38	chr17_78857255_C_T_b38	0.145947501438831
ENSG00000055483.19	chr17_78821008_C_T_b38	chr17_78797743_G_A_b38	0.136219753271776
ENSG00000055483.19	chr17_78821008_C_T_b38	chr17_78798692_T_C_b38	0.135679211643035
ENSG00000055483.19	chr17_78821008_C_T_b38	chr17_78838759_G_C_b38	-0.156088131521657
ENSG00000055483.19	chr17_78826049_A_G_b38	chr17_78826049_A_G_b38	0.499691381194271
ENSG00000055483.19	chr17_78826049_A_G_b38	chr17_78798899_A_G_b38	0.40628623143074
ENSG00000055483.19	chr17_78826049_A_G_b38	chr17_78791803_T_C_b38	0.427551735355205
ENSG00000055483.19	chr17_78826049_A_G_b38	chr17_78797803_G_A_b38	0.430502381369434
ENSG00000055483.19	chr17_78826049_A_G_b38	chr17_78840488_G_A_b38	-0.0207817230938619
ENSG00000055483.19	chr17_78826049_A_G_b38	chr17_78836051_T_C_b38	0.47499770621158
ENSG00000055483.19	chr17_78826049_A_G_b38	chr17_78804100_G_C_b38	0.428996822060407
ENSG00000055483.19	chr17_78826049_A_G_b38	chr17_78857255_C_T_b38	-0.0487555155185213
ENSG00000055483.19	chr17_78826049_A_G_b38	chr17_78797743_G_A_b38	0.409539240464095
ENSG00000055483.19	chr17_78826049_A_G_b38	chr17_78798692_T_C_b38	0.407460077057969
ENSG00000055483.19	chr17_78826049_A_G_b38	chr17_78838759_G_C_b38	0.148049445737307
ENSG00000055483.19	chr17_78798899_A_G_b38	chr17_78840488_G_A_b38	0.0225708780622075
ENSG00000055483.19	chr17_78798899_A_G_b38	chr17_78836051_T_C_b38	0.434535278465914
ENSG00000055483.19	chr17_78798899_A_G_b38	chr17_78804100_G_C_b38	0.461314215649477
ENSG00000055483.19	chr17_78798899_A_G_b38	chr17_78857255_C_T_b38	-0.0377203079515218
ENSG00000055483.19	chr17_78798899_A_G_b38	chr17_78838759_G_C_b38	0.0987851262417737
ENSG00000055483.19	chr17_78791803_T_C_b38	chr17_78840488_G_A_b38	-0.0208505367464905
ENSG00000055483.19	chr17_78791803_T_C_b38	chr17_78836051_T_C_b38	0.413225984035232
ENSG00000055483.19	chr17_78791803_T_C_b38	chr17_78804100_G_C_b38	0.485905712784324
ENSG00000055483.19	chr17_78791803_T_C_b38	chr17_78857255_C_T_b38	-0.0093023546780772
ENSG00000055483.19	chr17_78791803_T_C_b38	chr17_78838759_G_C_b38	0.109376172959988
ENSG00000055483.19	chr17_78797803_G_A_b38	chr17_78840488_G_A_b38	-0.0207817230938618
ENSG00000055483.19	chr17_78797803_G_A_b38	chr17_78836051_T_C_b38	0.416230846866685
ENSG00000055483.19	chr17_78797803_G_A_b38	chr17_78804100_G_C_b38	0.491792407977379
ENSG00000055483.19	chr17_78797803_G_A_b38	chr17_78857255_C_T_b38	-0.00846824979772948
ENSG00000055483.19	chr17_78797803_G_A_b38	chr17_78838759_G_C_b38	0.109951705327428
ENSG00000055483.19	chr17_78840488_G_A_b38	chr17_78840488_G_A_b38	0.0454170107349298
ENSG00000055483.19	chr17_78840488_G_A_b38	chr17_78836051_T_C_b38	0.0251169832094688
ENSG00000055483.19	chr17_78840488_G_A_b38	chr17_78804100_G_C_b38	-0.0208505367464905
ENSG00000055483.19	chr17_78840488_G_A_b38	chr17_78857255_C_T_b38	-0.0318607211670796
ENSG00000055483.19	chr17_78840488_G_A_b38	chr17_78797743_G_A_b38	0.0229837599779796
ENSG00000055483.19	chr17_78840488_G_A_b38	chr17_78798692_T_C_b38	0.0226905799555181
ENSG00000055483.19	chr17_78840488_G_A_b38	chr17_78838759_G_C_b38	-0.0074318744838976
ENSG00000055483.19	chr17_78836051_T_C_b38	chr17_78836051_T_C_b38	0.506697862189193
ENSG00000055483.19	chr17_78836051_T_C_b38	chr17_78804100_G_C_b38	0.414671070740434
ENSG00000055483.19	chr17_78836051_T_C_b38	chr17_78857255_C_T_b38	-0.0791127626387743
ENSG00000055483.19	chr17_78836051_T_C_b38	chr17_78797743_G_A_b38	0.438113588402605
ENSG00000055483.19	chr17_78836051_T_C_b38	chr17_78798692_T_C_b38	0.435803434675751
ENSG00000055483.19	chr17_78836051_T_C_b38	chr17_78838759_G_C_b38	0.140311037709882
ENSG00000055483.19	chr17_78804100_G_C_b38	chr17_78804100_G_C_b38	0.493131146310335
ENSG00000055483.19	chr17_78804100_G_C_b38	chr17_78857255_C_T_b38	-0.00785726797287489
ENSG00000055483.19	chr17_78804100_G_C_b38	chr17_78797743_G_A_b38	0.46628756599855
ENSG00000055483.19	chr17_78804100_G_C_b38	chr17_78798692_T_C_b38	0.462756079364353
ENSG00000055483.19	chr17_78804100_G_C_b38	chr17_78838759_G_C_b38	0.109376172959988
ENSG00000055483.19	chr17_78857255_C_T_b38	chr17_78857255_C_T_b38	0.34265862589562
ENSG00000055483.19	chr17_78857255_C_T_b38	chr17_78797743_G_A_b38	-0.0413861989006497
ENSG00000055483.19	chr17_78857255_C_T_b38	chr17_78798692_T_C_b38	-0.0387831156709158
ENSG00000055483.19	chr17_78857255_C_T_b38	chr17_78838759_G_C_b38	-0.189750519230287
ENSG00000055483.19	chr17_78797743_G_A_b38	chr17_78838759_G_C_b38	0.100793233741211
ENSG00000055483.19	chr17_78798692_T_C_b38	chr17_78838759_G_C_b38	0.0983411826442599
ENSG00000055483.19	chr17_79832844_A_T_b38	chr17_79832844_A_T_b38	0.0253359357405601
ENSG00000055483.19	chr17_78838759_G_C_b38	chr17_78838759_G_C_b38	0.329592372944973
ENSG00000035862.12	chr17_78882624_C_T_b38	chr17_78882624_C_T_b38	0.28421289692966
ENSG00000035862.12	chr17_78882624_C_T_b38	chr17_78929343_G_A_b38	-0.0302654955834147
ENSG00000035862.12	chr17_78882624_C_T_b38	chr17_78925567_G_A_b38	-0.0422203037809975
ENSG00000035862.12	chr17_78882624_C_T_b38	chr17_78900961_G_A_b38	0.0511473112629182
ENSG00000035862.12	chr17_78882624_C_T_b38	chr17_78918602_C_T_b38	0.0314916297575257
ENSG00000035862.12	chr17_78882624_C_T_b38	chr17_78930310_C_T_b38	0.0182668968796137
ENSG00000035862.12	chr17_78882624_C_T_b38	chr17_78925682_G_T_b38	-0.0324550208943273
ENSG00000035862.12	chr17_78882624_C_T_b38	chr17_78917297_G_C_b38	-0.0298401020944374
ENSG00000035862.12	chr17_78882624_C_T_b38	chr17_78923684_C_CTG_b38	0.017528714060506
ENSG00000035862.12	chr17_78882624_C_T_b38	chr17_78927695_T_G_b38	0.0418950028776619
ENSG00000035862.12	chr17_78882624_C_T_b38	chr17_78948720_A_G_b38	0.047500187673598
ENSG00000035862.12	chr17_78882624_C_T_b38	chr17_78925708_A_G_b38	-0.0324550208943273
ENSG00000035862.12	chr17_78882624_C_T_b38	chr17_78927069_G_A_b38	-0.0250419137702375
ENSG00000035862.12	chr17_78882624_C_T_b38	chr17_78923566_A_G_b38	0.0342003853564546
ENSG00000035862.12	chr17_78929343_G_A_b38	chr17_78929343_G_A_b38	0.488405942163169
ENSG00000035862.12	chr17_78929343_G_A_b38	chr17_78925567_G_A_b38	-0.0466702533176522
ENSG00000035862.12	chr17_78929343_G_A_b38	chr17_78900961_G_A_b38	0.29793600747358
ENSG00000035862.12	chr17_78929343_G_A_b38	chr17_78918602_C_T_b38	-0.0823949653429422
ENSG00000035862.12	chr17_78929343_G_A_b38	chr17_78930310_C_T_b38	-0.266461059813662
ENSG00000035862.12	chr17_78929343_G_A_b38	chr17_78925682_G_T_b38	0.324045575490662
ENSG00000035862.12	chr17_78929343_G_A_b38	chr17_78917297_G_C_b38	0.431280184170358
ENSG00000035862.12	chr17_78929343_G_A_b38	chr17_78923684_C_CTG_b38	0.148618722318145
ENSG00000035862.12	chr17_78929343_G_A_b38	chr17_78927695_T_G_b38	-0.115046000884151
ENSG00000035862.12	chr17_78929343_G_A_b38	chr17_78948720_A_G_b38	-0.105266121162075
ENSG00000035862.12	chr17_78929343_G_A_b38	chr17_78925708_A_G_b38	0.324045575490662
ENSG00000035862.12	chr17_78929343_G_A_b38	chr17_78927069_G_A_b38	0.479889731334818
ENSG00000035862.12	chr17_78929343_G_A_b38	chr17_78923566_A_G_b38	-0.102440590879897
ENSG00000035862.12	chr17_78925567_G_A_b38	chr17_78925567_G_A_b38	0.0903502406392585
ENSG00000035862.12	chr17_78925567_G_A_b38	chr17_78900961_G_A_b38	-0.0415279967303089
ENSG00000035862.12	chr17_78925567_G_A_b38	chr17_78918602_C_T_b38	-0.013687661086505
ENSG00000035862.12	chr17_78925567_G_A_b38	chr17_78930310_C_T_b38	-0.0253943230821844
ENSG00000035862.12	chr17_78925567_G_A_b38	chr17_78925682_G_T_b38	0.0255694851070574
ENSG00000035862.12	chr17_78925567_G_A_b38	chr17_78917297_G_C_b38	-0.0449415709531318
ENSG00000035862.12	chr17_78925567_G_A_b38	chr17_78923684_C_CTG_b38	-0.0711658283912618
ENSG00000035862.12	chr17_78925567_G_A_b38	chr17_78927695_T_G_b38	-0.0163859903744297
ENSG00000035862.12	chr17_78925567_G_A_b38	chr17_78948720_A_G_b38	-0.0126492005104722
ENSG00000035862.12	chr17_78925567_G_A_b38	chr17_78925708_A_G_b38	0.0255694851070574
ENSG00000035862.12	chr17_78925567_G_A_b38	chr17_78927069_G_A_b38	-0.0484865166946092
ENSG00000035862.12	chr17_78925567_G_A_b38	chr17_78923566_A_G_b38	-0.0157353885677586
ENSG00000035862.12	chr17_78900961_G_A_b38	chr17_78900961_G_A_b38	0.490658025340106
ENSG00000035862.12	chr17_78900961_G_A_b38	chr17_78918602_C_T_b38	0.0908653004028726
ENSG00000035862.12	chr17_78900961_G_A_b38	chr17_78930310_C_T_b38	-0.267924913878672
ENSG00000035862.12	chr17_78900961_G_A_b38	chr17_78925682_G_T_b38	0.322750627663923
ENSG00000035862.12	chr17_78900961_G_A_b38	chr17_78917297_G_C_b38	0.28630232965493
ENSG00000035862.12	chr17_78900961_G_A_b38	chr17_78923684_C_CTG_b38	-0.0319232790331056
ENSG00000035862.12	chr17_78900961_G_A_b38	chr17_78927695_T_G_b38	0.0593215390903253
ENSG00000035862.12	chr17_78900961_G_A_b38	chr17_78948720_A_G_b38	0.0160273252758802
ENSG00000035862.12	chr17_78900961_G_A_b38	chr17_78925708_A_G_b38	0.322750627663923
ENSG00000035862.12	chr17_78900961_G_A_b38	chr17_78927069_G_A_b38	0.295162608746423
ENSG00000035862.12	chr17_78900961_G_A_b38	chr17_78923566_A_G_b38	0.075305073859987
ENSG00000035862.12	chr17_78918602_C_T_b38	chr17_78918602_C_T_b38	0.169056377148863
ENSG00000035862.12	chr17_78918602_C_T_b38	chr17_78930310_C_T_b38	-0.0535307659585118
ENSG00000035862.12	chr17_78918602_C_T_b38	chr17_78925682_G_T_b38	0.0616758001151062
ENSG00000035862.12	chr17_78918602_C_T_b38	chr17_78917297_G_C_b38	-0.0887508445311912
ENSG00000035862.12	chr17_78918602_C_T_b38	chr17_78923684_C_CTG_b38	-0.147567750168907
ENSG00000035862.12	chr17_78918602_C_T_b38	chr17_78927695_T_G_b38	0.161186597602783
ENSG00000035862.12	chr17_78918602_C_T_b38	chr17_78948720_A_G_b38	0.108550409128444
ENSG00000035862.12	chr17_78918602_C_T_b38	chr17_78925708_A_G_b38	0.0616758001151062
ENSG00000035862.12	chr17_78918602_C_T_b38	chr17_78927069_G_A_b38	-0.0858919500537998
ENSG00000035862.12	chr17_78918602_C_T_b38	chr17_78923566_A_G_b38	0.16233140655106
ENSG00000035862.12	chr17_78930310_C_T_b38	chr17_78930310_C_T_b38	0.397672013278951
ENSG00000035862.12	chr17_78930310_C_T_b38	chr17_78925682_G_T_b38	-0.354144250098007
ENSG00000035862.12	chr17_78930310_C_T_b38	chr17_78917297_G_C_b38	-0.257782198533643
ENSG00000035862.12	chr17_78930310_C_T_b38	chr17_78923684_C_CTG_b38	0.0846970948127015
ENSG00000035862.12	chr17_78930310_C_T_b38	chr17_78927695_T_G_b38	-0.0720562353510329
ENSG00000035862.12	chr17_78930310_C_T_b38	chr17_78948720_A_G_b38	0.0265745814878763
ENSG00000035862.12	chr17_78930310_C_T_b38	chr17_78925708_A_G_b38	-0.354144250098007
ENSG00000035862.12	chr17_78930310_C_T_b38	chr17_78927069_G_A_b38	-0.268002068580104
ENSG00000035862.12	chr17_78930310_C_T_b38	chr17_78923566_A_G_b38	-0.0614964675658318
ENSG00000035862.12	chr17_78925682_G_T_b38	chr17_78925682_G_T_b38	0.43174102711675
ENSG00000035862.12	chr17_78925682_G_T_b38	chr17_78917297_G_C_b38	0.305995545879939
ENSG00000035862.12	chr17_78925682_G_T_b38	chr17_78923684_C_CTG_b38	-0.0966519030102847
ENSG00000035862.12	chr17_78925682_G_T_b38	chr17_78927695_T_G_b38	0.0568609296932997
ENSG00000035862.12	chr17_78925682_G_T_b38	chr17_78948720_A_G_b38	-0.00883942646948424
ENSG00000035862.12	chr17_78925682_G_T_b38	chr17_78925708_A_G_b38	0.43174102711675
ENSG00000035862.12	chr17_78925682_G_T_b38	chr17_78927069_G_A_b38	0.329308777285656
ENSG00000035862.12	chr17_78925682_G_T_b38	chr17_78923566_A_G_b38	0.0754656390494541
ENSG00000035862.12	chr17_78917297_G_C_b38	chr17_78917297_G_C_b38	0.480782223556791
ENSG00000035862.12	chr17_78917297_G_C_b38	chr17_78923684_C_CTG_b38	0.120317543727949
ENSG00000035862.12	chr17_78917297_G_C_b38	chr17_78927695_T_G_b38	-0.0949190501213623
ENSG00000035862.12	chr17_78917297_G_C_b38	chr17_78948720_A_G_b38	-0.113092110201937
ENSG00000035862.12	chr17_78917297_G_C_b38	chr17_78925708_A_G_b38	0.305995545879939
ENSG00000035862.12	chr17_78917297_G_C_b38	chr17_78927069_G_A_b38	0.437873783249506
ENSG00000035862.12	chr17_78917297_G_C_b38	chr17_78923566_A_G_b38	-0.0814065510597301
ENSG00000035862.12	chr17_78923684_C_CTG_b38	chr17_78927695_T_G_b38	-0.173598078222355
ENSG00000035862.12	chr17_78923684_C_CTG_b38	chr17_78948720_A_G_b38	-0.0967457398093235
ENSG00000035862.12	chr17_78923684_C_CTG_b38	chr17_78925708_A_G_b38	-0.0966519030102847
ENSG00000035862.12	chr17_78923684_C_CTG_b38	chr17_78927069_G_A_b38	0.153273027550485
ENSG00000035862.12	chr17_78923684_C_CTG_b38	chr17_78923566_A_G_b38	-0.182080924855492
ENSG00000035862.12	chr17_78927695_T_G_b38	chr17_78927695_T_G_b38	0.222234733795427
ENSG00000035862.12	chr17_78927695_T_G_b38	chr17_78948720_A_G_b38	0.107124089783049
ENSG00000035862.12	chr17_78927695_T_G_b38	chr17_78925708_A_G_b38	0.0568609296932997
ENSG00000035862.12	chr17_78927695_T_G_b38	chr17_78927069_G_A_b38	-0.116737148529056
ENSG00000035862.12	chr17_78927695_T_G_b38	chr17_78923566_A_G_b38	0.189948619139371
ENSG00000035862.12	chr17_78948720_A_G_b38	chr17_78948720_A_G_b38	0.274491404549208
ENSG00000035862.12	chr17_78948720_A_G_b38	chr17_78925708_A_G_b38	-0.00883942646948424
ENSG00000035862.12	chr17_78948720_A_G_b38	chr17_78927069_G_A_b38	-0.108475339689213
ENSG00000035862.12	chr17_78948720_A_G_b38	chr17_78923566_A_G_b38	0.111271676300578
ENSG00000035862.12	chr17_79297100_T_C_b38	chr17_79297100_T_C_b38	0.407742259121535
ENSG00000035862.12	chr17_78925708_A_G_b38	chr17_78925708_A_G_b38	0.43174102711675
ENSG00000035862.12	chr17_78925708_A_G_b38	chr17_78927069_G_A_b38	0.329308777285656
ENSG00000035862.12	chr17_78925708_A_G_b38	chr17_78923566_A_G_b38	0.0754656390494541
ENSG00000035862.12	chr17_78927069_G_A_b38	chr17_78927069_G_A_b38	0.489807238362153
ENSG00000035862.12	chr17_78927069_G_A_b38	chr17_78923566_A_G_b38	-0.105170199100835
ENSG00000035862.12	chr17_78923566_A_G_b38	chr17_78923566_A_G_b38	0.199100834938984
ENSG00000108679.12	chr17_78980252_C_T_b38	chr17_78980252_C_T_b38	0.0307826406092302
ENSG00000108679.12	chr17_78980252_C_T_b38	chr17_78964996_C_T_b38	-0.00626204238921001
ENSG00000108679.12	chr17_78980252_C_T_b38	chr17_78981932_A_G_b38	-0.00128452151573539
ENSG00000108679.12	chr17_78980252_C_T_b38	chr17_78979476_C_T_b38	0.0107349298100743
ENSG00000108679.12	chr17_78980252_C_T_b38	chr17_78978670_G_A_b38	0.0013992109367832
ENSG00000108679.12	chr17_78980252_C_T_b38	chr17_78936289_G_A_b38	-0.0066749243049821
ENSG00000108679.12	chr17_78980252_C_T_b38	chr17_78980952_C_T_b38	0.011377190567942
ENSG00000108679.12	chr17_78980252_C_T_b38	chr17_78979964_G_A_b38	-0.000642260757867692
ENSG00000108679.12	chr17_78980252_C_T_b38	chr17_78967035_C_T_b38	-0.00123864574731627
ENSG00000108679.12	chr17_78980252_C_T_b38	chr17_78986431_T_C_b38	-0.0114689421047803
ENSG00000108679.12	chr17_78980252_C_T_b38	chr17_78983573_G_A_b38	-0.00126158363152583
ENSG00000108679.12	chr17_78980252_C_T_b38	chr17_78980335_T_C_b38	0.00121570786310671
ENSG00000108679.12	chr17_78980252_C_T_b38	chr17_78979651_C_T_b38	-0.000642260757867692
ENSG00000108679.12	chr17_78980252_C_T_b38	chr17_78945868_C_T_b38	-0.0060326635471144
ENSG00000108679.12	chr17_78964996_C_T_b38	chr17_78964996_C_T_b38	0.2099316868103
ENSG00000108679.12	chr17_78964996_C_T_b38	chr17_78981932_A_G_b38	-0.0054738132772815
ENSG00000108679.12	chr17_78964996_C_T_b38	chr17_78979476_C_T_b38	-0.150289017341041
ENSG00000108679.12	chr17_78964996_C_T_b38	chr17_78978670_G_A_b38	-0.0274128568926256
ENSG00000108679.12	chr17_78964996_C_T_b38	chr17_78936289_G_A_b38	0.0997109826589597
ENSG00000108679.12	chr17_78964996_C_T_b38	chr17_78980952_C_T_b38	-0.146829567349799
ENSG00000108679.12	chr17_78964996_C_T_b38	chr17_78979964_G_A_b38	-0.00201436328603958
ENSG00000108679.12	chr17_78964996_C_T_b38	chr17_78967035_C_T_b38	0.0353389385181293
ENSG00000108679.12	chr17_78964996_C_T_b38	chr17_78986431_T_C_b38	0.0912156244526185
ENSG00000108679.12	chr17_78964996_C_T_b38	chr17_78983573_G_A_b38	-0.0148887721142057
ENSG00000108679.12	chr17_78964996_C_T_b38	chr17_78980335_T_C_b38	-0.0288141530916098
ENSG00000108679.12	chr17_78964996_C_T_b38	chr17_78979651_C_T_b38	-0.00201436328603958
ENSG00000108679.12	chr17_78964996_C_T_b38	chr17_78945868_C_T_b38	0.114074268698546
ENSG00000108679.12	chr17_78981932_A_G_b38	chr17_78981932_A_G_b38	0.0446079290009924
ENSG00000108679.12	chr17_78981932_A_G_b38	chr17_78979476_C_T_b38	-0.0346820809248554
ENSG00000108679.12	chr17_78981932_A_G_b38	chr17_78978670_G_A_b38	-0.0007152449348981
ENSG00000108679.12	chr17_78981932_A_G_b38	chr17_78936289_G_A_b38	-0.00915221579961463
ENSG00000108679.12	chr17_78981932_A_G_b38	chr17_78980952_C_T_b38	-0.0338646581421148
ENSG00000108679.12	chr17_78981932_A_G_b38	chr17_78979964_G_A_b38	0.0223039645004963
ENSG00000108679.12	chr17_78981932_A_G_b38	chr17_78967035_C_T_b38	-0.000131371518654759
ENSG00000108679.12	chr17_78981932_A_G_b38	chr17_78986431_T_C_b38	0.0279675366380568
ENSG00000108679.12	chr17_78981932_A_G_b38	chr17_78983573_G_A_b38	-0.00199976645063349
ENSG00000108679.12	chr17_78981932_A_G_b38	chr17_78980335_T_C_b38	-0.000948794301395467
ENSG00000108679.12	chr17_78981932_A_G_b38	chr17_78979651_C_T_b38	0.0223039645004963
ENSG00000108679.12	chr17_78981932_A_G_b38	chr17_78945868_C_T_b38	-0.00531324808781458
ENSG00000108679.12	chr17_78979476_C_T_b38	chr17_78979476_C_T_b38	0.334847233691164
ENSG00000108679.12	chr17_78979476_C_T_b38	chr17_78978670_G_A_b38	0.0685383980181668
ENSG00000108679.12	chr17_78979476_C_T_b38	chr17_78936289_G_A_b38	-0.0854665565648225
ENSG00000108679.12	chr17_78979476_C_T_b38	chr17_78980952_C_T_b38	0.32617671345995
ENSG00000108679.12	chr17_78979476_C_T_b38	chr17_78979964_G_A_b38	-0.01878612716763
ENSG00000108679.12	chr17_78979476_C_T_b38	chr17_78967035_C_T_b38	-0.0309661436829068
ENSG00000108679.12	chr17_78979476_C_T_b38	chr17_78986431_T_C_b38	-0.210776218001651
ENSG00000108679.12	chr17_78979476_C_T_b38	chr17_78983573_G_A_b38	0.0177539223781999
ENSG00000108679.12	chr17_78979476_C_T_b38	chr17_78980335_T_C_b38	0.0652353426919903
ENSG00000108679.12	chr17_78979476_C_T_b38	chr17_78979651_C_T_b38	-0.01878612716763
ENSG00000108679.12	chr17_78979476_C_T_b38	chr17_78945868_C_T_b38	-0.0767960363336087
ENSG00000108679.12	chr17_78978670_G_A_b38	chr17_78978670_G_A_b38	0.0844698012328074
ENSG00000108679.12	chr17_78978670_G_A_b38	chr17_78936289_G_A_b38	-0.00956509771538674
ENSG00000108679.12	chr17_78978670_G_A_b38	chr17_78980952_C_T_b38	0.0681734771330146
ENSG00000108679.12	chr17_78978670_G_A_b38	chr17_78979964_G_A_b38	-0.00108016582005021
ENSG00000108679.12	chr17_78978670_G_A_b38	chr17_78967035_C_T_b38	-0.0355266121162073
ENSG00000108679.12	chr17_78978670_G_A_b38	chr17_78986431_T_C_b38	-0.00577617629640748
ENSG00000108679.12	chr17_78978670_G_A_b38	chr17_78983573_G_A_b38	0.00473771572037469
ENSG00000108679.12	chr17_78978670_G_A_b38	chr17_78980335_T_C_b38	0.0777615127326111
ENSG00000108679.12	chr17_78978670_G_A_b38	chr17_78979651_C_T_b38	-0.00108016582005021
ENSG00000108679.12	chr17_78978670_G_A_b38	chr17_78945868_C_T_b38	-0.01465939327211
ENSG00000108679.12	chr17_78936289_G_A_b38	chr17_78936289_G_A_b38	0.412469033856316
ENSG00000108679.12	chr17_78936289_G_A_b38	chr17_78980952_C_T_b38	-0.0801679053124141
ENSG00000108679.12	chr17_78936289_G_A_b38	chr17_78979964_G_A_b38	-0.00385356454720616
ENSG00000108679.12	chr17_78936289_G_A_b38	chr17_78967035_C_T_b38	0.00619322873658136
ENSG00000108679.12	chr17_78936289_G_A_b38	chr17_78986431_T_C_b38	0.091384530690889
ENSG00000108679.12	chr17_78936289_G_A_b38	chr17_78983573_G_A_b38	0.0425956509771539
ENSG00000108679.12	chr17_78936289_G_A_b38	chr17_78980335_T_C_b38	-0.0116983209468759
ENSG00000108679.12	chr17_78936289_G_A_b38	chr17_78979651_C_T_b38	-0.00385356454720616
ENSG00000108679.12	chr17_78936289_G_A_b38	chr17_78945868_C_T_b38	0.258808147536471
ENSG00000108679.12	chr17_78980952_C_T_b38	chr17_78980952_C_T_b38	0.343109042531008
ENSG00000108679.12	chr17_78980952_C_T_b38	chr17_78979964_G_A_b38	-0.0183774157762597
ENSG00000108679.12	chr17_78980952_C_T_b38	chr17_78967035_C_T_b38	-0.0301779145709782
ENSG00000108679.12	chr17_78980952_C_T_b38	chr17_78986431_T_C_b38	-0.208864032563454
ENSG00000108679.12	chr17_78980952_C_T_b38	chr17_78983573_G_A_b38	0.0165861755457131
ENSG00000108679.12	chr17_78980952_C_T_b38	chr17_78980335_T_C_b38	0.0649871964900869
ENSG00000108679.12	chr17_78980952_C_T_b38	chr17_78979651_C_T_b38	-0.0183774157762597
ENSG00000108679.12	chr17_78980952_C_T_b38	chr17_78945868_C_T_b38	-0.0741394122897015
ENSG00000108679.12	chr17_78979964_G_A_b38	chr17_78979964_G_A_b38	0.0227126758918667
ENSG00000108679.12	chr17_78979964_G_A_b38	chr17_78967035_C_T_b38	0.00065685759327378
ENSG00000108679.12	chr17_78979964_G_A_b38	chr17_78986431_T_C_b38	0.0154288550242307
ENSG00000108679.12	chr17_78979964_G_A_b38	chr17_78983573_G_A_b38	-0.000277339872715588
ENSG00000108679.12	chr17_78979964_G_A_b38	chr17_78980335_T_C_b38	-0.00119694050329889
ENSG00000108679.12	chr17_78979964_G_A_b38	chr17_78979651_C_T_b38	0.0227126758918667
ENSG00000108679.12	chr17_78979964_G_A_b38	chr17_78945868_C_T_b38	-0.00121153733870497
ENSG00000108679.12	chr17_78967035_C_T_b38	chr17_78967035_C_T_b38	0.0403873583064333
ENSG00000108679.12	chr17_78967035_C_T_b38	chr17_78986431_T_C_b38	-0.0089520306283312
ENSG00000108679.12	chr17_78967035_C_T_b38	chr17_78983573_G_A_b38	-0.00332182268598453
ENSG00000108679.12	chr17_78967035_C_T_b38	chr17_78980335_T_C_b38	-0.0357518204339015
ENSG00000108679.12	chr17_78967035_C_T_b38	chr17_78979651_C_T_b38	0.00065685759327378
ENSG00000108679.12	chr17_78967035_C_T_b38	chr17_78945868_C_T_b38	0.00974025974025974
ENSG00000108679.12	chr17_78986431_T_C_b38	chr17_78986431_T_C_b38	0.326055768252299
ENSG00000108679.12	chr17_78986431_T_C_b38	chr17_78983573_G_A_b38	0.0626475323007113
ENSG00000108679.12	chr17_78986431_T_C_b38	chr17_78980335_T_C_b38	-0.0026065777510864
ENSG00000108679.12	chr17_78986431_T_C_b38	chr17_78979651_C_T_b38	0.0154288550242307
ENSG00000108679.12	chr17_78986431_T_C_b38	chr17_78945868_C_T_b38	0.0888300844948244
ENSG00000108679.12	chr17_78983573_G_A_b38	chr17_78983573_G_A_b38	0.0808914912961153
ENSG00000108679.12	chr17_78983573_G_A_b38	chr17_78980335_T_C_b38	0.00569068054617186
ENSG00000108679.12	chr17_78983573_G_A_b38	chr17_78979651_C_T_b38	-0.000277339872715588
ENSG00000108679.12	chr17_78983573_G_A_b38	chr17_78945868_C_T_b38	0.0439239629991074
ENSG00000108679.12	chr17_78980335_T_C_b38	chr17_78980335_T_C_b38	0.0796903802684151
ENSG00000108679.12	chr17_78980335_T_C_b38	chr17_78979651_C_T_b38	-0.00119694050329889
ENSG00000108679.12	chr17_78980335_T_C_b38	chr17_78945868_C_T_b38	-0.0127346962607078
ENSG00000108679.12	chr17_78979651_C_T_b38	chr17_78979651_C_T_b38	0.0227126758918667
ENSG00000108679.12	chr17_78979651_C_T_b38	chr17_78945868_C_T_b38	-0.00121153733870497
ENSG00000108679.12	chr17_78945868_C_T_b38	chr17_78945868_C_T_b38	0.318611382195197
ENSG00000171302.16	chr17_78916790_G_A_b38	chr17_78916790_G_A_b38	0.0695059596793699
ENSG00000171302.16	chr17_78916790_G_A_b38	chr17_78995342_C_A_b38	0.0175891866643311
ENSG00000171302.16	chr17_78916790_G_A_b38	chr17_79007275_C_T_b38	-0.00850161399294345
ENSG00000171302.16	chr17_78916790_G_A_b38	chr17_79001096_T_A_b38	-0.00607853931553352
ENSG00000171302.16	chr17_78916790_G_A_b38	chr17_78986431_T_C_b38	0.00363252675391402
ENSG00000171302.16	chr17_78916790_G_A_b38	chr17_79000368_G_A_b38	-0.00213322323148913
ENSG00000171302.16	chr17_78916790_G_A_b38	chr17_79009756_T_C_b38	-0.00868303180441909
ENSG00000171302.16	chr17_78916790_G_A_b38	chr17_78989270_A_G_b38	-0.0062954065844239
ENSG00000171302.16	chr17_78916790_G_A_b38	chr17_79000107_T_C_b38	-0.00639758443226654
ENSG00000171302.16	chr17_78916790_G_A_b38	chr17_79000426_C_A_b38	-0.00607853931553352
ENSG00000171302.16	chr17_78916790_G_A_b38	chr17_79006307_C_T_b38	-0.00839318035849827
ENSG00000171302.16	chr17_78916790_G_A_b38	chr17_78997464_A_G_b38	0.00189341807838917
ENSG00000171302.16	chr17_78916790_G_A_b38	chr17_79000448_G_A_b38	0.000865383813360702
ENSG00000171302.16	chr17_78916790_G_A_b38	chr17_78988640_A_G_b38	-0.00640384021886912
ENSG00000171302.16	chr17_78916790_G_A_b38	chr17_78992703_G_A_b38	0.0134687085554138
ENSG00000171302.16	chr17_78916790_G_A_b38	chr17_79008160_C_CAG_b38	0.00869345811542343
ENSG00000171302.16	chr17_78916790_G_A_b38	chr17_78990581_C_T_b38	-0.00520898497777111
ENSG00000171302.16	chr17_78916790_G_A_b38	chr17_78992980_C_T_b38	0.0134687085554138
ENSG00000171302.16	chr17_78916790_G_A_b38	chr17_79005564_G_A_b38	-0.00839318035849827
ENSG00000171302.16	chr17_78916790_G_A_b38	chr17_78997815_C_T_b38	0.0134687085554138
ENSG00000171302.16	chr17_78916790_G_A_b38	chr17_79000745_C_T_b38	0.0198662929876804
ENSG00000171302.16	chr17_78916790_G_A_b38	chr17_79002072_T_C_b38	-0.00752362602073583
ENSG00000171302.16	chr17_78995342_C_A_b38	chr17_78995342_C_A_b38	0.125795527529632
ENSG00000171302.16	chr17_78995342_C_A_b38	chr17_79007275_C_T_b38	-0.0181292695743563
ENSG00000171302.16	chr17_78995342_C_A_b38	chr17_79001096_T_A_b38	-0.018946692357097
ENSG00000171302.16	chr17_78995342_C_A_b38	chr17_78986431_T_C_b38	0.0273106790447831
ENSG00000171302.16	chr17_78995342_C_A_b38	chr17_79000368_G_A_b38	-0.00481695568400773
ENSG00000171302.16	chr17_78995342_C_A_b38	chr17_79009756_T_C_b38	0.0079260816255036
ENSG00000171302.16	chr17_78995342_C_A_b38	chr17_78989270_A_G_b38	-0.0178811233724529
ENSG00000171302.16	chr17_78995342_C_A_b38	chr17_79000107_T_C_b38	-0.00108016582005025
ENSG00000171302.16	chr17_78995342_C_A_b38	chr17_79000426_C_A_b38	-0.018946692357097
ENSG00000171302.16	chr17_78995342_C_A_b38	chr17_79024726_A_G_b38	0.00232089682956746
ENSG00000171302.16	chr17_78995342_C_A_b38	chr17_79006307_C_T_b38	-0.0179395107140772
ENSG00000171302.16	chr17_78995342_C_A_b38	chr17_78997464_A_G_b38	0.0640071232556783
ENSG00000171302.16	chr17_78995342_C_A_b38	chr17_79000448_G_A_b38	0.0430606644479478
ENSG00000171302.16	chr17_78995342_C_A_b38	chr17_78988640_A_G_b38	-0.0180708822327319
ENSG00000171302.16	chr17_78995342_C_A_b38	chr17_78992703_G_A_b38	0.0940182168505866
ENSG00000171302.16	chr17_78995342_C_A_b38	chr17_79008160_C_CAG_b38	0.0733782915863841
ENSG00000171302.16	chr17_78995342_C_A_b38	chr17_78990581_C_T_b38	0.0421848543235825
ENSG00000171302.16	chr17_78995342_C_A_b38	chr17_78992980_C_T_b38	0.0940182168505866
ENSG00000171302.16	chr17_78995342_C_A_b38	chr17_79005564_G_A_b38	-0.0179395107140772
ENSG00000171302.16	chr17_78995342_C_A_b38	chr17_78997815_C_T_b38	0.0940182168505866
ENSG00000171302.16	chr17_78995342_C_A_b38	chr17_79000745_C_T_b38	0.0950983826706367
ENSG00000171302.16	chr17_78995342_C_A_b38	chr17_79002072_T_C_b38	-0.018946692357097
ENSG00000171302.16	chr17_79007275_C_T_b38	chr17_79007275_C_T_b38	0.26293071090759
ENSG00000171302.16	chr17_79007275_C_T_b38	chr17_79001096_T_A_b38	0.196325350949629
ENSG00000171302.16	chr17_79007275_C_T_b38	chr17_78986431_T_C_b38	0.207191652278358
ENSG00000171302.16	chr17_79007275_C_T_b38	chr17_79000368_G_A_b38	0.0264244426094137
ENSG00000171302.16	chr17_79007275_C_T_b38	chr17_79009756_T_C_b38	0.18363861571954
ENSG00000171302.16	chr17_79007275_C_T_b38	chr17_78989270_A_G_b38	0.193941896254035
ENSG00000171302.16	chr17_79007275_C_T_b38	chr17_79000107_T_C_b38	-0.0161211620749193
ENSG00000171302.16	chr17_79007275_C_T_b38	chr17_79000426_C_A_b38	0.196325350949629
ENSG00000171302.16	chr17_79007275_C_T_b38	chr17_79024726_A_G_b38	0.125347196156445
ENSG00000171302.16	chr17_79007275_C_T_b38	chr17_79006307_C_T_b38	0.261954808197583
ENSG00000171302.16	chr17_79007275_C_T_b38	chr17_78997464_A_G_b38	0.193941896254035
ENSG00000171302.16	chr17_79007275_C_T_b38	chr17_79000448_G_A_b38	-0.00489828090984157
ENSG00000171302.16	chr17_79007275_C_T_b38	chr17_78988640_A_G_b38	0.194917798964042
ENSG00000171302.16	chr17_79007275_C_T_b38	chr17_78992703_G_A_b38	-0.0272877411605735
ENSG00000171302.16	chr17_79007275_C_T_b38	chr17_79008160_C_CAG_b38	0.194880264244426
ENSG00000171302.16	chr17_79007275_C_T_b38	chr17_78990581_C_T_b38	0.00930861046467983
ENSG00000171302.16	chr17_79007275_C_T_b38	chr17_78992980_C_T_b38	-0.0272877411605735
ENSG00000171302.16	chr17_79007275_C_T_b38	chr17_79005564_G_A_b38	0.261954808197583
ENSG00000171302.16	chr17_79007275_C_T_b38	chr17_78997815_C_T_b38	-0.0272877411605735
ENSG00000171302.16	chr17_79007275_C_T_b38	chr17_79000745_C_T_b38	-0.0111665790856542
ENSG00000171302.16	chr17_79007275_C_T_b38	chr17_79002072_T_C_b38	0.197770437654831
ENSG00000171302.16	chr17_79001096_T_A_b38	chr17_79001096_T_A_b38	0.21864391228553
ENSG00000171302.16	chr17_79001096_T_A_b38	chr17_78986431_T_C_b38	0.1842600238554
ENSG00000171302.16	chr17_79001096_T_A_b38	chr17_79000368_G_A_b38	-0.00922102945224332
ENSG00000171302.16	chr17_79001096_T_A_b38	chr17_79009756_T_C_b38	0.173479218276906
ENSG00000171302.16	chr17_79001096_T_A_b38	chr17_78989270_A_G_b38	0.216464813285623
ENSG00000171302.16	chr17_79001096_T_A_b38	chr17_79000107_T_C_b38	-0.0129828424626113
ENSG00000171302.16	chr17_79001096_T_A_b38	chr17_79000426_C_A_b38	0.21864391228553
ENSG00000171302.16	chr17_79001096_T_A_b38	chr17_79024726_A_G_b38	0.131434076520781
ENSG00000171302.16	chr17_79001096_T_A_b38	chr17_79006307_C_T_b38	0.196692357096982
ENSG00000171302.16	chr17_79001096_T_A_b38	chr17_78997464_A_G_b38	0.177929167813561
ENSG00000171302.16	chr17_79001096_T_A_b38	chr17_79000448_G_A_b38	-0.00162858977887879
ENSG00000171302.16	chr17_79001096_T_A_b38	chr17_78988640_A_G_b38	0.217542893843472
ENSG00000171302.16	chr17_79001096_T_A_b38	chr17_78992703_G_A_b38	-0.0256674924304983
ENSG00000171302.16	chr17_79001096_T_A_b38	chr17_79008160_C_CAG_b38	0.184604092118543
ENSG00000171302.16	chr17_79001096_T_A_b38	chr17_78990581_C_T_b38	-0.0253004862831452
ENSG00000171302.16	chr17_79001096_T_A_b38	chr17_78992980_C_T_b38	-0.0256674924304983
ENSG00000171302.16	chr17_79001096_T_A_b38	chr17_79005564_G_A_b38	0.196692357096982
ENSG00000171302.16	chr17_79001096_T_A_b38	chr17_78997815_C_T_b38	-0.0256674924304983
ENSG00000171302.16	chr17_79001096_T_A_b38	chr17_79000745_C_T_b38	-0.012684649967887
ENSG00000171302.16	chr17_79001096_T_A_b38	chr17_79002072_T_C_b38	0.215753738875126
ENSG00000171302.16	chr17_78986431_T_C_b38	chr17_78986431_T_C_b38	0.326055768252299
ENSG00000171302.16	chr17_78986431_T_C_b38	chr17_79000368_G_A_b38	0.0304844481145059
ENSG00000171302.16	chr17_78986431_T_C_b38	chr17_79009756_T_C_b38	0.188730826014063
ENSG00000171302.16	chr17_78986431_T_C_b38	chr17_78989270_A_G_b38	0.182954649717656
ENSG00000171302.16	chr17_78986431_T_C_b38	chr17_79000107_T_C_b38	0.0626475323007113
ENSG00000171302.16	chr17_78986431_T_C_b38	chr17_79000426_C_A_b38	0.1842600238554
ENSG00000171302.16	chr17_78986431_T_C_b38	chr17_79024726_A_G_b38	0.130370592798338
ENSG00000171302.16	chr17_78986431_T_C_b38	chr17_79006307_C_T_b38	0.207844339347229
ENSG00000171302.16	chr17_78986431_T_C_b38	chr17_78997464_A_G_b38	0.302415150681047
ENSG00000171302.16	chr17_78986431_T_C_b38	chr17_79000448_G_A_b38	-0.00499003244667981
ENSG00000171302.16	chr17_78986431_T_C_b38	chr17_78988640_A_G_b38	0.185192136059188
ENSG00000171302.16	chr17_78986431_T_C_b38	chr17_78992703_G_A_b38	0.0993293796762005
ENSG00000171302.16	chr17_78986431_T_C_b38	chr17_79008160_C_CAG_b38	0.199032021286357
ENSG00000171302.16	chr17_78986431_T_C_b38	chr17_78990581_C_T_b38	0.0927566332190612
ENSG00000171302.16	chr17_78986431_T_C_b38	chr17_78992980_C_T_b38	0.0993293796762005
ENSG00000171302.16	chr17_78986431_T_C_b38	chr17_79005564_G_A_b38	0.207844339347229
ENSG00000171302.16	chr17_78986431_T_C_b38	chr17_78997815_C_T_b38	0.0993293796762005
ENSG00000171302.16	chr17_78986431_T_C_b38	chr17_79000745_C_T_b38	0.0366818473754891
ENSG00000171302.16	chr17_78986431_T_C_b38	chr17_79002072_T_C_b38	0.179924763739793
ENSG00000171302.16	chr17_79000368_G_A_b38	chr17_79000368_G_A_b38	0.0454170107349298
ENSG00000171302.16	chr17_79000368_G_A_b38	chr17_79009756_T_C_b38	0.0022708505367465
ENSG00000171302.16	chr17_79000368_G_A_b38	chr17_78989270_A_G_b38	-0.00935865675750068
ENSG00000171302.16	chr17_79000368_G_A_b38	chr17_79000107_T_C_b38	-0.00406000550509221
ENSG00000171302.16	chr17_79000368_G_A_b38	chr17_79000426_C_A_b38	-0.00922102945224332
ENSG00000171302.16	chr17_79000368_G_A_b38	chr17_79024726_A_G_b38	-0.00805119735755576
ENSG00000171302.16	chr17_79000368_G_A_b38	chr17_79006307_C_T_b38	0.0264932562620423
ENSG00000171302.16	chr17_79000368_G_A_b38	chr17_78997464_A_G_b38	0.0253234241673547
ENSG00000171302.16	chr17_79000368_G_A_b38	chr17_79000448_G_A_b38	-0.00220203688411781
ENSG00000171302.16	chr17_79000368_G_A_b38	chr17_78988640_A_G_b38	-0.00942747041012935
ENSG00000171302.16	chr17_79000368_G_A_b38	chr17_78992703_G_A_b38	-0.00743187448389759
ENSG00000171302.16	chr17_79000368_G_A_b38	chr17_79008160_C_CAG_b38	-0.0116295072942472
ENSG00000171302.16	chr17_79000368_G_A_b38	chr17_78990581_C_T_b38	0.0388797137352049
ENSG00000171302.16	chr17_79000368_G_A_b38	chr17_78992980_C_T_b38	-0.00743187448389759
ENSG00000171302.16	chr17_79000368_G_A_b38	chr17_79005564_G_A_b38	0.0264932562620423
ENSG00000171302.16	chr17_79000368_G_A_b38	chr17_78997815_C_T_b38	-0.00743187448389759
ENSG00000171302.16	chr17_79000368_G_A_b38	chr17_79000745_C_T_b38	-0.00337186897880539
ENSG00000171302.16	chr17_79000368_G_A_b38	chr17_79002072_T_C_b38	-0.00922102945224332
ENSG00000171302.16	chr17_79009756_T_C_b38	chr17_79009756_T_C_b38	0.270062307634561
ENSG00000171302.16	chr17_79009756_T_C_b38	chr17_78989270_A_G_b38	0.176813552536095
ENSG00000171302.16	chr17_79009756_T_C_b38	chr17_79000107_T_C_b38	-0.0078510121862723
ENSG00000171302.16	chr17_79009756_T_C_b38	chr17_79000426_C_A_b38	0.173479218276906
ENSG00000171302.16	chr17_79009756_T_C_b38	chr17_79024726_A_G_b38	0.188424292470535
ENSG00000171302.16	chr17_79009756_T_C_b38	chr17_79006307_C_T_b38	0.184139078647749
ENSG00000171302.16	chr17_79009756_T_C_b38	chr17_78997464_A_G_b38	0.182593899356905
ENSG00000171302.16	chr17_79009756_T_C_b38	chr17_79000448_G_A_b38	-0.00445412006105648
ENSG00000171302.16	chr17_79009756_T_C_b38	chr17_78988640_A_G_b38	0.17775817631309
ENSG00000171302.16	chr17_79009756_T_C_b38	chr17_78992703_G_A_b38	0.0048044441108025
ENSG00000171302.16	chr17_79009756_T_C_b38	chr17_79008160_C_CAG_b38	0.182631434076521
ENSG00000171302.16	chr17_79009756_T_C_b38	chr17_78990581_C_T_b38	-0.00625578660260741
ENSG00000171302.16	chr17_79009756_T_C_b38	chr17_78992980_C_T_b38	0.0048044441108025
ENSG00000171302.16	chr17_79009756_T_C_b38	chr17_79005564_G_A_b38	0.184139078647749
ENSG00000171302.16	chr17_79009756_T_C_b38	chr17_78997815_C_T_b38	0.0048044441108025
ENSG00000171302.16	chr17_79009756_T_C_b38	chr17_79000745_C_T_b38	0.0126554562970748
ENSG00000171302.16	chr17_79009756_T_C_b38	chr17_79002072_T_C_b38	0.174924304982108
ENSG00000171302.16	chr17_78989270_A_G_b38	chr17_78989270_A_G_b38	0.220057720057721
ENSG00000171302.16	chr17_78989270_A_G_b38	chr17_79000107_T_C_b38	-0.0132289034023138
ENSG00000171302.16	chr17_78989270_A_G_b38	chr17_79000426_C_A_b38	0.216464813285623
ENSG00000171302.16	chr17_78989270_A_G_b38	chr17_79024726_A_G_b38	0.134931061231639
ENSG00000171302.16	chr17_78989270_A_G_b38	chr17_79006307_C_T_b38	0.194313072925789
ENSG00000171302.16	chr17_78989270_A_G_b38	chr17_78997464_A_G_b38	0.180558683448857
ENSG00000171302.16	chr17_78989270_A_G_b38	chr17_79000448_G_A_b38	-0.00176204655973441
ENSG00000171302.16	chr17_78989270_A_G_b38	chr17_78988640_A_G_b38	0.219686543385964
ENSG00000171302.16	chr17_78989270_A_G_b38	chr17_78992703_G_A_b38	-0.0247604033731202
ENSG00000171302.16	chr17_78989270_A_G_b38	chr17_79008160_C_CAG_b38	0.187884209560509
ENSG00000171302.16	chr17_78989270_A_G_b38	chr17_78990581_C_T_b38	-0.0258343134065677
ENSG00000171302.16	chr17_78989270_A_G_b38	chr17_78992980_C_T_b38	-0.0247604033731202
ENSG00000171302.16	chr17_78989270_A_G_b38	chr17_79005564_G_A_b38	0.194313072925789
ENSG00000171302.16	chr17_78989270_A_G_b38	chr17_78997815_C_T_b38	-0.0247604033731202
ENSG00000171302.16	chr17_78989270_A_G_b38	chr17_79000745_C_T_b38	-0.0115314999708063
ENSG00000171302.16	chr17_78989270_A_G_b38	chr17_79002072_T_C_b38	0.213574639875219
ENSG00000171302.16	chr17_79000107_T_C_b38	chr17_79000107_T_C_b38	0.0808914912961153
ENSG00000171302.16	chr17_79000107_T_C_b38	chr17_79000426_C_A_b38	-0.0129828424626113
ENSG00000171302.16	chr17_79000107_T_C_b38	chr17_79024726_A_G_b38	-0.00449791056727471
ENSG00000171302.16	chr17_79000107_T_C_b38	chr17_79006307_C_T_b38	-0.015998131605068
ENSG00000171302.16	chr17_79000107_T_C_b38	chr17_78997464_A_G_b38	0.056616954015798
ENSG00000171302.16	chr17_79000107_T_C_b38	chr17_79000448_G_A_b38	0.000398285080365984
ENSG00000171302.16	chr17_79000107_T_C_b38	chr17_78988640_A_G_b38	-0.0119068471669628
ENSG00000171302.16	chr17_79000107_T_C_b38	chr17_78992703_G_A_b38	0.0809498786377396
ENSG00000171302.16	chr17_79000107_T_C_b38	chr17_79008160_C_CAG_b38	-0.0123405817047435
ENSG00000171302.16	chr17_79000107_T_C_b38	chr17_78990581_C_T_b38	0.0781827356971864
ENSG00000171302.16	chr17_79000107_T_C_b38	chr17_78992980_C_T_b38	0.0809498786377396
ENSG00000171302.16	chr17_79000107_T_C_b38	chr17_79005564_G_A_b38	-0.015998131605068
ENSG00000171302.16	chr17_79000107_T_C_b38	chr17_78997815_C_T_b38	0.0809498786377396
ENSG00000171302.16	chr17_79000107_T_C_b38	chr17_79000745_C_T_b38	5.83873416243269e-05
ENSG00000171302.16	chr17_79000107_T_C_b38	chr17_79002072_T_C_b38	-0.0144279291678136
ENSG00000171302.16	chr17_79000426_C_A_b38	chr17_79000426_C_A_b38	0.21864391228553
ENSG00000171302.16	chr17_79000426_C_A_b38	chr17_79024726_A_G_b38	0.131434076520781
ENSG00000171302.16	chr17_79000426_C_A_b38	chr17_79006307_C_T_b38	0.196692357096982
ENSG00000171302.16	chr17_79000426_C_A_b38	chr17_78997464_A_G_b38	0.177929167813561
ENSG00000171302.16	chr17_79000426_C_A_b38	chr17_79000448_G_A_b38	-0.00162858977887879
ENSG00000171302.16	chr17_79000426_C_A_b38	chr17_78988640_A_G_b38	0.217542893843472
ENSG00000171302.16	chr17_79000426_C_A_b38	chr17_78992703_G_A_b38	-0.0256674924304983
ENSG00000171302.16	chr17_79000426_C_A_b38	chr17_79008160_C_CAG_b38	0.184604092118543
ENSG00000171302.16	chr17_79000426_C_A_b38	chr17_78990581_C_T_b38	-0.0253004862831452
ENSG00000171302.16	chr17_79000426_C_A_b38	chr17_78992980_C_T_b38	-0.0256674924304983
ENSG00000171302.16	chr17_79000426_C_A_b38	chr17_79005564_G_A_b38	0.196692357096982
ENSG00000171302.16	chr17_79000426_C_A_b38	chr17_78997815_C_T_b38	-0.0256674924304983
ENSG00000171302.16	chr17_79000426_C_A_b38	chr17_79000745_C_T_b38	-0.012684649967887
ENSG00000171302.16	chr17_79000426_C_A_b38	chr17_79002072_T_C_b38	0.215753738875126
ENSG00000171302.16	chr17_79024726_A_G_b38	chr17_79024726_A_G_b38	0.246678177314016
ENSG00000171302.16	chr17_79024726_A_G_b38	chr17_79006307_C_T_b38	0.125766333858819
ENSG00000171302.16	chr17_79024726_A_G_b38	chr17_78997464_A_G_b38	0.121925280884819
ENSG00000171302.16	chr17_79024726_A_G_b38	chr17_79000448_G_A_b38	-0.00763205965518104
ENSG00000171302.16	chr17_79024726_A_G_b38	chr17_78988640_A_G_b38	0.135957010234467
ENSG00000171302.16	chr17_79024726_A_G_b38	chr17_78992703_G_A_b38	0.000844531191352023
ENSG00000171302.16	chr17_79024726_A_G_b38	chr17_79008160_C_CAG_b38	0.148293421414809
ENSG00000171302.16	chr17_79024726_A_G_b38	chr17_78990581_C_T_b38	-0.0218577183895103
ENSG00000171302.16	chr17_79024726_A_G_b38	chr17_78992980_C_T_b38	0.000844531191352023
ENSG00000171302.16	chr17_79024726_A_G_b38	chr17_79005564_G_A_b38	0.125766333858819
ENSG00000171302.16	chr17_79024726_A_G_b38	chr17_78997815_C_T_b38	0.000844531191352023
ENSG00000171302.16	chr17_79024726_A_G_b38	chr17_79000745_C_T_b38	0.00534244175862671
ENSG00000171302.16	chr17_79024726_A_G_b38	chr17_79002072_T_C_b38	0.132879163225984
ENSG00000171302.16	chr17_79006307_C_T_b38	chr17_79006307_C_T_b38	0.262421906930578
ENSG00000171302.16	chr17_79006307_C_T_b38	chr17_78997464_A_G_b38	0.19479476849419
ENSG00000171302.16	chr17_79006307_C_T_b38	chr17_79000448_G_A_b38	-0.00483155251941381
ENSG00000171302.16	chr17_79006307_C_T_b38	chr17_78988640_A_G_b38	0.195291060897997
ENSG00000171302.16	chr17_79006307_C_T_b38	chr17_78992703_G_A_b38	-0.0270187423366614
ENSG00000171302.16	chr17_79006307_C_T_b38	chr17_79008160_C_CAG_b38	0.195407835581246
ENSG00000171302.16	chr17_79006307_C_T_b38	chr17_78990581_C_T_b38	0.00957552402639108
ENSG00000171302.16	chr17_79006307_C_T_b38	chr17_78992980_C_T_b38	-0.0270187423366614
ENSG00000171302.16	chr17_79006307_C_T_b38	chr17_79005564_G_A_b38	0.262421906930578
ENSG00000171302.16	chr17_79006307_C_T_b38	chr17_78997815_C_T_b38	-0.0270187423366614
ENSG00000171302.16	chr17_79006307_C_T_b38	chr17_79000745_C_T_b38	-0.0110206107315934
ENSG00000171302.16	chr17_79006307_C_T_b38	chr17_79002072_T_C_b38	0.198137443802184
ENSG00000171302.16	chr17_78997464_A_G_b38	chr17_78997464_A_G_b38	0.404065427186815
ENSG00000171302.16	chr17_78997464_A_G_b38	chr17_79000448_G_A_b38	0.0362919033439266
ENSG00000171302.16	chr17_78997464_A_G_b38	chr17_78988640_A_G_b38	0.182595984619106
ENSG00000171302.16	chr17_78997464_A_G_b38	chr17_78992703_G_A_b38	0.131308960788729
ENSG00000171302.16	chr17_78997464_A_G_b38	chr17_79008160_C_CAG_b38	0.233645288558584
ENSG00000171302.16	chr17_78997464_A_G_b38	chr17_78990581_C_T_b38	0.122046226092469
ENSG00000171302.16	chr17_78997464_A_G_b38	chr17_78992980_C_T_b38	0.131308960788729
ENSG00000171302.16	chr17_78997464_A_G_b38	chr17_79005564_G_A_b38	0.19479476849419
ENSG00000171302.16	chr17_78997464_A_G_b38	chr17_78997815_C_T_b38	0.131308960788729
ENSG00000171302.16	chr17_78997464_A_G_b38	chr17_79000745_C_T_b38	0.0746920067729318
ENSG00000171302.16	chr17_78997464_A_G_b38	chr17_79002072_T_C_b38	0.173593907697954
ENSG00000171302.16	chr17_79000448_G_A_b38	chr17_79000448_G_A_b38	0.0469976394831886
ENSG00000171302.16	chr17_79000448_G_A_b38	chr17_78988640_A_G_b38	-0.00182877495016219
ENSG00000171302.16	chr17_79000448_G_A_b38	chr17_78992703_G_A_b38	0.0448602457272975
ENSG00000171302.16	chr17_79000448_G_A_b38	chr17_79008160_C_CAG_b38	0.0423662721350582
ENSG00000171302.16	chr17_79000448_G_A_b38	chr17_78990581_C_T_b38	0.0449269741177253
ENSG00000171302.16	chr17_79000448_G_A_b38	chr17_78992980_C_T_b38	0.0448602457272975
ENSG00000171302.16	chr17_79000448_G_A_b38	chr17_79005564_G_A_b38	-0.00483155251941381
ENSG00000171302.16	chr17_79000448_G_A_b38	chr17_78997815_C_T_b38	0.0448602457272975
ENSG00000171302.16	chr17_79000448_G_A_b38	chr17_79000745_C_T_b38	0.0444619606469318
ENSG00000171302.16	chr17_79000448_G_A_b38	chr17_79002072_T_C_b38	-0.00162858977887879
ENSG00000171302.16	chr17_78988640_A_G_b38	chr17_78988640_A_G_b38	0.220758368157213
ENSG00000171302.16	chr17_78988640_A_G_b38	chr17_78992703_G_A_b38	-0.02358431549183
ENSG00000171302.16	chr17_78988640_A_G_b38	chr17_79008160_C_CAG_b38	0.188801724928893
ENSG00000171302.16	chr17_78988640_A_G_b38	chr17_78990581_C_T_b38	-0.0246561402630766
ENSG00000171302.16	chr17_78988640_A_G_b38	chr17_78992980_C_T_b38	-0.02358431549183
ENSG00000171302.16	chr17_78988640_A_G_b38	chr17_79005564_G_A_b38	0.195291060897997
ENSG00000171302.16	chr17_78988640_A_G_b38	chr17_78997815_C_T_b38	-0.02358431549183
ENSG00000171302.16	chr17_78988640_A_G_b38	chr17_79000745_C_T_b38	-0.0116774683248672
ENSG00000171302.16	chr17_78988640_A_G_b38	chr17_79002072_T_C_b38	0.214652720433067
ENSG00000171302.16	chr17_78992703_G_A_b38	chr17_78992703_G_A_b38	0.177726897380077
ENSG00000171302.16	chr17_78992703_G_A_b38	chr17_79008160_C_CAG_b38	0.0677814478392513
ENSG00000171302.16	chr17_78992703_G_A_b38	chr17_78990581_C_T_b38	0.124527688111503
ENSG00000171302.16	chr17_78992703_G_A_b38	chr17_78992980_C_T_b38	0.177726897380077
ENSG00000171302.16	chr17_78992703_G_A_b38	chr17_79005564_G_A_b38	-0.0270187423366614
ENSG00000171302.16	chr17_78992703_G_A_b38	chr17_78997815_C_T_b38	0.177726897380077
ENSG00000171302.16	chr17_78992703_G_A_b38	chr17_79000745_C_T_b38	0.0967770187423362
ENSG00000171302.16	chr17_78992703_G_A_b38	chr17_79002072_T_C_b38	-0.0271125791357006
ENSG00000171302.16	chr17_79008160_C_CAG_b38	chr17_78990581_C_T_b38	0.016285897788788
ENSG00000171302.16	chr17_79008160_C_CAG_b38	chr17_78992980_C_T_b38	0.0677814478392513
ENSG00000171302.16	chr17_79008160_C_CAG_b38	chr17_79005564_G_A_b38	0.195407835581246
ENSG00000171302.16	chr17_79008160_C_CAG_b38	chr17_78997815_C_T_b38	0.0677814478392513
ENSG00000171302.16	chr17_79008160_C_CAG_b38	chr17_79000745_C_T_b38	0.080122029543995
ENSG00000171302.16	chr17_79008160_C_CAG_b38	chr17_79002072_T_C_b38	0.186049178823745
ENSG00000171302.16	chr17_78990581_C_T_b38	chr17_78990581_C_T_b38	0.168147202829283
ENSG00000171302.16	chr17_78990581_C_T_b38	chr17_78992980_C_T_b38	0.124527688111503
ENSG00000171302.16	chr17_78990581_C_T_b38	chr17_79005564_G_A_b38	0.00957552402639108
ENSG00000171302.16	chr17_78990581_C_T_b38	chr17_78997815_C_T_b38	0.124527688111503
ENSG00000171302.16	chr17_78990581_C_T_b38	chr17_79000745_C_T_b38	0.0463449524143167
ENSG00000171302.16	chr17_78990581_C_T_b38	chr17_79002072_T_C_b38	-0.0267455729883475
ENSG00000171302.16	chr17_78992980_C_T_b38	chr17_78992980_C_T_b38	0.177726897380077
ENSG00000171302.16	chr17_78992980_C_T_b38	chr17_79005564_G_A_b38	-0.0270187423366614
ENSG00000171302.16	chr17_78992980_C_T_b38	chr17_78997815_C_T_b38	0.177726897380077
ENSG00000171302.16	chr17_78992980_C_T_b38	chr17_79000745_C_T_b38	0.0967770187423362
ENSG00000171302.16	chr17_78992980_C_T_b38	chr17_79002072_T_C_b38	-0.0271125791357006
ENSG00000171302.16	chr17_79005564_G_A_b38	chr17_79005564_G_A_b38	0.262421906930578
ENSG00000171302.16	chr17_79005564_G_A_b38	chr17_78997815_C_T_b38	-0.0270187423366614
ENSG00000171302.16	chr17_79005564_G_A_b38	chr17_79000745_C_T_b38	-0.0110206107315934
ENSG00000171302.16	chr17_79005564_G_A_b38	chr17_79002072_T_C_b38	0.198137443802184
ENSG00000171302.16	chr17_78997815_C_T_b38	chr17_78997815_C_T_b38	0.177726897380077
ENSG00000171302.16	chr17_78997815_C_T_b38	chr17_79000745_C_T_b38	0.0967770187423362
ENSG00000171302.16	chr17_78997815_C_T_b38	chr17_79002072_T_C_b38	-0.0271125791357006
ENSG00000171302.16	chr17_79000745_C_T_b38	chr17_79000745_C_T_b38	0.096718631400712
ENSG00000171302.16	chr17_79000745_C_T_b38	chr17_79002072_T_C_b38	-0.012684649967887
ENSG00000171302.16	chr17_79002072_T_C_b38	chr17_79002072_T_C_b38	0.21864391228553
ENSG00000173918.14	chr17_79049426_A_G_b38	chr17_79049426_A_G_b38	0.331198024839643
ENSG00000173918.14	chr17_79049426_A_G_b38	chr17_79050922_A_G_b38	0.285270124865501
ENSG00000173918.14	chr17_79049426_A_G_b38	chr17_79022318_C_T_b38	-0.0328783291211037
ENSG00000173918.14	chr17_79049426_A_G_b38	chr17_79047492_T_C_b38	0.312664214398319
ENSG00000173918.14	chr17_79049426_A_G_b38	chr17_79061551_T_C_b38	0.268120928525552
ENSG00000173918.14	chr17_79049426_A_G_b38	chr17_79077484_G_A_b38	0.261398043189952
ENSG00000173918.14	chr17_79049426_A_G_b38	chr17_79046266_T_C_b38	0.276451551018025
ENSG00000173918.14	chr17_79049426_A_G_b38	chr17_79046636_C_T_b38	0.312864399569602
ENSG00000173918.14	chr17_79049426_A_G_b38	chr17_79023693_T_TGC_b38	-0.0197419682170642
ENSG00000173918.14	chr17_79049426_A_G_b38	chr17_79025226_T_C_b38	-0.03582063408653
ENSG00000173918.14	chr17_79049426_A_G_b38	chr17_79045490_T_C_b38	0.311071074076855
ENSG00000173918.14	chr17_79049426_A_G_b38	chr17_79009611_T_C_b38	0.00350741102186193
ENSG00000173918.14	chr17_79268690_T_C_b38	chr17_79268690_T_C_b38	0.213288958953699
ENSG00000173918.14	chr17_79050922_A_G_b38	chr17_79050922_A_G_b38	0.418399519555589
ENSG00000173918.14	chr17_79050922_A_G_b38	chr17_79022318_C_T_b38	0.0629770037284487
ENSG00000173918.14	chr17_79050922_A_G_b38	chr17_79047492_T_C_b38	0.278113504992117
ENSG00000173918.14	chr17_79050922_A_G_b38	chr17_79061551_T_C_b38	0.396297825488577
ENSG00000173918.14	chr17_79050922_A_G_b38	chr17_79077484_G_A_b38	0.229186997973126
ENSG00000173918.14	chr17_79050922_A_G_b38	chr17_79046266_T_C_b38	0.397805470059805
ENSG00000173918.14	chr17_79050922_A_G_b38	chr17_79046636_C_T_b38	0.274716612866901
ENSG00000173918.14	chr17_79050922_A_G_b38	chr17_79023693_T_TGC_b38	0.00953576023331115
ENSG00000173918.14	chr17_79050922_A_G_b38	chr17_79025226_T_C_b38	0.0725170782974251
ENSG00000173918.14	chr17_79050922_A_G_b38	chr17_79045490_T_C_b38	0.271970322548357
ENSG00000173918.14	chr17_79050922_A_G_b38	chr17_79009611_T_C_b38	0.0113229737507194
ENSG00000173918.14	chr17_79022318_C_T_b38	chr17_79022318_C_T_b38	0.175028568092152
ENSG00000173918.14	chr17_79022318_C_T_b38	chr17_79047492_T_C_b38	-0.0311350499211772
ENSG00000173918.14	chr17_79022318_C_T_b38	chr17_79061551_T_C_b38	0.103128727406184
ENSG00000173918.14	chr17_79022318_C_T_b38	chr17_79077484_G_A_b38	-0.028795385731802
ENSG00000173918.14	chr17_79022318_C_T_b38	chr17_79046266_T_C_b38	0.0629811742528505
ENSG00000173918.14	chr17_79022318_C_T_b38	chr17_79046636_C_T_b38	-0.031710582288617
ENSG00000173918.14	chr17_79022318_C_T_b38	chr17_79023693_T_TGC_b38	0.0879283164514425
ENSG00000173918.14	chr17_79022318_C_T_b38	chr17_79025226_T_C_b38	0.171264669819583
ENSG00000173918.14	chr17_79022318_C_T_b38	chr17_79045490_T_C_b38	-0.0311308793967754
ENSG00000173918.14	chr17_79022318_C_T_b38	chr17_79009611_T_C_b38	0.0150847867610873
ENSG00000173918.14	chr17_79047492_T_C_b38	chr17_79047492_T_C_b38	0.318444561219128
ENSG00000173918.14	chr17_79047492_T_C_b38	chr17_79061551_T_C_b38	0.273121387283237
ENSG00000173918.14	chr17_79047492_T_C_b38	chr17_79077484_G_A_b38	0.257750919600631
ENSG00000173918.14	chr17_79047492_T_C_b38	chr17_79046266_T_C_b38	0.283631108775618
ENSG00000173918.14	chr17_79047492_T_C_b38	chr17_79046636_C_T_b38	0.314240672622175
ENSG00000173918.14	chr17_79047492_T_C_b38	chr17_79023693_T_TGC_b38	-0.0194429847609038
ENSG00000173918.14	chr17_79047492_T_C_b38	chr17_79025226_T_C_b38	-0.0338938518129269
ENSG00000173918.14	chr17_79047492_T_C_b38	chr17_79045490_T_C_b38	0.312401471361008
ENSG00000173918.14	chr17_79047492_T_C_b38	chr17_79009611_T_C_b38	0.00197057277982133
ENSG00000173918.14	chr17_79061551_T_C_b38	chr17_79061551_T_C_b38	0.442150656023489
ENSG00000173918.14	chr17_79061551_T_C_b38	chr17_79077484_G_A_b38	0.225984035232591
ENSG00000173918.14	chr17_79061551_T_C_b38	chr17_79046266_T_C_b38	0.388980640425728
ENSG00000173918.14	chr17_79061551_T_C_b38	chr17_79046636_C_T_b38	0.269887145609688
ENSG00000173918.14	chr17_79061551_T_C_b38	chr17_79023693_T_TGC_b38	0.0487660137352505
ENSG00000173918.14	chr17_79061551_T_C_b38	chr17_79025226_T_C_b38	0.113680154142582
ENSG00000173918.14	chr17_79061551_T_C_b38	chr17_79045490_T_C_b38	0.26724928892559
ENSG00000173918.14	chr17_79061551_T_C_b38	chr17_79009611_T_C_b38	0.0149555005046334
ENSG00000173918.14	chr17_79077484_G_A_b38	chr17_79077484_G_A_b38	0.280046543052323
ENSG00000173918.14	chr17_79077484_G_A_b38	chr17_79046266_T_C_b38	0.224244926557066
ENSG00000173918.14	chr17_79077484_G_A_b38	chr17_79046636_C_T_b38	0.259120936866602
ENSG00000173918.14	chr17_79077484_G_A_b38	chr17_79023693_T_TGC_b38	-0.0164486201458078
ENSG00000173918.14	chr17_79077484_G_A_b38	chr17_79025226_T_C_b38	-0.0310036784025223
ENSG00000173918.14	chr17_79077484_G_A_b38	chr17_79045490_T_C_b38	0.260034281710583
ENSG00000173918.14	chr17_79077484_G_A_b38	chr17_79009611_T_C_b38	0.00314040487450894
ENSG00000173918.14	chr17_79046266_T_C_b38	chr17_79046266_T_C_b38	0.410396283228653
ENSG00000173918.14	chr17_79046266_T_C_b38	chr17_79046636_C_T_b38	0.280202937717388
ENSG00000173918.14	chr17_79046266_T_C_b38	chr17_79023693_T_TGC_b38	0.0104870712303248
ENSG00000173918.14	chr17_79046266_T_C_b38	chr17_79025226_T_C_b38	0.0726046593098616
ENSG00000173918.14	chr17_79046266_T_C_b38	chr17_79045490_T_C_b38	0.278880881482037
ENSG00000173918.14	chr17_79046266_T_C_b38	chr17_79009611_T_C_b38	0.00917932420822591
ENSG00000173918.14	chr17_79046636_C_T_b38	chr17_79046636_C_T_b38	0.314353276781022
ENSG00000173918.14	chr17_79046636_C_T_b38	chr17_79023693_T_TGC_b38	-0.0189673292623504
ENSG00000173918.14	chr17_79046636_C_T_b38	chr17_79025226_T_C_b38	-0.034419337887546
ENSG00000173918.14	chr17_79046636_C_T_b38	chr17_79045490_T_C_b38	0.312501563946652
ENSG00000173918.14	chr17_79046636_C_T_b38	chr17_79009611_T_C_b38	0.00155143507744662
ENSG00000173918.14	chr17_79023693_T_TGC_b38	chr17_79025226_T_C_b38	0.0837697283782289
ENSG00000173918.14	chr17_79023693_T_TGC_b38	chr17_79045490_T_C_b38	-0.018808777429406
ENSG00000173918.14	chr17_79023693_T_TGC_b38	chr17_79009611_T_C_b38	0.00741569572510667
ENSG00000173918.14	chr17_79025226_T_C_b38	chr17_79025226_T_C_b38	0.184708355228586
ENSG00000173918.14	chr17_79025226_T_C_b38	chr17_79045490_T_C_b38	-0.0338062708004905
ENSG00000173918.14	chr17_79025226_T_C_b38	chr17_79009611_T_C_b38	0.0147574005955508
ENSG00000173918.14	chr17_79045490_T_C_b38	chr17_79045490_T_C_b38	0.313531683473879
ENSG00000173918.14	chr17_79045490_T_C_b38	chr17_79009611_T_C_b38	0.00127200994253016
ENSG00000173918.14	chr17_79009611_T_C_b38	chr17_79009611_T_C_b38	0.0903502406392582
ENSG00000167280.16	chr17_79082324_C_G_b38	chr17_79082324_C_G_b38	0.109818248546572
ENSG00000167280.16	chr17_79082324_C_G_b38	chr17_78994720_C_T_b38	-0.00278591030036118
ENSG00000167280.16	chr17_79082324_C_G_b38	chr17_79074789_G_A_b38	-0.0192991016690438
ENSG00000167280.16	chr17_79082324_C_G_b38	chr17_79085031_A_G_b38	-0.0106640308952448
ENSG00000167280.16	chr17_79082324_C_G_b38	chr17_79081370_T_C_b38	0.107384747558158
ENSG00000167280.16	chr17_79082324_C_G_b38	chr17_79079549_C_T_b38	0.0630291352834705
ENSG00000167280.16	chr17_79082324_C_G_b38	chr17_79084514_C_T_b38	0.109818248546572
ENSG00000167280.16	chr17_79082324_C_G_b38	chr17_79082578_G_A_b38	0.107092810850037
ENSG00000167280.16	chr17_79082324_C_G_b38	chr17_79082027_A_G_b38	0.0989894819374588
ENSG00000167280.16	chr17_79082324_C_G_b38	chr17_79075180_A_AGGG_b38	-0.0015201561444336
ENSG00000167280.16	chr17_79082324_C_G_b38	chr17_79074958_C_A_b38	-0.013591739025265
ENSG00000167280.16	chr17_79082324_C_G_b38	chr17_79045586_A_G_b38	0.0527779863039977
ENSG00000167280.16	chr17_79082324_C_G_b38	chr17_79088572_G_T_b38	-0.0250877895386566
ENSG00000167280.16	chr17_79082324_C_G_b38	chr17_79083673_C_T_b38	-0.0146357037304692
ENSG00000167280.16	chr17_79082324_C_G_b38	chr17_79083494_A_G_b38	0.108994569977229
ENSG00000167280.16	chr17_79082324_C_G_b38	chr17_79082789_C_A_b38	-0.0144154175946084
ENSG00000167280.16	chr17_79082324_C_G_b38	chr17_79090252_C_T_b38	-0.00531741861221631
ENSG00000167280.16	chr17_79082324_C_G_b38	chr17_79056053_T_C_b38	-0.00993001860053886
ENSG00000167280.16	chr17_79082324_C_G_b38	chr17_79091949_T_G_b38	-0.00820759202262094
ENSG00000167280.16	chr17_79082324_C_G_b38	chr17_79074594_C_A_b38	-0.0179812159580946
ENSG00000167280.16	chr17_79082324_C_G_b38	chr17_79079591_A_G_b38	0.051518487934673
ENSG00000167280.16	chr17_79082324_C_G_b38	chr17_79077245_T_C_b38	0.0557202912694244
ENSG00000167280.16	chr17_79082324_C_G_b38	chr17_79074241_C_T_b38	0.0553470293354687
ENSG00000167280.16	chr17_79082324_C_G_b38	chr17_79087377_C_T_b38	-0.0147448890223457
ENSG00000167280.16	chr17_79082324_C_G_b38	chr17_79075173_C_A_b38	0.0566273803268023
ENSG00000167280.16	chr17_79082324_C_G_b38	chr17_79085706_G_A_b38	-0.0154038318778204
ENSG00000167280.16	chr17_79082324_C_G_b38	chr17_79082369_C_T_b38	-0.0109935023229821
ENSG00000167280.16	chr17_79082324_C_G_b38	chr17_79082873_T_C_b38	0.108994569977229
ENSG00000167280.16	chr17_79082324_C_G_b38	chr17_79089773_C_T_b38	-0.0209923345761496
ENSG00000167280.16	chr17_79082324_C_G_b38	chr17_79082453_C_T_b38	0.000433734537780787
ENSG00000167280.16	chr17_79082324_C_G_b38	chr17_79074920_C_G_b38	-0.0192991016690438
ENSG00000167280.16	chr17_79082324_C_G_b38	chr17_79080792_G_T_b38	-0.00402872657207918
ENSG00000167280.16	chr17_79082324_C_G_b38	chr17_79080118_GC_G_b38	0.0595175537372069
ENSG00000167280.16	chr17_79082324_C_G_b38	chr17_79000745_C_T_b38	-0.00141589303439013
ENSG00000167280.16	chr17_79082324_C_G_b38	chr17_79092126_A_G_b38	0.00298609547164462
ENSG00000167280.16	chr17_78994720_C_T_b38	chr17_78994720_C_T_b38	0.075286306500179
ENSG00000167280.16	chr17_78994720_C_T_b38	chr17_79074789_G_A_b38	0.0251983084353026
ENSG00000167280.16	chr17_78994720_C_T_b38	chr17_79085031_A_G_b38	-0.00542793750886234
ENSG00000167280.16	chr17_78994720_C_T_b38	chr17_79081370_T_C_b38	-0.00343651210703234
ENSG00000167280.16	chr17_78994720_C_T_b38	chr17_79079549_C_T_b38	-0.00318211011852629
ENSG00000167280.16	chr17_78994720_C_T_b38	chr17_79084514_C_T_b38	-0.00278591030036118
ENSG00000167280.16	chr17_78994720_C_T_b38	chr17_79082578_G_A_b38	-0.00267747666591596
ENSG00000167280.16	chr17_78994720_C_T_b38	chr17_79082027_A_G_b38	-0.00976736814887105
ENSG00000167280.16	chr17_78994720_C_T_b38	chr17_79075180_A_AGGG_b38	0.000938367990391104
ENSG00000167280.16	chr17_78994720_C_T_b38	chr17_79074958_C_A_b38	-0.00640384021886916
ENSG00000167280.16	chr17_78994720_C_T_b38	chr17_79045586_A_G_b38	-0.00365546463812359
ENSG00000167280.16	chr17_78994720_C_T_b38	chr17_79088572_G_T_b38	0.00940661778812066
ENSG00000167280.16	chr17_78994720_C_T_b38	chr17_79083673_C_T_b38	-0.00420083344986466
ENSG00000167280.16	chr17_78994720_C_T_b38	chr17_79083494_A_G_b38	-0.00332807847258715
ENSG00000167280.16	chr17_78994720_C_T_b38	chr17_79082789_C_A_b38	-0.0040558349806905
ENSG00000167280.16	chr17_78994720_C_T_b38	chr17_79090252_C_T_b38	-0.00434151590220956
ENSG00000167280.16	chr17_78994720_C_T_b38	chr17_79056053_T_C_b38	-0.00448748425627039
ENSG00000167280.16	chr17_78994720_C_T_b38	chr17_79091949_T_G_b38	-0.00578660260741186
ENSG00000167280.16	chr17_78994720_C_T_b38	chr17_79074594_C_A_b38	0.0275108642160665
ENSG00000167280.16	chr17_78994720_C_T_b38	chr17_79079591_A_G_b38	-0.0110331223047986
ENSG00000167280.16	chr17_78994720_C_T_b38	chr17_79077245_T_C_b38	-0.00791982583890096
ENSG00000167280.16	chr17_78994720_C_T_b38	chr17_79074241_C_T_b38	-0.00253150831185514
ENSG00000167280.16	chr17_78994720_C_T_b38	chr17_79087377_C_T_b38	-0.00427270224958093
ENSG00000167280.16	chr17_78994720_C_T_b38	chr17_79075173_C_A_b38	-0.001194855241098
ENSG00000167280.16	chr17_78994720_C_T_b38	chr17_79085706_G_A_b38	-0.00470643678736161
ENSG00000167280.16	chr17_78994720_C_T_b38	chr17_79082369_C_T_b38	-0.00708989148295505
ENSG00000167280.16	chr17_78994720_C_T_b38	chr17_79082873_T_C_b38	-0.00332807847258715
ENSG00000167280.16	chr17_78994720_C_T_b38	chr17_79089773_C_T_b38	0.00445620532325739
ENSG00000167280.16	chr17_78994720_C_T_b38	chr17_79082453_C_T_b38	-0.00253150831185515
ENSG00000167280.16	chr17_78994720_C_T_b38	chr17_79074920_C_G_b38	0.0251983084353025
ENSG00000167280.16	chr17_78994720_C_T_b38	chr17_79080792_G_T_b38	-0.00455421264669821
ENSG00000167280.16	chr17_78994720_C_T_b38	chr17_79080118_GC_G_b38	-0.00263994194630032
ENSG00000167280.16	chr17_78994720_C_T_b38	chr17_79000745_C_T_b38	0.0415425935657149
ENSG00000167280.16	chr17_78994720_C_T_b38	chr17_79092126_A_G_b38	-0.00697937258630901
ENSG00000167280.16	chr17_79074789_G_A_b38	chr17_79074789_G_A_b38	0.406313339839351
ENSG00000167280.16	chr17_79074789_G_A_b38	chr17_79085031_A_G_b38	0.136069614393314
ENSG00000167280.16	chr17_79074789_G_A_b38	chr17_79081370_T_C_b38	-0.0222831118784876
ENSG00000167280.16	chr17_79074789_G_A_b38	chr17_79079549_C_T_b38	-0.0225521107023997
ENSG00000167280.16	chr17_79074789_G_A_b38	chr17_79084514_C_T_b38	-0.0192991016690438
ENSG00000167280.16	chr17_79074789_G_A_b38	chr17_79082578_G_A_b38	-0.0185609188499361
ENSG00000167280.16	chr17_79074789_G_A_b38	chr17_79082027_A_G_b38	0.113142156494758
ENSG00000167280.16	chr17_79074789_G_A_b38	chr17_79075180_A_AGGG_b38	-0.00895203062833119
ENSG00000167280.16	chr17_79074789_G_A_b38	chr17_79074958_C_A_b38	0.211795911217877
ENSG00000167280.16	chr17_79074789_G_A_b38	chr17_79045586_A_G_b38	0.039198758851938
ENSG00000167280.16	chr17_79074789_G_A_b38	chr17_79088572_G_T_b38	0.268517128343718
ENSG00000167280.16	chr17_79074789_G_A_b38	chr17_79083673_C_T_b38	0.17282228792325
ENSG00000167280.16	chr17_79074789_G_A_b38	chr17_79083494_A_G_b38	-0.0215449290593799
ENSG00000167280.16	chr17_79074789_G_A_b38	chr17_79082789_C_A_b38	0.173422916197483
ENSG00000167280.16	chr17_79074789_G_A_b38	chr17_79090252_C_T_b38	0.0848284663313567
ENSG00000167280.16	chr17_79074789_G_A_b38	chr17_79056053_T_C_b38	0.176876110402122
ENSG00000167280.16	chr17_79074789_G_A_b38	chr17_79091949_T_G_b38	0.0833833796261544
ENSG00000167280.16	chr17_79074789_G_A_b38	chr17_79074594_C_A_b38	0.397767935340189
ENSG00000167280.16	chr17_79074789_G_A_b38	chr17_79079591_A_G_b38	0.224745389485274
ENSG00000167280.16	chr17_79074789_G_A_b38	chr17_79077245_T_C_b38	0.0922603408152544
ENSG00000167280.16	chr17_79074789_G_A_b38	chr17_79074241_C_T_b38	-0.019568100492956
ENSG00000167280.16	chr17_79074789_G_A_b38	chr17_79087377_C_T_b38	0.169056377148863
ENSG00000167280.16	chr17_79074789_G_A_b38	chr17_79075173_C_A_b38	-0.0188611966068613
ENSG00000167280.16	chr17_79074789_G_A_b38	chr17_79085706_G_A_b38	0.179109426219252
ENSG00000167280.16	chr17_79074789_G_A_b38	chr17_79082369_C_T_b38	0.143263768986312
ENSG00000167280.16	chr17_79074789_G_A_b38	chr17_79082873_T_C_b38	-0.0215449290593799
ENSG00000167280.16	chr17_79074789_G_A_b38	chr17_79089773_C_T_b38	0.27761304206391
ENSG00000167280.16	chr17_79074789_G_A_b38	chr17_79082453_C_T_b38	0.0512411480619573
ENSG00000167280.16	chr17_79074789_G_A_b38	chr17_79074920_C_G_b38	0.390417386082126
ENSG00000167280.16	chr17_79074789_G_A_b38	chr17_79080792_G_T_b38	-0.0223331581713085
ENSG00000167280.16	chr17_79074789_G_A_b38	chr17_79080118_GC_G_b38	-0.0203062833120636
ENSG00000167280.16	chr17_79074789_G_A_b38	chr17_79000745_C_T_b38	0.0422578385006131
ENSG00000167280.16	chr17_79074789_G_A_b38	chr17_79092126_A_G_b38	0.0795986287315768
ENSG00000167280.16	chr17_79085031_A_G_b38	chr17_79085031_A_G_b38	0.202741702741703
ENSG00000167280.16	chr17_79085031_A_G_b38	chr17_79081370_T_C_b38	-0.00556556481411971
ENSG00000167280.16	chr17_79085031_A_G_b38	chr17_79079549_C_T_b38	-0.00395574239504878
ENSG00000167280.16	chr17_79085031_A_G_b38	chr17_79084514_C_T_b38	-0.0106640308952448
ENSG00000167280.16	chr17_79085031_A_G_b38	chr17_79082578_G_A_b38	-0.010309536321097
ENSG00000167280.16	chr17_79085031_A_G_b38	chr17_79082027_A_G_b38	0.187387917156703
ENSG00000167280.16	chr17_79085031_A_G_b38	chr17_79075180_A_AGGG_b38	-0.00204564221905263
ENSG00000167280.16	chr17_79085031_A_G_b38	chr17_79074958_C_A_b38	-0.00420597385915306
ENSG00000167280.16	chr17_79085031_A_G_b38	chr17_79045586_A_G_b38	0.0633606919734089
ENSG00000167280.16	chr17_79085031_A_G_b38	chr17_79088572_G_T_b38	0.129740843613676
ENSG00000167280.16	chr17_79085031_A_G_b38	chr17_79083673_C_T_b38	-0.0233062239094807
ENSG00000167280.16	chr17_79085031_A_G_b38	chr17_79083494_A_G_b38	-0.00521107023997195
ENSG00000167280.16	chr17_79085031_A_G_b38	chr17_79082789_C_A_b38	-0.0247645738975219
ENSG00000167280.16	chr17_79085031_A_G_b38	chr17_79090252_C_T_b38	0.135206315842154
ENSG00000167280.16	chr17_79085031_A_G_b38	chr17_79056053_T_C_b38	-0.0134478559334051
ENSG00000167280.16	chr17_79085031_A_G_b38	chr17_79091949_T_G_b38	0.136651402547356
ENSG00000167280.16	chr17_79085031_A_G_b38	chr17_79074594_C_A_b38	0.136015397576092
ENSG00000167280.16	chr17_79085031_A_G_b38	chr17_79079591_A_G_b38	0.0354619689879806
ENSG00000167280.16	chr17_79085031_A_G_b38	chr17_79077245_T_C_b38	0.0946062607912316
ENSG00000167280.16	chr17_79085031_A_G_b38	chr17_79074241_C_T_b38	-0.00760912177097148
ENSG00000167280.16	chr17_79085031_A_G_b38	chr17_79087377_C_T_b38	-0.0225833896354128
ENSG00000167280.16	chr17_79085031_A_G_b38	chr17_79075173_C_A_b38	-0.00651852963991692
ENSG00000167280.16	chr17_79085031_A_G_b38	chr17_79085706_G_A_b38	-0.0268915413424084
ENSG00000167280.16	chr17_79085031_A_G_b38	chr17_79082369_C_T_b38	0.191917106656991
ENSG00000167280.16	chr17_79085031_A_G_b38	chr17_79082873_T_C_b38	-0.00521107023997195
ENSG00000167280.16	chr17_79085031_A_G_b38	chr17_79089773_C_T_b38	0.147571920693308
ENSG00000167280.16	chr17_79085031_A_G_b38	chr17_79082453_C_T_b38	0.0559746932579303
ENSG00000167280.16	chr17_79085031_A_G_b38	chr17_79074920_C_G_b38	0.141849961214123
ENSG00000167280.16	chr17_79085031_A_G_b38	chr17_79080792_G_T_b38	-0.00766333858819405
ENSG00000167280.16	chr17_79085031_A_G_b38	chr17_79080118_GC_G_b38	-0.00507344293471461
ENSG00000167280.16	chr17_79085031_A_G_b38	chr17_79000745_C_T_b38	-0.00458340631751035
ENSG00000167280.16	chr17_79085031_A_G_b38	chr17_79092126_A_G_b38	0.134197048936933
ENSG00000167280.16	chr17_79081370_T_C_b38	chr17_79081370_T_C_b38	0.116436870772131
ENSG00000167280.16	chr17_79081370_T_C_b38	chr17_79079549_C_T_b38	0.0666637472995854
ENSG00000167280.16	chr17_79081370_T_C_b38	chr17_79084514_C_T_b38	0.107384747558158
ENSG00000167280.16	chr17_79081370_T_C_b38	chr17_79082578_G_A_b38	0.104671821434827
ENSG00000167280.16	chr17_79081370_T_C_b38	chr17_79082027_A_G_b38	0.101641935456964
ENSG00000167280.16	chr17_79081370_T_C_b38	chr17_79075180_A_AGGG_b38	-0.00174536446212748
ENSG00000167280.16	chr17_79081370_T_C_b38	chr17_79074958_C_A_b38	-0.0158313106289985
ENSG00000167280.16	chr17_79081370_T_C_b38	chr17_79045586_A_G_b38	0.0555242766225426
ENSG00000167280.16	chr17_79081370_T_C_b38	chr17_79088572_G_T_b38	-0.0261700406209077
ENSG00000167280.16	chr17_79081370_T_C_b38	chr17_79083673_C_T_b38	-0.0150221803478688
ENSG00000167280.16	chr17_79081370_T_C_b38	chr17_79083494_A_G_b38	0.1137239446488
ENSG00000167280.16	chr17_79081370_T_C_b38	chr17_79082789_C_A_b38	-0.0167175470643679
ENSG00000167280.16	chr17_79081370_T_C_b38	chr17_79090252_C_T_b38	-0.00681880739684209
ENSG00000167280.16	chr17_79081370_T_C_b38	chr17_79056053_T_C_b38	-0.0117817314349107
ENSG00000167280.16	chr17_79081370_T_C_b38	chr17_79091949_T_G_b38	-0.00970898080724671
ENSG00000167280.16	chr17_79081370_T_C_b38	chr17_79074594_C_A_b38	-0.0208651335818966
ENSG00000167280.16	chr17_79081370_T_C_b38	chr17_79079591_A_G_b38	0.053858152124048
ENSG00000167280.16	chr17_79081370_T_C_b38	chr17_79077245_T_C_b38	0.0523609338638239
ENSG00000167280.16	chr17_79081370_T_C_b38	chr17_79074241_C_T_b38	0.0532763639700054
ENSG00000167280.16	chr17_79081370_T_C_b38	chr17_79087377_C_T_b38	-0.0127367815229087
ENSG00000167280.16	chr17_79081370_T_C_b38	chr17_79075173_C_A_b38	0.0545442033881342
ENSG00000167280.16	chr17_79081370_T_C_b38	chr17_79085706_G_A_b38	-0.0177810307868112
ENSG00000167280.16	chr17_79081370_T_C_b38	chr17_79082369_C_T_b38	-0.013145492914279
ENSG00000167280.16	chr17_79081370_T_C_b38	chr17_79082873_T_C_b38	0.1137239446488
ENSG00000167280.16	chr17_79081370_T_C_b38	chr17_79089773_C_T_b38	-0.0223123055492998
ENSG00000167280.16	chr17_79081370_T_C_b38	chr17_79082453_C_T_b38	-0.000191844122479959
ENSG00000167280.16	chr17_79081370_T_C_b38	chr17_79074920_C_G_b38	-0.0165027650576784
ENSG00000167280.16	chr17_79081370_T_C_b38	chr17_79080792_G_T_b38	-0.00310912594149587
ENSG00000167280.16	chr17_79081370_T_C_b38	chr17_79080118_GC_G_b38	0.0632147236193481
ENSG00000167280.16	chr17_79081370_T_C_b38	chr17_79000745_C_T_b38	0.0049337303672564
ENSG00000167280.16	chr17_79081370_T_C_b38	chr17_79092126_A_G_b38	-9.80073234408199e-05
ENSG00000167280.16	chr17_79079549_C_T_b38	chr17_79079549_C_T_b38	0.080165820050213
ENSG00000167280.16	chr17_79079549_C_T_b38	chr17_79084514_C_T_b38	0.0630291352834705
ENSG00000167280.16	chr17_79079549_C_T_b38	chr17_79082578_G_A_b38	0.0617008232615171
ENSG00000167280.16	chr17_79079549_C_T_b38	chr17_79082027_A_G_b38	0.0589566182051732
ENSG00000167280.16	chr17_79079549_C_T_b38	chr17_79075180_A_AGGG_b38	-0.00210194429847608
ENSG00000167280.16	chr17_79079549_C_T_b38	chr17_79074958_C_A_b38	-0.0136772347755007
ENSG00000167280.16	chr17_79079549_C_T_b38	chr17_79045586_A_G_b38	0.064649384013546
ENSG00000167280.16	chr17_79079549_C_T_b38	chr17_79088572_G_T_b38	-0.0129911835114147
ENSG00000167280.16	chr17_79079549_C_T_b38	chr17_79083673_C_T_b38	-0.0085360935177438
ENSG00000167280.16	chr17_79079549_C_T_b38	chr17_79083494_A_G_b38	0.0682256086880363
ENSG00000167280.16	chr17_79079549_C_T_b38	chr17_79082789_C_A_b38	-0.00992584807613711
ENSG00000167280.16	chr17_79079549_C_T_b38	chr17_79090252_C_T_b38	-0.00389735505342441
ENSG00000167280.16	chr17_79079549_C_T_b38	chr17_79056053_T_C_b38	-0.0100572195947918
ENSG00000167280.16	chr17_79079549_C_T_b38	chr17_79091949_T_G_b38	-0.00534244175862673
ENSG00000167280.16	chr17_79079549_C_T_b38	chr17_79074594_C_A_b38	-0.0216179132364104
ENSG00000167280.16	chr17_79079549_C_T_b38	chr17_79079591_A_G_b38	0.0632626846499679
ENSG00000167280.16	chr17_79079549_C_T_b38	chr17_79077245_T_C_b38	0.0587230688386759
ENSG00000167280.16	chr17_79079549_C_T_b38	chr17_79074241_C_T_b38	0.062080340982075
ENSG00000167280.16	chr17_79079549_C_T_b38	chr17_79087377_C_T_b38	-0.00582413732702752
ENSG00000167280.16	chr17_79079549_C_T_b38	chr17_79075173_C_A_b38	0.0634086530040289
ENSG00000167280.16	chr17_79079549_C_T_b38	chr17_79085706_G_A_b38	-0.0106264961756291
ENSG00000167280.16	chr17_79079549_C_T_b38	chr17_79082369_C_T_b38	-0.00996963858235533
ENSG00000167280.16	chr17_79079549_C_T_b38	chr17_79082873_T_C_b38	0.0682256086880363
ENSG00000167280.16	chr17_79079549_C_T_b38	chr17_79089773_C_T_b38	-0.0108746423775326
ENSG00000167280.16	chr17_79079549_C_T_b38	chr17_79082453_C_T_b38	-0.00439364745723128
ENSG00000167280.16	chr17_79079549_C_T_b38	chr17_79074920_C_G_b38	-0.0138815904711859
ENSG00000167280.16	chr17_79079549_C_T_b38	chr17_79080792_G_T_b38	-0.00201436328603959
ENSG00000167280.16	chr17_79079549_C_T_b38	chr17_79080118_GC_G_b38	0.0720791732352428
ENSG00000167280.16	chr17_79079549_C_T_b38	chr17_79000745_C_T_b38	0.00338646581421148
ENSG00000167280.16	chr17_79079549_C_T_b38	chr17_79092126_A_G_b38	0.00348864366205409
ENSG00000167280.16	chr17_79084514_C_T_b38	chr17_79084514_C_T_b38	0.109818248546572
ENSG00000167280.16	chr17_79084514_C_T_b38	chr17_79082578_G_A_b38	0.107092810850037
ENSG00000167280.16	chr17_79084514_C_T_b38	chr17_79082027_A_G_b38	0.0989894819374588
ENSG00000167280.16	chr17_79084514_C_T_b38	chr17_79075180_A_AGGG_b38	-0.0015201561444336
ENSG00000167280.16	chr17_79084514_C_T_b38	chr17_79074958_C_A_b38	-0.013591739025265
ENSG00000167280.16	chr17_79084514_C_T_b38	chr17_79045586_A_G_b38	0.0527779863039977
ENSG00000167280.16	chr17_79084514_C_T_b38	chr17_79088572_G_T_b38	-0.0250877895386566
ENSG00000167280.16	chr17_79084514_C_T_b38	chr17_79083673_C_T_b38	-0.0146357037304692
ENSG00000167280.16	chr17_79084514_C_T_b38	chr17_79083494_A_G_b38	0.108994569977229
ENSG00000167280.16	chr17_79084514_C_T_b38	chr17_79082789_C_A_b38	-0.0144154175946084
ENSG00000167280.16	chr17_79084514_C_T_b38	chr17_79090252_C_T_b38	-0.00531741861221631
ENSG00000167280.16	chr17_79084514_C_T_b38	chr17_79056053_T_C_b38	-0.00993001860053886
ENSG00000167280.16	chr17_79084514_C_T_b38	chr17_79091949_T_G_b38	-0.00820759202262094
ENSG00000167280.16	chr17_79084514_C_T_b38	chr17_79074594_C_A_b38	-0.0179812159580946
ENSG00000167280.16	chr17_79084514_C_T_b38	chr17_79079591_A_G_b38	0.051518487934673
ENSG00000167280.16	chr17_79084514_C_T_b38	chr17_79077245_T_C_b38	0.0557202912694244
ENSG00000167280.16	chr17_79084514_C_T_b38	chr17_79074241_C_T_b38	0.0553470293354687
ENSG00000167280.16	chr17_79084514_C_T_b38	chr17_79087377_C_T_b38	-0.0147448890223457
ENSG00000167280.16	chr17_79084514_C_T_b38	chr17_79075173_C_A_b38	0.0566273803268023
ENSG00000167280.16	chr17_79084514_C_T_b38	chr17_79085706_G_A_b38	-0.0154038318778204
ENSG00000167280.16	chr17_79084514_C_T_b38	chr17_79082369_C_T_b38	-0.0109935023229821
ENSG00000167280.16	chr17_79084514_C_T_b38	chr17_79082873_T_C_b38	0.108994569977229
ENSG00000167280.16	chr17_79084514_C_T_b38	chr17_79089773_C_T_b38	-0.0209923345761496
ENSG00000167280.16	chr17_79084514_C_T_b38	chr17_79082453_C_T_b38	0.000433734537780787
ENSG00000167280.16	chr17_79084514_C_T_b38	chr17_79074920_C_G_b38	-0.0192991016690438
ENSG00000167280.16	chr17_79084514_C_T_b38	chr17_79080792_G_T_b38	-0.00402872657207918
ENSG00000167280.16	chr17_79084514_C_T_b38	chr17_79080118_GC_G_b38	0.0595175537372069
ENSG00000167280.16	chr17_79084514_C_T_b38	chr17_79000745_C_T_b38	-0.00141589303439013
ENSG00000167280.16	chr17_79084514_C_T_b38	chr17_79092126_A_G_b38	0.00298609547164462
ENSG00000167280.16	chr17_79082578_G_A_b38	chr17_79082578_G_A_b38	0.105810374596502
ENSG00000167280.16	chr17_79082578_G_A_b38	chr17_79082027_A_G_b38	0.0966206240772713
ENSG00000167280.16	chr17_79082578_G_A_b38	chr17_79075180_A_AGGG_b38	-0.00148262142481796
ENSG00000167280.16	chr17_79082578_G_A_b38	chr17_79074958_C_A_b38	-0.0132184770913095
ENSG00000167280.16	chr17_79082578_G_A_b38	chr17_79045586_A_G_b38	0.0515977278983058
ENSG00000167280.16	chr17_79082578_G_A_b38	chr17_79088572_G_T_b38	-0.0241848710056802
ENSG00000167280.16	chr17_79082578_G_A_b38	chr17_79083673_C_T_b38	-0.0142492270534098
ENSG00000167280.16	chr17_79082578_G_A_b38	chr17_79083494_A_G_b38	0.106279558591698
ENSG00000167280.16	chr17_79082578_G_A_b38	chr17_79082789_C_A_b38	-0.0140317293496484
ENSG00000167280.16	chr17_79082578_G_A_b38	chr17_79090252_C_T_b38	-0.00506718714811201
ENSG00000167280.16	chr17_79082578_G_A_b38	chr17_79056053_T_C_b38	-0.00962139979481017
ENSG00000167280.16	chr17_79082578_G_A_b38	chr17_79091949_T_G_b38	-0.00795736055851664
ENSG00000167280.16	chr17_79082578_G_A_b38	chr17_79074594_C_A_b38	-0.0172597152365938
ENSG00000167280.16	chr17_79082578_G_A_b38	chr17_79079591_A_G_b38	0.0506468483347095
ENSG00000167280.16	chr17_79082578_G_A_b38	chr17_79077245_T_C_b38	0.054594249680955
ENSG00000167280.16	chr17_79082578_G_A_b38	chr17_79074241_C_T_b38	0.0540062057403098
ENSG00000167280.16	chr17_79082578_G_A_b38	chr17_79087377_C_T_b38	-0.014357030252984
ENSG00000167280.16	chr17_79082578_G_A_b38	chr17_79075173_C_A_b38	0.0552886419938444
ENSG00000167280.16	chr17_79082578_G_A_b38	chr17_79085706_G_A_b38	-0.0150076320596551
ENSG00000167280.16	chr17_79082578_G_A_b38	chr17_79082369_C_T_b38	-0.0106348372244326
ENSG00000167280.16	chr17_79082578_G_A_b38	chr17_79082873_T_C_b38	0.106279558591698
ENSG00000167280.16	chr17_79082578_G_A_b38	chr17_79089773_C_T_b38	-0.0200497960613567
ENSG00000167280.16	chr17_79082578_G_A_b38	chr17_79082453_C_T_b38	0.000537997647824231
ENSG00000167280.16	chr17_79082578_G_A_b38	chr17_79074920_C_G_b38	-0.0185609188499361
ENSG00000167280.16	chr17_79082578_G_A_b38	chr17_79080792_G_T_b38	-0.00394114555964268
ENSG00000167280.16	chr17_79082578_G_A_b38	chr17_79080118_GC_G_b38	0.058178815404249
ENSG00000167280.16	chr17_79082578_G_A_b38	chr17_79000745_C_T_b38	-0.00126992468032929
ENSG00000167280.16	chr17_79082578_G_A_b38	chr17_79092126_A_G_b38	0.0032592648199585
ENSG00000167280.16	chr17_79082027_A_G_b38	chr17_79082027_A_G_b38	0.291636430364754
ENSG00000167280.16	chr17_79082027_A_G_b38	chr17_79075180_A_AGGG_b38	-0.00360333308310185
ENSG00000167280.16	chr17_79082027_A_G_b38	chr17_79074958_C_A_b38	-0.0210611482287782
ENSG00000167280.16	chr17_79082027_A_G_b38	chr17_79045586_A_G_b38	0.118764023388301
ENSG00000167280.16	chr17_79082027_A_G_b38	chr17_79088572_G_T_b38	0.0979697887212339
ENSG00000167280.16	chr17_79082027_A_G_b38	chr17_79083673_C_T_b38	-0.0412185777274141
ENSG00000167280.16	chr17_79082027_A_G_b38	chr17_79083494_A_G_b38	0.103608337712384
ENSG00000167280.16	chr17_79082027_A_G_b38	chr17_79082789_C_A_b38	-0.0424538531474949
ENSG00000167280.16	chr17_79082027_A_G_b38	chr17_79090252_C_T_b38	0.128193579060631
ENSG00000167280.16	chr17_79082027_A_G_b38	chr17_79056053_T_C_b38	-0.0265766667500772
ENSG00000167280.16	chr17_79082027_A_G_b38	chr17_79091949_T_G_b38	0.126748492355429
ENSG00000167280.16	chr17_79082027_A_G_b38	chr17_79074594_C_A_b38	0.114422507486091
ENSG00000167280.16	chr17_79082027_A_G_b38	chr17_79079591_A_G_b38	0.0849619231122122
ENSG00000167280.16	chr17_79082027_A_G_b38	chr17_79077245_T_C_b38	0.150007506943923
ENSG00000167280.16	chr17_79082027_A_G_b38	chr17_79074241_C_T_b38	0.0476336444544537
ENSG00000167280.16	chr17_79082027_A_G_b38	chr17_79087377_C_T_b38	-0.0391612241323224
ENSG00000167280.16	chr17_79082027_A_G_b38	chr17_79075173_C_A_b38	0.0500025023146409
ENSG00000167280.16	chr17_79082027_A_G_b38	chr17_79085706_G_A_b38	-0.0441366597435962
ENSG00000167280.16	chr17_79082027_A_G_b38	chr17_79082369_C_T_b38	0.183455112645863
ENSG00000167280.16	chr17_79082027_A_G_b38	chr17_79082873_T_C_b38	0.103608337712384
ENSG00000167280.16	chr17_79082027_A_G_b38	chr17_79089773_C_T_b38	0.121301787486759
ENSG00000167280.16	chr17_79082027_A_G_b38	chr17_79082453_C_T_b38	0.0591943380960722
ENSG00000167280.16	chr17_79082027_A_G_b38	chr17_79074920_C_G_b38	0.118922503315567
ENSG00000167280.16	chr17_79082027_A_G_b38	chr17_79080792_G_T_b38	-0.0117796461727097
ENSG00000167280.16	chr17_79082027_A_G_b38	chr17_79080118_GC_G_b38	0.0543377624302479
ENSG00000167280.16	chr17_79082027_A_G_b38	chr17_79000745_C_T_b38	-0.00614526770596136
ENSG00000167280.16	chr17_79082027_A_G_b38	chr17_79092126_A_G_b38	0.135464888355062
ENSG00000167280.16	chr17_79075180_A_AGGG_b38	chr17_79074958_C_A_b38	-0.00527362810599806
ENSG00000167280.16	chr17_79075180_A_AGGG_b38	chr17_79045586_A_G_b38	-0.00476690939118683
ENSG00000167280.16	chr17_79075180_A_AGGG_b38	chr17_79088572_G_T_b38	0.00975902710006757
ENSG00000167280.16	chr17_79075180_A_AGGG_b38	chr17_79083673_C_T_b38	0.0132746336857627
ENSG00000167280.16	chr17_79075180_A_AGGG_b38	chr17_79083494_A_G_b38	-0.00170782974251183
ENSG00000167280.16	chr17_79075180_A_AGGG_b38	chr17_79082789_C_A_b38	0.0133248254635538
ENSG00000167280.16	chr17_79075180_A_AGGG_b38	chr17_79090252_C_T_b38	-0.00161399294347273
ENSG00000167280.16	chr17_79075180_A_AGGG_b38	chr17_79056053_T_C_b38	-0.00411005179791308
ENSG00000167280.16	chr17_79075180_A_AGGG_b38	chr17_79091949_T_G_b38	-0.00161399294347273
ENSG00000167280.16	chr17_79075180_A_AGGG_b38	chr17_79074594_C_A_b38	-0.00865175287140605
ENSG00000167280.16	chr17_79075180_A_AGGG_b38	chr17_79079591_A_G_b38	-0.00887696118909994
ENSG00000167280.16	chr17_79075180_A_AGGG_b38	chr17_79077245_T_C_b38	-0.00285263869078898
ENSG00000167280.16	chr17_79075180_A_AGGG_b38	chr17_79074241_C_T_b38	-0.00187673598078221
ENSG00000167280.16	chr17_79075180_A_AGGG_b38	chr17_79087377_C_T_b38	0.0118046693191202
ENSG00000167280.16	chr17_79075180_A_AGGG_b38	chr17_79075173_C_A_b38	-0.00191427070039786
ENSG00000167280.16	chr17_79075180_A_AGGG_b38	chr17_79085706_G_A_b38	0.01309961714586
ENSG00000167280.16	chr17_79075180_A_AGGG_b38	chr17_79082369_C_T_b38	-0.00212071165828392
ENSG00000167280.16	chr17_79075180_A_AGGG_b38	chr17_79082873_T_C_b38	-0.00170782974251183
ENSG00000167280.16	chr17_79075180_A_AGGG_b38	chr17_79089773_C_T_b38	0.00904586742737029
ENSG00000167280.16	chr17_79075180_A_AGGG_b38	chr17_79082453_C_T_b38	-0.00187673598078222
ENSG00000167280.16	chr17_79075180_A_AGGG_b38	chr17_79074920_C_G_b38	-0.00895203062833119
ENSG00000167280.16	chr17_79075180_A_AGGG_b38	chr17_79080792_G_T_b38	-0.00157645822385707
ENSG00000167280.16	chr17_79075180_A_AGGG_b38	chr17_79000745_C_T_b38	-0.00262743037309511
ENSG00000167280.16	chr17_79075180_A_AGGG_b38	chr17_79092126_A_G_b38	-0.000581788154042495
ENSG00000167280.16	chr17_79074958_C_A_b38	chr17_79074958_C_A_b38	0.232319061798831
ENSG00000167280.16	chr17_79074958_C_A_b38	chr17_79045586_A_G_b38	-0.0271730517395257
ENSG00000167280.16	chr17_79074958_C_A_b38	chr17_79088572_G_T_b38	0.170747524793768
ENSG00000167280.16	chr17_79074958_C_A_b38	chr17_79083673_C_T_b38	0.190936281742779
ENSG00000167280.16	chr17_79074958_C_A_b38	chr17_79083494_A_G_b38	-0.0154580486950429
ENSG00000167280.16	chr17_79074958_C_A_b38	chr17_79082789_C_A_b38	0.19143541108859
ENSG00000167280.16	chr17_79074958_C_A_b38	chr17_79090252_C_T_b38	-0.00143883091859971
ENSG00000167280.16	chr17_79074958_C_A_b38	chr17_79056053_T_C_b38	0.190421973658968
ENSG00000167280.16	chr17_79074958_C_A_b38	chr17_79091949_T_G_b38	-0.00143883091859971
ENSG00000167280.16	chr17_79074958_C_A_b38	chr17_79074594_C_A_b38	0.213336919984319
ENSG00000167280.16	chr17_79074958_C_A_b38	chr17_79079591_A_G_b38	0.208046609780714
ENSG00000167280.16	chr17_79074958_C_A_b38	chr17_79077245_T_C_b38	-0.02387208167555
ENSG00000167280.16	chr17_79074958_C_A_b38	chr17_79074241_C_T_b38	-0.0128827498769695
ENSG00000167280.16	chr17_79074958_C_A_b38	chr17_79087377_C_T_b38	0.187798713810274
ENSG00000167280.16	chr17_79074958_C_A_b38	chr17_79075173_C_A_b38	-0.0132560118109251
ENSG00000167280.16	chr17_79074958_C_A_b38	chr17_79085706_G_A_b38	0.187750752779655
ENSG00000167280.16	chr17_79074958_C_A_b38	chr17_79082369_C_T_b38	-0.00639758443226651
ENSG00000167280.16	chr17_79074958_C_A_b38	chr17_79082873_T_C_b38	-0.0154580486950429
ENSG00000167280.16	chr17_79074958_C_A_b38	chr17_79089773_C_T_b38	0.165100634753814
ENSG00000167280.16	chr17_79074958_C_A_b38	chr17_79082453_C_T_b38	0.00879355070106516
ENSG00000167280.16	chr17_79074958_C_A_b38	chr17_79074920_C_G_b38	0.211795911217877
ENSG00000167280.16	chr17_79074958_C_A_b38	chr17_79080792_G_T_b38	-0.0127868278157296
ENSG00000167280.16	chr17_79074958_C_A_b38	chr17_79080118_GC_G_b38	-0.0132560118109251
ENSG00000167280.16	chr17_79074958_C_A_b38	chr17_79000745_C_T_b38	0.0114439189583698
ENSG00000167280.16	chr17_79074958_C_A_b38	chr17_79092126_A_G_b38	-0.0040996254869087
ENSG00000167280.16	chr17_79045586_A_G_b38	chr17_79045586_A_G_b38	0.164343684574898
ENSG00000167280.16	chr17_79045586_A_G_b38	chr17_79088572_G_T_b38	0.0269478434218319
ENSG00000167280.16	chr17_79045586_A_G_b38	chr17_79083673_C_T_b38	-0.0258603306525468
ENSG00000167280.16	chr17_79045586_A_G_b38	chr17_79083494_A_G_b38	0.0572341916272554
ENSG00000167280.16	chr17_79045586_A_G_b38	chr17_79082789_C_A_b38	-0.0270521065318754
ENSG00000167280.16	chr17_79045586_A_G_b38	chr17_79090252_C_T_b38	0.0563708930760952
ENSG00000167280.16	chr17_79045586_A_G_b38	chr17_79056053_T_C_b38	-0.0204084611599063
ENSG00000167280.16	chr17_79045586_A_G_b38	chr17_79091949_T_G_b38	0.0563708930760951
ENSG00000167280.16	chr17_79045586_A_G_b38	chr17_79074594_C_A_b38	0.0413173852480212
ENSG00000167280.16	chr17_79045586_A_G_b38	chr17_79079591_A_G_b38	0.0297733737040096
ENSG00000167280.16	chr17_79045586_A_G_b38	chr17_79077245_T_C_b38	0.130001501388785
ENSG00000167280.16	chr17_79045586_A_G_b38	chr17_79074241_C_T_b38	0.0633481804002033
ENSG00000167280.16	chr17_79045586_A_G_b38	chr17_79087377_C_T_b38	-0.0232465030152891
ENSG00000167280.16	chr17_79045586_A_G_b38	chr17_79075173_C_A_b38	0.0645284388058958
ENSG00000167280.16	chr17_79045586_A_G_b38	chr17_79085706_G_A_b38	-0.0271959896237353
ENSG00000167280.16	chr17_79045586_A_G_b38	chr17_79082369_C_T_b38	0.0584957752587812
ENSG00000167280.16	chr17_79045586_A_G_b38	chr17_79082873_T_C_b38	0.0572341916272554
ENSG00000167280.16	chr17_79045586_A_G_b38	chr17_79089773_C_T_b38	0.0291415392571461
ENSG00000167280.16	chr17_79045586_A_G_b38	chr17_79082453_C_T_b38	-0.00890615485991212
ENSG00000167280.16	chr17_79045586_A_G_b38	chr17_79074920_C_G_b38	0.0464241923779496
ENSG00000167280.16	chr17_79045586_A_G_b38	chr17_79080792_G_T_b38	-0.00678752846382902
ENSG00000167280.16	chr17_79045586_A_G_b38	chr17_79080118_GC_G_b38	0.0587480919850865
ENSG00000167280.16	chr17_79045586_A_G_b38	chr17_79000745_C_T_b38	0.00458340631751033
ENSG00000167280.16	chr17_79045586_A_G_b38	chr17_79092126_A_G_b38	0.0650184754230998
ENSG00000167280.16	chr17_79088572_G_T_b38	chr17_79088572_G_T_b38	0.451521824354194
ENSG00000167280.16	chr17_79088572_G_T_b38	chr17_79083673_C_T_b38	0.191137921774205
ENSG00000167280.16	chr17_79088572_G_T_b38	chr17_79083494_A_G_b38	-0.0238220353827291
ENSG00000167280.16	chr17_79088572_G_T_b38	chr17_79082789_C_A_b38	0.190799406117325
ENSG00000167280.16	chr17_79088572_G_T_b38	chr17_79090252_C_T_b38	0.10407752170758
ENSG00000167280.16	chr17_79088572_G_T_b38	chr17_79056053_T_C_b38	0.146714877928751
ENSG00000167280.16	chr17_79088572_G_T_b38	chr17_79091949_T_G_b38	0.106967695117984
ENSG00000167280.16	chr17_79088572_G_T_b38	chr17_79074594_C_A_b38	0.256954349439899
ENSG00000167280.16	chr17_79088572_G_T_b38	chr17_79079591_A_G_b38	0.17799798146619
ENSG00000167280.16	chr17_79088572_G_T_b38	chr17_79077245_T_C_b38	0.0786164702349674
ENSG00000167280.16	chr17_79088572_G_T_b38	chr17_79074241_C_T_b38	-0.0147991058395683
ENSG00000167280.16	chr17_79088572_G_T_b38	chr17_79087377_C_T_b38	0.194773915872182
ENSG00000167280.16	chr17_79088572_G_T_b38	chr17_79075173_C_A_b38	-0.0142569376673423
ENSG00000167280.16	chr17_79088572_G_T_b38	chr17_79085706_G_A_b38	0.201277848676693
ENSG00000167280.16	chr17_79088572_G_T_b38	chr17_79082369_C_T_b38	0.135160440073735
ENSG00000167280.16	chr17_79088572_G_T_b38	chr17_79082873_T_C_b38	-0.0238220353827291
ENSG00000167280.16	chr17_79088572_G_T_b38	chr17_79089773_C_T_b38	0.434366372227645
ENSG00000167280.16	chr17_79088572_G_T_b38	chr17_79082453_C_T_b38	0.0227731484956919
ENSG00000167280.16	chr17_79088572_G_T_b38	chr17_79074920_C_G_b38	0.258401521407302
ENSG00000167280.16	chr17_79088572_G_T_b38	chr17_79080792_G_T_b38	-0.0292520581537923
ENSG00000167280.16	chr17_79088572_G_T_b38	chr17_79080118_GC_G_b38	-0.01281185096214
ENSG00000167280.16	chr17_79088572_G_T_b38	chr17_79000745_C_T_b38	-0.00395574239504863
ENSG00000167280.16	chr17_79088572_G_T_b38	chr17_79092126_A_G_b38	0.115821718422874
ENSG00000167280.16	chr17_79083673_C_T_b38	chr17_79083673_C_T_b38	0.238136846350316
ENSG00000167280.16	chr17_79083673_C_T_b38	chr17_79083494_A_G_b38	-0.0146357036708094
ENSG00000167280.16	chr17_79083673_C_T_b38	chr17_79082789_C_A_b38	0.238136846334359
ENSG00000167280.16	chr17_79083673_C_T_b38	chr17_79090252_C_T_b38	-0.0218107272586919
ENSG00000167280.16	chr17_79083673_C_T_b38	chr17_79056053_T_C_b38	0.172570237922373
ENSG00000167280.16	chr17_79083673_C_T_b38	chr17_79091949_T_G_b38	-0.0218107272586919
ENSG00000167280.16	chr17_79083673_C_T_b38	chr17_79074594_C_A_b38	0.171578841224118
ENSG00000167280.16	chr17_79083673_C_T_b38	chr17_79079591_A_G_b38	0.183223551588875
ENSG00000167280.16	chr17_79083673_C_T_b38	chr17_79077245_T_C_b38	-0.0201135905496297
ENSG00000167280.16	chr17_79083673_C_T_b38	chr17_79074241_C_T_b38	-0.0106533136217574
ENSG00000167280.16	chr17_79083673_C_T_b38	chr17_79087377_C_T_b38	0.23418806293161
ENSG00000167280.16	chr17_79083673_C_T_b38	chr17_79075173_C_A_b38	-0.0110397902988169
ENSG00000167280.16	chr17_79083673_C_T_b38	chr17_79085706_G_A_b38	0.235817986272003
ENSG00000167280.16	chr17_79083673_C_T_b38	chr17_79082369_C_T_b38	-0.0260115607085566
ENSG00000167280.16	chr17_79083673_C_T_b38	chr17_79082873_T_C_b38	-0.0146357036708094
ENSG00000167280.16	chr17_79083673_C_T_b38	chr17_79089773_C_T_b38	0.183794864910076
ENSG00000167280.16	chr17_79083673_C_T_b38	chr17_79082453_C_T_b38	-0.0077631402113528
ENSG00000167280.16	chr17_79083673_C_T_b38	chr17_79074920_C_G_b38	0.171478021268811
ENSG00000167280.16	chr17_79083673_C_T_b38	chr17_79080792_G_T_b38	-0.0144004570423022
ENSG00000167280.16	chr17_79083673_C_T_b38	chr17_79080118_GC_G_b38	-0.00949388354285133
ENSG00000167280.16	chr17_79083673_C_T_b38	chr17_79000745_C_T_b38	0.00956109697565267
ENSG00000167280.16	chr17_79083673_C_T_b38	chr17_79092126_A_G_b38	-0.0217267105907386
ENSG00000167280.16	chr17_79083494_A_G_b38	chr17_79083494_A_G_b38	0.115344193378876
ENSG00000167280.16	chr17_79083494_A_G_b38	chr17_79082789_C_A_b38	-0.016333858819408
ENSG00000167280.16	chr17_79083494_A_G_b38	chr17_79090252_C_T_b38	-0.00656857593273776
ENSG00000167280.16	chr17_79083494_A_G_b38	chr17_79056053_T_C_b38	-0.011473112629182
ENSG00000167280.16	chr17_79083494_A_G_b38	chr17_79091949_T_G_b38	-0.00945874934314238
ENSG00000167280.16	chr17_79083494_A_G_b38	chr17_79074594_C_A_b38	-0.0201436328603958
ENSG00000167280.16	chr17_79083494_A_G_b38	chr17_79079591_A_G_b38	0.0558766859344895
ENSG00000167280.16	chr17_79083494_A_G_b38	chr17_79077245_T_C_b38	0.0541250656857592
ENSG00000167280.16	chr17_79083494_A_G_b38	chr17_79074241_C_T_b38	0.0548257137852514
ENSG00000167280.16	chr17_79083494_A_G_b38	chr17_79087377_C_T_b38	-0.0123489227535471
ENSG00000167280.16	chr17_79083494_A_G_b38	chr17_79075173_C_A_b38	0.0560956384655806
ENSG00000167280.16	chr17_79083494_A_G_b38	chr17_79085706_G_A_b38	-0.0173848309686459
ENSG00000167280.16	chr17_79083494_A_G_b38	chr17_79082369_C_T_b38	-0.0127868278157295
ENSG00000167280.16	chr17_79083494_A_G_b38	chr17_79082873_T_C_b38	0.115344193378876
ENSG00000167280.16	chr17_79083494_A_G_b38	chr17_79089773_C_T_b38	-0.0199246803293046
ENSG00000167280.16	chr17_79083494_A_G_b38	chr17_79082453_C_T_b38	-8.75810124364957e-05
ENSG00000167280.16	chr17_79083494_A_G_b38	chr17_79074920_C_G_b38	-0.0157645822385707
ENSG00000167280.16	chr17_79083494_A_G_b38	chr17_79080792_G_T_b38	-0.00302154492905939
ENSG00000167280.16	chr17_79083494_A_G_b38	chr17_79080118_GC_G_b38	0.0647661586967945
ENSG00000167280.16	chr17_79083494_A_G_b38	chr17_79000745_C_T_b38	0.00507969872131723
ENSG00000167280.16	chr17_79083494_A_G_b38	chr17_79092126_A_G_b38	0.00162024873007527
ENSG00000167280.16	chr17_79082789_C_A_b38	chr17_79082789_C_A_b38	0.23864991784067
ENSG00000167280.16	chr17_79082789_C_A_b38	chr17_79090252_C_T_b38	-0.0214761154067513
ENSG00000167280.16	chr17_79082789_C_A_b38	chr17_79056053_T_C_b38	0.1729829258731
ENSG00000167280.16	chr17_79082789_C_A_b38	chr17_79091949_T_G_b38	-0.0214761154067513
ENSG00000167280.16	chr17_79082789_C_A_b38	chr17_79074594_C_A_b38	0.172157162041555
ENSG00000167280.16	chr17_79082789_C_A_b38	chr17_79079591_A_G_b38	0.182057986971282
ENSG00000167280.16	chr17_79082789_C_A_b38	chr17_79077245_T_C_b38	-0.0196869604384056
ENSG00000167280.16	chr17_79082789_C_A_b38	chr17_79074241_C_T_b38	-0.0105138920167822
ENSG00000167280.16	chr17_79082789_C_A_b38	chr17_79087377_C_T_b38	0.233547281235142
ENSG00000167280.16	chr17_79082789_C_A_b38	chr17_79075173_C_A_b38	-0.0108975802617421
ENSG00000167280.16	chr17_79082789_C_A_b38	chr17_79085706_G_A_b38	0.236347788370909
ENSG00000167280.16	chr17_79082789_C_A_b38	chr17_79082369_C_T_b38	-0.0255319503874417
ENSG00000167280.16	chr17_79082789_C_A_b38	chr17_79082873_T_C_b38	-0.016333858819408
ENSG00000167280.16	chr17_79082789_C_A_b38	chr17_79089773_C_T_b38	0.183509329463086
ENSG00000167280.16	chr17_79082789_C_A_b38	chr17_79082453_C_T_b38	-0.00762371860637756
ENSG00000167280.16	chr17_79082789_C_A_b38	chr17_79074920_C_G_b38	0.170532742787078
ENSG00000167280.16	chr17_79082789_C_A_b38	chr17_79080792_G_T_b38	-0.0146698195831144
ENSG00000167280.16	chr17_79082789_C_A_b38	chr17_79080118_GC_G_b38	-0.0108975802617421
ENSG00000167280.16	chr17_79082789_C_A_b38	chr17_79000745_C_T_b38	0.007823903777661
ENSG00000167280.16	chr17_79082789_C_A_b38	chr17_79092126_A_G_b38	-0.0213614259857035
ENSG00000167280.16	chr17_79090252_C_T_b38	chr17_79090252_C_T_b38	0.15494332257338
ENSG00000167280.16	chr17_79090252_C_T_b38	chr17_79056053_T_C_b38	-0.0124677826989966
ENSG00000167280.16	chr17_79090252_C_T_b38	chr17_79091949_T_G_b38	0.150608062457773
ENSG00000167280.16	chr17_79090252_C_T_b38	chr17_79074594_C_A_b38	0.0853852313389885
ENSG00000167280.16	chr17_79090252_C_T_b38	chr17_79079591_A_G_b38	-0.0124552711257914
ENSG00000167280.16	chr17_79090252_C_T_b38	chr17_79077245_T_C_b38	0.0989978229862626
ENSG00000167280.16	chr17_79090252_C_T_b38	chr17_79074241_C_T_b38	-0.00239596626879865
ENSG00000167280.16	chr17_79090252_C_T_b38	chr17_79087377_C_T_b38	-0.0234216650401622
ENSG00000167280.16	chr17_79090252_C_T_b38	chr17_79075173_C_A_b38	-0.00264619773290295
ENSG00000167280.16	chr17_79090252_C_T_b38	chr17_79085706_G_A_b38	-0.0229775041913771
ENSG00000167280.16	chr17_79090252_C_T_b38	chr17_79082369_C_T_b38	0.134705852913946
ENSG00000167280.16	chr17_79090252_C_T_b38	chr17_79082873_T_C_b38	-0.00656857593273776
ENSG00000167280.16	chr17_79090252_C_T_b38	chr17_79089773_C_T_b38	0.109438730826015
ENSG00000167280.16	chr17_79090252_C_T_b38	chr17_79082453_C_T_b38	0.00627455396241522
ENSG00000167280.16	chr17_79090252_C_T_b38	chr17_79074920_C_G_b38	0.0848284663313567
ENSG00000167280.16	chr17_79090252_C_T_b38	chr17_79080792_G_T_b38	-0.00472937467157119
ENSG00000167280.16	chr17_79090252_C_T_b38	chr17_79080118_GC_G_b38	-0.00264619773290294
ENSG00000167280.16	chr17_79090252_C_T_b38	chr17_79000745_C_T_b38	-0.00740059555088455
ENSG00000167280.16	chr17_79090252_C_T_b38	chr17_79092126_A_G_b38	0.147855516352626
ENSG00000167280.16	chr17_79056053_T_C_b38	chr17_79056053_T_C_b38	0.191318636405341
ENSG00000167280.16	chr17_79056053_T_C_b38	chr17_79091949_T_G_b38	-0.0124677826989966
ENSG00000167280.16	chr17_79056053_T_C_b38	chr17_79074594_C_A_b38	0.177899974142749
ENSG00000167280.16	chr17_79056053_T_C_b38	chr17_79079591_A_G_b38	0.176690522066244
ENSG00000167280.16	chr17_79056053_T_C_b38	chr17_79077245_T_C_b38	-0.0168718564672322
ENSG00000167280.16	chr17_79056053_T_C_b38	chr17_79074241_C_T_b38	-0.00965059346562238
ENSG00000167280.16	chr17_79056053_T_C_b38	chr17_79087377_C_T_b38	0.169475514851237
ENSG00000167280.16	chr17_79056053_T_C_b38	chr17_79075173_C_A_b38	-0.009959212271351
ENSG00000167280.16	chr17_79056053_T_C_b38	chr17_79085706_G_A_b38	0.169686126333525
ENSG00000167280.16	chr17_79056053_T_C_b38	chr17_79082369_C_T_b38	-0.0155101802500647
ENSG00000167280.16	chr17_79056053_T_C_b38	chr17_79082873_T_C_b38	-0.011473112629182
ENSG00000167280.16	chr17_79056053_T_C_b38	chr17_79089773_C_T_b38	0.140851120619907
ENSG00000167280.16	chr17_79056053_T_C_b38	chr17_79082453_C_T_b38	-0.00387024664481313
ENSG00000167280.16	chr17_79056053_T_C_b38	chr17_79074920_C_G_b38	0.17543102369692
ENSG00000167280.16	chr17_79056053_T_C_b38	chr17_79080792_G_T_b38	-0.010071816430198
ENSG00000167280.16	chr17_79056053_T_C_b38	chr17_79080118_GC_G_b38	-0.009959212271351
ENSG00000167280.16	chr17_79056053_T_C_b38	chr17_79000745_C_T_b38	0.0145238512290535
ENSG00000167280.16	chr17_79056053_T_C_b38	chr17_79092126_A_G_b38	-0.0144175028568092
ENSG00000167280.16	chr17_79091949_T_G_b38	chr17_79091949_T_G_b38	0.15494332257338
ENSG00000167280.16	chr17_79091949_T_G_b38	chr17_79074594_C_A_b38	0.0839401446337862
ENSG00000167280.16	chr17_79091949_T_G_b38	chr17_79079591_A_G_b38	-0.015345444536196
ENSG00000167280.16	chr17_79091949_T_G_b38	chr17_79077245_T_C_b38	0.096107649575858
ENSG00000167280.16	chr17_79091949_T_G_b38	chr17_79074241_C_T_b38	-0.00528613967920327
ENSG00000167280.16	chr17_79091949_T_G_b38	chr17_79087377_C_T_b38	-0.0234216650401622
ENSG00000167280.16	chr17_79091949_T_G_b38	chr17_79075173_C_A_b38	-0.00553637114330757
ENSG00000167280.16	chr17_79091949_T_G_b38	chr17_79085706_G_A_b38	-0.0229775041913771
ENSG00000167280.16	chr17_79091949_T_G_b38	chr17_79082369_C_T_b38	0.136150939619148
ENSG00000167280.16	chr17_79091949_T_G_b38	chr17_79082873_T_C_b38	-0.00945874934314238
ENSG00000167280.16	chr17_79091949_T_G_b38	chr17_79089773_C_T_b38	0.112328904236419
ENSG00000167280.16	chr17_79091949_T_G_b38	chr17_79082453_C_T_b38	0.00482946725721291
ENSG00000167280.16	chr17_79091949_T_G_b38	chr17_79074920_C_G_b38	0.0848284663313567
ENSG00000167280.16	chr17_79091949_T_G_b38	chr17_79080792_G_T_b38	-0.00328428796636888
ENSG00000167280.16	chr17_79091949_T_G_b38	chr17_79080118_GC_G_b38	-0.00698145784850989
ENSG00000167280.16	chr17_79091949_T_G_b38	chr17_79000745_C_T_b38	-0.0102907689612892
ENSG00000167280.16	chr17_79091949_T_G_b38	chr17_79092126_A_G_b38	0.152190776468233
ENSG00000167280.16	chr17_79074594_C_A_b38	chr17_79074594_C_A_b38	0.403539941112196
ENSG00000167280.16	chr17_79074594_C_A_b38	chr17_79079591_A_G_b38	0.224997706211579
ENSG00000167280.16	chr17_79074594_C_A_b38	chr17_79077245_T_C_b38	0.0832520081074995
ENSG00000167280.16	chr17_79074594_C_A_b38	chr17_79074241_C_T_b38	-0.0187339956126083
ENSG00000167280.16	chr17_79074594_C_A_b38	chr17_79087377_C_T_b38	0.167823987188149
ENSG00000167280.16	chr17_79074594_C_A_b38	chr17_79075173_C_A_b38	-0.0180104096289067
ENSG00000167280.16	chr17_79074594_C_A_b38	chr17_79085706_G_A_b38	0.167828157712551
ENSG00000167280.16	chr17_79074594_C_A_b38	chr17_79082369_C_T_b38	0.133127309427888
ENSG00000167280.16	chr17_79074594_C_A_b38	chr17_79082873_T_C_b38	-0.0201436328603958
ENSG00000167280.16	chr17_79074594_C_A_b38	chr17_79089773_C_T_b38	0.266367223014622
ENSG00000167280.16	chr17_79074594_C_A_b38	chr17_79082453_C_T_b38	0.0506301662371026
ENSG00000167280.16	chr17_79074594_C_A_b38	chr17_79074920_C_G_b38	0.394877761929784
ENSG00000167280.16	chr17_79074594_C_A_b38	chr17_79080792_G_T_b38	-0.0216325100718165
ENSG00000167280.16	chr17_79074594_C_A_b38	chr17_79080118_GC_G_b38	-0.019455496334109
ENSG00000167280.16	chr17_79074594_C_A_b38	chr17_79000745_C_T_b38	0.0448706720383021
ENSG00000167280.16	chr17_79074594_C_A_b38	chr17_79092126_A_G_b38	0.0803388968128852
ENSG00000167280.16	chr17_79079591_A_G_b38	chr17_79079591_A_G_b38	0.326406092302046
ENSG00000167280.16	chr17_79079591_A_G_b38	chr17_79077245_T_C_b38	0.0235342691990091
ENSG00000167280.16	chr17_79079591_A_G_b38	chr17_79074241_C_T_b38	0.0464721534085695
ENSG00000167280.16	chr17_79079591_A_G_b38	chr17_79087377_C_T_b38	0.182356179466006
ENSG00000167280.16	chr17_79079591_A_G_b38	chr17_79075173_C_A_b38	0.047343793008533
ENSG00000167280.16	chr17_79079591_A_G_b38	chr17_79085706_G_A_b38	0.177172217634646
ENSG00000167280.16	chr17_79079591_A_G_b38	chr17_79082369_C_T_b38	0.027089641251491
ENSG00000167280.16	chr17_79079591_A_G_b38	chr17_79082873_T_C_b38	0.0558766859344895
ENSG00000167280.16	chr17_79079591_A_G_b38	chr17_79089773_C_T_b38	0.19311404716029
ENSG00000167280.16	chr17_79079591_A_G_b38	chr17_79082453_C_T_b38	0.058032847050188
ENSG00000167280.16	chr17_79079591_A_G_b38	chr17_79074920_C_G_b38	0.231970823011286
ENSG00000167280.16	chr17_79079591_A_G_b38	chr17_79080792_G_T_b38	-0.0183044315992292
ENSG00000167280.16	chr17_79079591_A_G_b38	chr17_79080118_GC_G_b38	0.0560143132397469
ENSG00000167280.16	chr17_79079591_A_G_b38	chr17_79000745_C_T_b38	0.0147719974309569
ENSG00000167280.16	chr17_79079591_A_G_b38	chr17_79092126_A_G_b38	-0.00864758234700432
ENSG00000167280.16	chr17_79077245_T_C_b38	chr17_79077245_T_C_b38	0.195405750319045
ENSG00000167280.16	chr17_79077245_T_C_b38	chr17_79074241_C_T_b38	0.057747166128669
ENSG00000167280.16	chr17_79077245_T_C_b38	chr17_79087377_C_T_b38	-0.0203250506718715
ENSG00000167280.16	chr17_79077245_T_C_b38	chr17_79075173_C_A_b38	0.0588732077171382
ENSG00000167280.16	chr17_79077245_T_C_b38	chr17_79085706_G_A_b38	-0.0100405374971849
ENSG00000167280.16	chr17_79077245_T_C_b38	chr17_79082369_C_T_b38	0.105528864199385
ENSG00000167280.16	chr17_79077245_T_C_b38	chr17_79082873_T_C_b38	0.0541250656857592
ENSG00000167280.16	chr17_79077245_T_C_b38	chr17_79089773_C_T_b38	0.07833495983785
ENSG00000167280.16	chr17_79077245_T_C_b38	chr17_79082453_C_T_b38	-0.0130620824262443
ENSG00000167280.16	chr17_79077245_T_C_b38	chr17_79074920_C_G_b38	0.0806996471736357
ENSG00000167280.16	chr17_79077245_T_C_b38	chr17_79080792_G_T_b38	-0.00617446137677355
ENSG00000167280.16	chr17_79077245_T_C_b38	chr17_79080118_GC_G_b38	0.0588732077171381
ENSG00000167280.16	chr17_79077245_T_C_b38	chr17_79000745_C_T_b38	-0.00788229111928532
ENSG00000167280.16	chr17_79077245_T_C_b38	chr17_79092126_A_G_b38	0.104158846933414
ENSG00000167280.16	chr17_79074241_C_T_b38	chr17_79074241_C_T_b38	0.0699313531683474
ENSG00000167280.16	chr17_79074241_C_T_b38	chr17_79087377_C_T_b38	-0.0107224182368691
ENSG00000167280.16	chr17_79074241_C_T_b38	chr17_79075173_C_A_b38	0.0683820033531017
ENSG00000167280.16	chr17_79074241_C_T_b38	chr17_79085706_G_A_b38	-0.0111394706770429
ENSG00000167280.16	chr17_79074241_C_T_b38	chr17_79082369_C_T_b38	-0.00781764799105841
ENSG00000167280.16	chr17_79074241_C_T_b38	chr17_79082873_T_C_b38	0.0548257137852514
ENSG00000167280.16	chr17_79074241_C_T_b38	chr17_79089773_C_T_b38	-0.0138899315199893
ENSG00000167280.16	chr17_79074241_C_T_b38	chr17_79082453_C_T_b38	-0.00376806879697052
ENSG00000167280.16	chr17_79074241_C_T_b38	chr17_79074920_C_G_b38	-0.019568100492956
ENSG00000167280.16	chr17_79074241_C_T_b38	chr17_79080792_G_T_b38	-0.00293396391662287
ENSG00000167280.16	chr17_79074241_C_T_b38	chr17_79080118_GC_G_b38	0.0597114831218877
ENSG00000167280.16	chr17_79074241_C_T_b38	chr17_79000745_C_T_b38	-0.00296315758743504
ENSG00000167280.16	chr17_79074241_C_T_b38	chr17_79092126_A_G_b38	0.0036825730467349
ENSG00000167280.16	chr17_79087377_C_T_b38	chr17_79087377_C_T_b38	0.23999699722243
ENSG00000167280.16	chr17_79087377_C_T_b38	chr17_79075173_C_A_b38	-0.0111102770062308
ENSG00000167280.16	chr17_79087377_C_T_b38	chr17_79085706_G_A_b38	0.232665215324176
ENSG00000167280.16	chr17_79087377_C_T_b38	chr17_79082369_C_T_b38	-0.0262492805845407
ENSG00000167280.16	chr17_79087377_C_T_b38	chr17_79082873_T_C_b38	-0.0123489227535471
ENSG00000167280.16	chr17_79087377_C_T_b38	chr17_79089773_C_T_b38	0.18740459925431
ENSG00000167280.16	chr17_79087377_C_T_b38	chr17_79082453_C_T_b38	-0.00783224482646451
ENSG00000167280.16	chr17_79087377_C_T_b38	chr17_79074920_C_G_b38	0.170501463854065
ENSG00000167280.16	chr17_79087377_C_T_b38	chr17_79080792_G_T_b38	-0.0148449816079874
ENSG00000167280.16	chr17_79087377_C_T_b38	chr17_79080118_GC_G_b38	-0.00677501689062384
ENSG00000167280.16	chr17_79087377_C_T_b38	chr17_79000745_C_T_b38	0.0133123138903486
ENSG00000167280.16	chr17_79087377_C_T_b38	chr17_79092126_A_G_b38	-0.0247979380927356
ENSG00000167280.16	chr17_79075173_C_A_b38	chr17_79075173_C_A_b38	0.0711658283912618
ENSG00000167280.16	chr17_79075173_C_A_b38	chr17_79085706_G_A_b38	-0.0115356704952081
ENSG00000167280.16	chr17_79075173_C_A_b38	chr17_79082369_C_T_b38	-0.00673122638440557
ENSG00000167280.16	chr17_79075173_C_A_b38	chr17_79082873_T_C_b38	0.0560956384655806
ENSG00000167280.16	chr17_79075173_C_A_b38	chr17_79089773_C_T_b38	-0.0133873833295799
ENSG00000167280.16	chr17_79075173_C_A_b38	chr17_79082453_C_T_b38	-0.00387233190701399
ENSG00000167280.16	chr17_79075173_C_A_b38	chr17_79074920_C_G_b38	-0.0188611966068613
ENSG00000167280.16	chr17_79075173_C_A_b38	chr17_79080792_G_T_b38	-0.00302154492905938
ENSG00000167280.16	chr17_79075173_C_A_b38	chr17_79080118_GC_G_b38	0.0610502214548455
ENSG00000167280.16	chr17_79075173_C_A_b38	chr17_79000745_C_T_b38	-0.00166403923629356
ENSG00000167280.16	chr17_79075173_C_A_b38	chr17_79092126_A_G_b38	0.00340940369842106
ENSG00000167280.16	chr17_79085706_G_A_b38	chr17_79085706_G_A_b38	0.248421456513943
ENSG00000167280.16	chr17_79085706_G_A_b38	chr17_79082369_C_T_b38	-0.0146781606319178
ENSG00000167280.16	chr17_79085706_G_A_b38	chr17_79082873_T_C_b38	-0.0173848309686459
ENSG00000167280.16	chr17_79085706_G_A_b38	chr17_79089773_C_T_b38	0.193750052131555
ENSG00000167280.16	chr17_79085706_G_A_b38	chr17_79082453_C_T_b38	-0.00824929726663831
ENSG00000167280.16	chr17_79085706_G_A_b38	chr17_79074920_C_G_b38	0.166103645872432
ENSG00000167280.16	chr17_79085706_G_A_b38	chr17_79080792_G_T_b38	-0.0151953056577334
ENSG00000167280.16	chr17_79085706_G_A_b38	chr17_79080118_GC_G_b38	-0.0115356704952081
ENSG00000167280.16	chr17_79085706_G_A_b38	chr17_79000745_C_T_b38	0.00694809365329597
ENSG00000167280.16	chr17_79085706_G_A_b38	chr17_79092126_A_G_b38	-0.0230004420755866
ENSG00000167280.16	chr17_79082369_C_T_b38	chr17_79082369_C_T_b38	0.207095730217117
ENSG00000167280.16	chr17_79082369_C_T_b38	chr17_79082873_T_C_b38	-0.0127868278157295
ENSG00000167280.16	chr17_79082369_C_T_b38	chr17_79089773_C_T_b38	0.154357363894936
ENSG00000167280.16	chr17_79082369_C_T_b38	chr17_79082453_C_T_b38	0.0586563404482481
ENSG00000167280.16	chr17_79082369_C_T_b38	chr17_79074920_C_G_b38	0.133148162049896
ENSG00000167280.16	chr17_79082369_C_T_b38	chr17_79080792_G_T_b38	-0.00928358731826937
ENSG00000167280.16	chr17_79082369_C_T_b38	chr17_79080118_GC_G_b38	-0.0110664865000125
ENSG00000167280.16	chr17_79082369_C_T_b38	chr17_79000745_C_T_b38	-0.0121007765516436
ENSG00000167280.16	chr17_79082369_C_T_b38	chr17_79092126_A_G_b38	0.133650710240305
ENSG00000167280.16	chr17_79082873_T_C_b38	chr17_79082873_T_C_b38	0.115344193378876
ENSG00000167280.16	chr17_79082873_T_C_b38	chr17_79089773_C_T_b38	-0.0199246803293046
ENSG00000167280.16	chr17_79082873_T_C_b38	chr17_79082453_C_T_b38	-8.75810124364957e-05
ENSG00000167280.16	chr17_79082873_T_C_b38	chr17_79074920_C_G_b38	-0.0157645822385707
ENSG00000167280.16	chr17_79082873_T_C_b38	chr17_79080792_G_T_b38	-0.00302154492905939
ENSG00000167280.16	chr17_79082873_T_C_b38	chr17_79080118_GC_G_b38	0.0647661586967945
ENSG00000167280.16	chr17_79082873_T_C_b38	chr17_79000745_C_T_b38	0.00507969872131723
ENSG00000167280.16	chr17_79082873_T_C_b38	chr17_79092126_A_G_b38	0.00162024873007527
ENSG00000167280.16	chr17_79089773_C_T_b38	chr17_79089773_C_T_b38	0.461255828307852
ENSG00000167280.16	chr17_79089773_C_T_b38	chr17_79082453_C_T_b38	0.0439135366881031
ENSG00000167280.16	chr17_79089773_C_T_b38	chr17_79074920_C_G_b38	0.268942521832696
ENSG00000167280.16	chr17_79089773_C_T_b38	chr17_79080792_G_T_b38	-0.0309160973900858
ENSG00000167280.16	chr17_79089773_C_T_b38	chr17_79080118_GC_G_b38	-0.0119422966243775
ENSG00000167280.16	chr17_79089773_C_T_b38	chr17_79000745_C_T_b38	-0.00528405441700247
ENSG00000167280.16	chr17_79089773_C_T_b38	chr17_79092126_A_G_b38	0.120747107741328
ENSG00000167280.16	chr17_79082453_C_T_b38	chr17_79082453_C_T_b38	0.0699313531683475
ENSG00000167280.16	chr17_79082453_C_T_b38	chr17_79074920_C_G_b38	0.0497960613567549
ENSG00000167280.16	chr17_79082453_C_T_b38	chr17_79080792_G_T_b38	-0.00437905062182518
ENSG00000167280.16	chr17_79082453_C_T_b38	chr17_79080118_GC_G_b38	-0.00387233190701398
ENSG00000167280.16	chr17_79082453_C_T_b38	chr17_79000745_C_T_b38	-0.00296315758743504
ENSG00000167280.16	chr17_79082453_C_T_b38	chr17_79092126_A_G_b38	0.0036825730467349
ENSG00000167280.16	chr17_79074920_C_G_b38	chr17_79074920_C_G_b38	0.403423166428947
ENSG00000167280.16	chr17_79074920_C_G_b38	chr17_79080792_G_T_b38	-0.0208880714661061
ENSG00000167280.16	chr17_79074920_C_G_b38	chr17_79080118_GC_G_b38	-0.0145259364912544
ENSG00000167280.16	chr17_79074920_C_G_b38	chr17_79000745_C_T_b38	0.0465930986162201
ENSG00000167280.16	chr17_79074920_C_G_b38	chr17_79092126_A_G_b38	0.0810437154367791
ENSG00000167280.16	chr17_79080792_G_T_b38	chr17_79080792_G_T_b38	0.0570152390961638
ENSG00000167280.16	chr17_79080792_G_T_b38	chr17_79080118_GC_G_b38	-0.00157645822385707
ENSG00000167280.16	chr17_79080792_G_T_b38	chr17_79000745_C_T_b38	-0.00468558416535294
ENSG00000167280.16	chr17_79080792_G_T_b38	chr17_79092126_A_G_b38	-0.00424767910317044
ENSG00000167280.16	chr17_79080118_GC_G_b38	chr17_79000745_C_T_b38	0.00267122087931337
ENSG00000167280.16	chr17_79080118_GC_G_b38	chr17_79092126_A_G_b38	0.00196431699321875
ENSG00000167280.16	chr17_79000745_C_T_b38	chr17_79000745_C_T_b38	0.096718631400712
ENSG00000167280.16	chr17_79000745_C_T_b38	chr17_79092126_A_G_b38	-0.0118964208559584
ENSG00000167280.16	chr17_79092126_A_G_b38	chr17_79092126_A_G_b38	0.165081867394006
ENSG00000167281.18	chr17_79090070_G_C_b38	chr17_79090070_G_C_b38	0.153045733970589
ENSG00000167281.18	chr17_79090070_G_C_b38	chr17_79094279_C_T_b38	0.151108525385982
ENSG00000167281.18	chr17_79090070_G_C_b38	chr17_79005826_A_G_b38	-0.0203187948852689
ENSG00000167281.18	chr17_79090070_G_C_b38	chr17_79088572_G_T_b38	0.107328445478734
ENSG00000167281.18	chr17_79090070_G_C_b38	chr17_79090923_C_CA_b38	0.108345950803433
ENSG00000167281.18	chr17_79094279_C_T_b38	chr17_79094279_C_T_b38	0.15494332257338
ENSG00000167281.18	chr17_79094279_C_T_b38	chr17_79005826_A_G_b38	-0.0215449290593799
ENSG00000167281.18	chr17_79094279_C_T_b38	chr17_79088572_G_T_b38	0.105522608412782
ENSG00000167281.18	chr17_79094279_C_T_b38	chr17_79090923_C_CA_b38	0.105022878771003
ENSG00000167281.18	chr17_79676284_C_G_b38	chr17_79676284_C_G_b38	0.0830559934606176
ENSG00000167281.18	chr17_79005826_A_G_b38	chr17_79005826_A_G_b38	0.331318970047293
ENSG00000167281.18	chr17_79005826_A_G_b38	chr17_79088572_G_T_b38	0.111709581362761
ENSG00000167281.18	chr17_79005826_A_G_b38	chr17_79090923_C_CA_b38	0.110713299810834
ENSG00000167281.18	chr17_79557319_C_T_b38	chr17_79557319_C_T_b38	0.0966810966810968
ENSG00000167281.18	chr17_79557319_C_T_b38	chr17_79511989_C_T_b38	-0.00203313064584742
ENSG00000167281.18	chr17_79557319_C_T_b38	chr17_79482883_G_A_b38	-0.00173285288892226
ENSG00000167281.18	chr17_79557319_C_T_b38	chr17_79517011_T_C_b38	-0.00329888480177499
ENSG00000167281.18	chr17_79557319_C_T_b38	chr17_79469475_A_G_b38	-0.00293813444102461
ENSG00000167281.18	chr17_79557319_C_T_b38	chr17_79516127_G_A_b38	-0.00113021211287108
ENSG00000167281.18	chr17_79557319_C_T_b38	chr17_79501675_T_C_b38	-0.00380351825438533
ENSG00000167281.18	chr17_79088572_G_T_b38	chr17_79088572_G_T_b38	0.451521824354194
ENSG00000167281.18	chr17_79088572_G_T_b38	chr17_79090923_C_CA_b38	0.431493270135081
ENSG00000167281.18	chr17_79511989_C_T_b38	chr17_79511989_C_T_b38	0.0212071165828391
ENSG00000167281.18	chr17_79511989_C_T_b38	chr17_79482883_G_A_b38	-0.0152953982433751
ENSG00000167281.18	chr17_79511989_C_T_b38	chr17_79517011_T_C_b38	-0.00109476265545629
ENSG00000167281.18	chr17_79511989_C_T_b38	chr17_79469475_A_G_b38	-0.0013449941195606
ENSG00000167281.18	chr17_79511989_C_T_b38	chr17_79516127_G_A_b38	0.000850786977954613
ENSG00000167281.18	chr17_79511989_C_T_b38	chr17_79501675_T_C_b38	0.0196869604384055
ENSG00000167281.18	chr17_79482883_G_A_b38	chr17_79482883_G_A_b38	0.453682155994294
ENSG00000167281.18	chr17_79482883_G_A_b38	chr17_79517011_T_C_b38	-0.0116044841478367
ENSG00000167281.18	chr17_79482883_G_A_b38	chr17_79469475_A_G_b38	0.00576783524760401
ENSG00000167281.18	chr17_79482883_G_A_b38	chr17_79516127_G_A_b38	-0.0116670420138629
ENSG00000167281.18	chr17_79482883_G_A_b38	chr17_79501675_T_C_b38	-0.147511448089483
ENSG00000167281.18	chr17_79517011_T_C_b38	chr17_79517011_T_C_b38	0.0480235884860161
ENSG00000167281.18	chr17_79517011_T_C_b38	chr17_79469475_A_G_b38	-0.00169323290710574
ENSG00000167281.18	chr17_79517011_T_C_b38	chr17_79516127_G_A_b38	0.00150347404682666
ENSG00000167281.18	chr17_79517011_T_C_b38	chr17_79501675_T_C_b38	0.00162024873007533
ENSG00000167281.18	chr17_79469475_A_G_b38	chr17_79469475_A_G_b38	0.0611732519246973
ENSG00000167281.18	chr17_79469475_A_G_b38	chr17_79516127_G_A_b38	0.00118651419229453
ENSG00000167281.18	chr17_79469475_A_G_b38	chr17_79501675_T_C_b38	0.00046292820859295
ENSG00000167281.18	chr17_79516127_G_A_b38	chr17_79516127_G_A_b38	0.0267038677443302
ENSG00000167281.18	chr17_79516127_G_A_b38	chr17_79501675_T_C_b38	-0.00184545704776919
ENSG00000167281.18	chr17_79501675_T_C_b38	chr17_79501675_T_C_b38	0.206478492605661
ENSG00000141570.10	chr17_79714017_C_G_b38	chr17_79714017_C_G_b38	0.362364353693834
ENSG00000141570.10	chr17_79714017_C_G_b38	chr17_79799519_T_C_b38	0.00128035099133365
ENSG00000141570.10	chr17_79714017_C_G_b38	chr17_79801428_G_C_b38	0.0137773273611424
ENSG00000141570.10	chr17_79714017_C_G_b38	chr17_79804428_T_C_b38	-0.00100301111861806
ENSG00000141570.10	chr17_79714017_C_G_b38	chr17_79798269_G_A_b38	0.00120319628990149
ENSG00000141570.10	chr17_79714017_C_G_b38	chr17_79805783_G_T_b38	0.0078426711374688
ENSG00000141570.10	chr17_79714017_C_G_b38	chr17_79780274_C_A_b38	0.107357639149547
ENSG00000141570.10	chr17_79714017_C_G_b38	chr17_79809958_C_T_b38	0.00910842529339641
ENSG00000141570.10	chr17_79714017_C_G_b38	chr17_79794855_C_A_b38	-0.00320921852713756
ENSG00000141570.10	chr17_79714017_C_G_b38	chr17_79798388_G_C_b38	0.00644971598728826
ENSG00000141570.10	chr17_79714017_C_G_b38	chr17_79779686_A_G_b38	0.0626746407093229
ENSG00000141570.10	chr17_79799519_T_C_b38	chr17_79799519_T_C_b38	0.511902676642559
ENSG00000141570.10	chr17_79799519_T_C_b38	chr17_79801428_G_C_b38	0.0125199142540183
ENSG00000141570.10	chr17_79799519_T_C_b38	chr17_79804428_T_C_b38	0.510313706845498
ENSG00000141570.10	chr17_79799519_T_C_b38	chr17_79798269_G_A_b38	0.51036166787612
ENSG00000141570.10	chr17_79799519_T_C_b38	chr17_79805783_G_T_b38	-0.0136834905621033
ENSG00000141570.10	chr17_79799519_T_C_b38	chr17_79780274_C_A_b38	0.0648495691848293
ENSG00000141570.10	chr17_79799519_T_C_b38	chr17_79809958_C_T_b38	0.088850937116833
ENSG00000141570.10	chr17_79799519_T_C_b38	chr17_79794855_C_A_b38	0.503040312288867
ENSG00000141570.10	chr17_79799519_T_C_b38	chr17_79816336_T_C_b38	0.469269490945792
ENSG00000141570.10	chr17_79799519_T_C_b38	chr17_79823835_A_G_b38	0.437777861188266
ENSG00000141570.10	chr17_79799519_T_C_b38	chr17_79798388_G_C_b38	0.0949190501213625
ENSG00000141570.10	chr17_79799519_T_C_b38	chr17_79779686_A_G_b38	0.0329659101335401
ENSG00000141570.10	chr17_79799519_T_C_b38	chr17_79878203_G_A_b38	0.122227643903945
ENSG00000141570.10	chr17_79801428_G_C_b38	chr17_79801428_G_C_b38	0.0280676292236986
ENSG00000141570.10	chr17_79801428_G_C_b38	chr17_79804428_T_C_b38	0.0126450299860704
ENSG00000141570.10	chr17_79801428_G_C_b38	chr17_79798269_G_A_b38	0.0126033247420531
ENSG00000141570.10	chr17_79801428_G_C_b38	chr17_79805783_G_T_b38	-0.000667283904278125
ENSG00000141570.10	chr17_79801428_G_C_b38	chr17_79780274_C_A_b38	0.0171200026691356
ENSG00000141570.10	chr17_79801428_G_C_b38	chr17_79809958_C_T_b38	-0.00148887721142056
ENSG00000141570.10	chr17_79801428_G_C_b38	chr17_79794855_C_A_b38	0.0126867352300878
ENSG00000141570.10	chr17_79801428_G_C_b38	chr17_79816336_T_C_b38	0.0133394222989599
ENSG00000141570.10	chr17_79801428_G_C_b38	chr17_79823835_A_G_b38	0.0155915054758986
ENSG00000141570.10	chr17_79801428_G_C_b38	chr17_79798388_G_C_b38	-0.00173910867552487
ENSG00000141570.10	chr17_79801428_G_C_b38	chr17_79779686_A_G_b38	0.0141839534903119
ENSG00000141570.10	chr17_79801428_G_C_b38	chr17_79878203_G_A_b38	-0.00581996680262577
ENSG00000141570.10	chr17_79804428_T_C_b38	chr17_79804428_T_C_b38	0.513041229804235
ENSG00000141570.10	chr17_79804428_T_C_b38	chr17_79798269_G_A_b38	0.510205273211054
ENSG00000141570.10	chr17_79804428_T_C_b38	chr17_79805783_G_T_b38	-0.0135833979764615
ENSG00000141570.10	chr17_79804428_T_C_b38	chr17_79780274_C_A_b38	0.0658942855474647
ENSG00000141570.10	chr17_79804428_T_C_b38	chr17_79809958_C_T_b38	0.0895077947101068
ENSG00000141570.10	chr17_79804428_T_C_b38	chr17_79794855_C_A_b38	0.502871406050598
ENSG00000141570.10	chr17_79804428_T_C_b38	chr17_79816336_T_C_b38	0.472109618063375
ENSG00000141570.10	chr17_79804428_T_C_b38	chr17_79823835_A_G_b38	0.44028017582931
ENSG00000141570.10	chr17_79804428_T_C_b38	chr17_79798388_G_C_b38	0.0956134424342516
ENSG00000141570.10	chr17_79804428_T_C_b38	chr17_79779686_A_G_b38	0.0338729991909182
ENSG00000141570.10	chr17_79804428_T_C_b38	chr17_79878203_G_A_b38	0.123028384589078
ENSG00000141570.10	chr17_79798269_G_A_b38	chr17_79798269_G_A_b38	0.511702491471278
ENSG00000141570.10	chr17_79798269_G_A_b38	chr17_79805783_G_T_b38	-0.0136167621716755
ENSG00000141570.10	chr17_79798269_G_A_b38	chr17_79780274_C_A_b38	0.0645826556231181
ENSG00000141570.10	chr17_79798269_G_A_b38	chr17_79809958_C_T_b38	0.0892888421790156
ENSG00000141570.10	chr17_79798269_G_A_b38	chr17_79794855_C_A_b38	0.504372794835223
ENSG00000141570.10	chr17_79798269_G_A_b38	chr17_79816336_T_C_b38	0.470681213455778
ENSG00000141570.10	chr17_79798269_G_A_b38	chr17_79823835_A_G_b38	0.438964375380562
ENSG00000141570.10	chr17_79798269_G_A_b38	chr17_79798388_G_C_b38	0.0953819783299553
ENSG00000141570.10	chr17_79798269_G_A_b38	chr17_79779686_A_G_b38	0.0321255494665899
ENSG00000141570.10	chr17_79798269_G_A_b38	chr17_79878203_G_A_b38	0.120352993185363
ENSG00000141570.10	chr17_79805783_G_T_b38	chr17_79805783_G_T_b38	0.0225875601598144
ENSG00000141570.10	chr17_79805783_G_T_b38	chr17_79780274_C_A_b38	-0.0123155585583331
ENSG00000141570.10	chr17_79805783_G_T_b38	chr17_79809958_C_T_b38	0.000832019618146791
ENSG00000141570.10	chr17_79805783_G_T_b38	chr17_79794855_C_A_b38	-0.0121049470760454
ENSG00000141570.10	chr17_79805783_G_T_b38	chr17_79816336_T_C_b38	-0.0170741269007165
ENSG00000141570.10	chr17_79805783_G_T_b38	chr17_79823835_A_G_b38	-0.0138273736539632
ENSG00000141570.10	chr17_79805783_G_T_b38	chr17_79798388_G_C_b38	0.000631834446863344
ENSG00000141570.10	chr17_79805783_G_T_b38	chr17_79779686_A_G_b38	-0.0048378083060164
ENSG00000141570.10	chr17_79805783_G_T_b38	chr17_79878203_G_A_b38	-0.0139045283553954
ENSG00000141570.10	chr17_79780274_C_A_b38	chr17_79780274_C_A_b38	0.474117725562811
ENSG00000141570.10	chr17_79780274_C_A_b38	chr17_79809958_C_T_b38	-0.000437905062182536
ENSG00000141570.10	chr17_79780274_C_A_b38	chr17_79794855_C_A_b38	0.0599804819457999
ENSG00000141570.10	chr17_79780274_C_A_b38	chr17_79816336_T_C_b38	0.049510380435236
ENSG00000141570.10	chr17_79780274_C_A_b38	chr17_79823835_A_G_b38	0.0451938876794368
ENSG00000141570.10	chr17_79780274_C_A_b38	chr17_79798388_G_C_b38	0.000362835622951263
ENSG00000141570.10	chr17_79780274_C_A_b38	chr17_79779686_A_G_b38	0.0959408285997881
ENSG00000141570.10	chr17_79780274_C_A_b38	chr17_79878203_G_A_b38	0.0411672463695585
ENSG00000141570.10	chr17_79809958_C_T_b38	chr17_79809958_C_T_b38	0.143194955333683
ENSG00000141570.10	chr17_79809958_C_T_b38	chr17_79794855_C_A_b38	0.0839464004203889
ENSG00000141570.10	chr17_79809958_C_T_b38	chr17_79816336_T_C_b38	0.0740059555088457
ENSG00000141570.10	chr17_79809958_C_T_b38	chr17_79823835_A_G_b38	0.0800490453669647
ENSG00000141570.10	chr17_79809958_C_T_b38	chr17_79798388_G_C_b38	0.141881240147136
ENSG00000141570.10	chr17_79809958_C_T_b38	chr17_79779686_A_G_b38	4.3790506218266e-05
ENSG00000141570.10	chr17_79809958_C_T_b38	chr17_79878203_G_A_b38	0.0211070239971974
ENSG00000141570.10	chr17_79794855_C_A_b38	chr17_79794855_C_A_b38	0.523046317844004
ENSG00000141570.10	chr17_79794855_C_A_b38	chr17_79816336_T_C_b38	0.47353802267097
ENSG00000141570.10	chr17_79794855_C_A_b38	chr17_79823835_A_G_b38	0.440150889572854
ENSG00000141570.10	chr17_79794855_C_A_b38	chr17_79798388_G_C_b38	0.090064559717739
ENSG00000141570.10	chr17_79794855_C_A_b38	chr17_79779686_A_G_b38	0.0298401020944373
ENSG00000141570.10	chr17_79794855_C_A_b38	chr17_79878203_G_A_b38	0.118478342466782
ENSG00000141570.10	chr17_79816336_T_C_b38	chr17_79816336_T_C_b38	0.525878103912788
ENSG00000141570.10	chr17_79816336_T_C_b38	chr17_79823835_A_G_b38	0.470063975844322
ENSG00000141570.10	chr17_79816336_T_C_b38	chr17_79798388_G_C_b38	0.0798863949152965
ENSG00000141570.10	chr17_79816336_T_C_b38	chr17_79779686_A_G_b38	0.0327657249622567
ENSG00000141570.10	chr17_79816336_T_C_b38	chr17_79878203_G_A_b38	0.128339547414692
ENSG00000141570.10	chr17_79823835_A_G_b38	chr17_79823835_A_G_b38	0.523776159614311
ENSG00000141570.10	chr17_79823835_A_G_b38	chr17_79798388_G_C_b38	0.0866051097264971
ENSG00000141570.10	chr17_79823835_A_G_b38	chr17_79779686_A_G_b38	0.015856333775409
ENSG00000141570.10	chr17_79823835_A_G_b38	chr17_79878203_G_A_b38	0.131192186105481
ENSG00000141570.10	chr17_79798388_G_C_b38	chr17_79798388_G_C_b38	0.149162975752571
ENSG00000141570.10	chr17_79798388_G_C_b38	chr17_79779686_A_G_b38	-0.00177038760853791
ENSG00000141570.10	chr17_79798388_G_C_b38	chr17_79878203_G_A_b38	0.0223957160373346
ENSG00000141570.10	chr17_79779686_A_G_b38	chr17_79779686_A_G_b38	0.188816321764299
ENSG00000141570.10	chr17_79779686_A_G_b38	chr17_79878203_G_A_b38	0.0138023505075528
ENSG00000141570.10	chr17_79878203_G_A_b38	chr17_79878203_G_A_b38	0.476432366605776
ENSG00000141582.14	chr17_79835867_C_A_b38	chr17_79835867_C_A_b38	0.261129044366039
ENSG00000141582.14	chr17_79835867_C_A_b38	chr17_79887021_T_A_b38	-0.00518604709356155
ENSG00000141582.14	chr17_79835867_C_A_b38	chr17_79841497_C_T_b38	0.0318732327402849
ENSG00000141582.14	chr17_79835867_C_A_b38	chr17_79839945_T_TG_b38	-0.0717413607587017
ENSG00000141582.14	chr17_79835867_C_A_b38	chr17_79841199_A_G_b38	-0.00716913144658809
ENSG00000141582.14	chr17_79835867_C_A_b38	chr17_79834118_T_TGCCGCC_b38	-0.0205565147761679
ENSG00000141582.14	chr17_79835867_C_A_b38	chr17_79831081_T_G_b38	-0.123289042364187
ENSG00000141582.14	chr17_79835867_C_A_b38	chr17_79836024_T_C_b38	-0.121249655931737
ENSG00000141582.14	chr17_79835867_C_A_b38	chr17_79887888_G_A_b38	0.00137001726597103
ENSG00000141582.14	chr17_79835867_C_A_b38	chr17_79926422_T_C_b38	-0.0123614343267522
ENSG00000141582.14	chr17_79887021_T_A_b38	chr17_79887021_T_A_b38	0.428400437070957
ENSG00000141582.14	chr17_79887021_T_A_b38	chr17_79841497_C_T_b38	-0.0126220921018609
ENSG00000141582.14	chr17_79887021_T_A_b38	chr17_79839945_T_TG_b38	-0.0503069505959678
ENSG00000141582.14	chr17_79887021_T_A_b38	chr17_79841199_A_G_b38	0.00578660260741187
ENSG00000141582.14	chr17_79887021_T_A_b38	chr17_79834118_T_TGCCGCC_b38	-0.0371802250414967
ENSG00000141582.14	chr17_79887021_T_A_b38	chr17_79831081_T_G_b38	-0.0498794718447898
ENSG00000141582.14	chr17_79887021_T_A_b38	chr17_79836024_T_C_b38	-0.0554867419029268
ENSG00000141582.14	chr17_79887021_T_A_b38	chr17_79887888_G_A_b38	0.400601806671171
ENSG00000141582.14	chr17_79887021_T_A_b38	chr17_79926422_T_C_b38	-0.087704042906355
ENSG00000141582.14	chr17_79841497_C_T_b38	chr17_79841497_C_T_b38	0.12041555105139
ENSG00000141582.14	chr17_79841497_C_T_b38	chr17_79839945_T_TG_b38	-0.0318815737890883
ENSG00000141582.14	chr17_79841497_C_T_b38	chr17_79841199_A_G_b38	-0.00285889447739158
ENSG00000141582.14	chr17_79841497_C_T_b38	chr17_79834118_T_TGCCGCC_b38	0.0626537880873142
ENSG00000141582.14	chr17_79841497_C_T_b38	chr17_79831081_T_G_b38	0.0208338546488836
ENSG00000141582.14	chr17_79841497_C_T_b38	chr17_79836024_T_C_b38	0.0202541517570419
ENSG00000141582.14	chr17_79841497_C_T_b38	chr17_79887888_G_A_b38	-0.00999674699096665
ENSG00000141582.14	chr17_79841497_C_T_b38	chr17_79926422_T_C_b38	0.00801157737573923
ENSG00000141582.14	chr17_79839945_T_TG_b38	chr17_79841199_A_G_b38	-0.00725045667242199
ENSG00000141582.14	chr17_79839945_T_TG_b38	chr17_79831081_T_G_b38	0.219749101251992
ENSG00000141582.14	chr17_79839945_T_TG_b38	chr17_79836024_T_C_b38	0.226282227727314
ENSG00000141582.14	chr17_79839945_T_TG_b38	chr17_79887888_G_A_b38	-0.0590546255286139
ENSG00000141582.14	chr17_79839945_T_TG_b38	chr17_79926422_T_C_b38	0.0401225300069231
ENSG00000141582.14	chr17_79841199_A_G_b38	chr17_79841199_A_G_b38	0.0334809698971548
ENSG00000141582.14	chr17_79841199_A_G_b38	chr17_79834118_T_TGCCGCC_b38	-0.00157020243725446
ENSG00000141582.14	chr17_79841199_A_G_b38	chr17_79831081_T_G_b38	-0.00551134799689714
ENSG00000141582.14	chr17_79841199_A_G_b38	chr17_79836024_T_C_b38	-0.0040600055050922
ENSG00000141582.14	chr17_79841199_A_G_b38	chr17_79887888_G_A_b38	0.00641843705427519
ENSG00000141582.14	chr17_79841199_A_G_b38	chr17_79926422_T_C_b38	-0.00619948452318395
ENSG00000141582.14	chr17_79834118_T_TGCCGCC_b38	chr17_79831081_T_G_b38	0.0876665081867393
ENSG00000141582.14	chr17_79834118_T_TGCCGCC_b38	chr17_79836024_T_C_b38	0.0774612349756858
ENSG00000141582.14	chr17_79834118_T_TGCCGCC_b38	chr17_79887888_G_A_b38	-0.0351575207066537
ENSG00000141582.14	chr17_79834118_T_TGCCGCC_b38	chr17_79926422_T_C_b38	0.0151598562003186
ENSG00000141582.14	chr17_79831081_T_G_b38	chr17_79831081_T_G_b38	0.496801207783867
ENSG00000141582.14	chr17_79831081_T_G_b38	chr17_79836024_T_C_b38	0.411757959445821
ENSG00000141582.14	chr17_79831081_T_G_b38	chr17_79887888_G_A_b38	-0.0544691339489028
ENSG00000141582.14	chr17_79831081_T_G_b38	chr17_79926422_T_C_b38	0.0683215307492764
ENSG00000141582.14	chr17_79836024_T_C_b38	chr17_79836024_T_C_b38	0.456463895770255
ENSG00000141582.14	chr17_79836024_T_C_b38	chr17_79887888_G_A_b38	-0.0642719515551886
ENSG00000141582.14	chr17_79836024_T_C_b38	chr17_79926422_T_C_b38	0.0562436920818424
ENSG00000141582.14	chr17_79887888_G_A_b38	chr17_79887888_G_A_b38	0.474101043465206
ENSG00000141582.14	chr17_79887888_G_A_b38	chr17_79926422_T_C_b38	-0.0946563070840529
ENSG00000141582.14	chr17_79997640_A_G_b38	chr17_79997640_A_G_b38	0.225133248254636
ENSG00000141582.14	chr17_79997640_A_G_b38	chr17_79926422_T_C_b38	-0.000381602982759017
ENSG00000141582.14	chr17_79926422_T_C_b38	chr17_79926422_T_C_b38	0.376652570294189
ENSG00000167291.15	chr17_79926422_T_C_b38	chr17_79926422_T_C_b38	0.376652570294189
ENSG00000167291.15	chr17_79926422_T_C_b38	chr17_79989571_T_C_b38	0.00545713117967454
ENSG00000167291.15	chr17_79926422_T_C_b38	chr17_79936357_C_T_b38	0.234468967127927
ENSG00000167291.15	chr17_79926422_T_C_b38	chr17_79932325_A_T_b38	0.234954833220729
ENSG00000167291.15	chr17_79926422_T_C_b38	chr17_79952494_T_C_b38	0.0376243858902817
ENSG00000167291.15	chr17_79926422_T_C_b38	chr17_80023649_G_A_b38	0.00725254193462286
ENSG00000167291.15	chr17_79926422_T_C_b38	chr17_79950977_C_T_b38	-0.00514642711174505
ENSG00000167291.15	chr17_79926422_T_C_b38	chr17_80005998_G_A_b38	-0.0250085495750235
ENSG00000167291.15	chr17_79926422_T_C_b38	chr17_80025564_C_T_b38	0.0125240847751574
ENSG00000167291.15	chr17_79926422_T_C_b38	chr17_80026360_G_A_b38	-0.0068375747566499
ENSG00000167291.15	chr17_79926422_T_C_b38	chr17_79937133_A_G_b38	0.232771563696419
ENSG00000167291.15	chr17_79989571_T_C_b38	chr17_79989571_T_C_b38	0.341732769478435
ENSG00000167291.15	chr17_79989571_T_C_b38	chr17_80030294_C_A_b38	0.0653687994728456
ENSG00000167291.15	chr17_79989571_T_C_b38	chr17_79936357_C_T_b38	-0.00618905821217961
ENSG00000167291.15	chr17_79989571_T_C_b38	chr17_80036749_C_A_b38	0.0346528872540433
ENSG00000167291.15	chr17_79989571_T_C_b38	chr17_79932325_A_T_b38	-0.00982158496609361
ENSG00000167291.15	chr17_79989571_T_C_b38	chr17_80036451_G_T_b38	0.0560685300569693
ENSG00000167291.15	chr17_79989571_T_C_b38	chr17_79952494_T_C_b38	-0.00398076554145908
ENSG00000167291.15	chr17_79989571_T_C_b38	chr17_80036154_G_A_b38	-0.00472311888496861
ENSG00000167291.15	chr17_79989571_T_C_b38	chr17_80064758_G_A_b38	0.0381081667208834
ENSG00000167291.15	chr17_79989571_T_C_b38	chr17_80023649_G_A_b38	0.0929589036525454
ENSG00000167291.15	chr17_79989571_T_C_b38	chr17_80034708_A_G_b38	0.0465305407501939
ENSG00000167291.15	chr17_79989571_T_C_b38	chr17_79950977_C_T_b38	-0.0237240280592883
ENSG00000167291.15	chr17_79989571_T_C_b38	chr17_80034378_T_G_b38	0.0372594650051296
ENSG00000167291.15	chr17_79989571_T_C_b38	chr17_80032948_A_G_b38	0.0516832236485416
ENSG00000167291.15	chr17_79989571_T_C_b38	chr17_80005998_G_A_b38	-0.303295131329814
ENSG00000167291.15	chr17_79989571_T_C_b38	chr17_80025564_C_T_b38	0.0344032045368306
ENSG00000167291.15	chr17_79989571_T_C_b38	chr17_80026360_G_A_b38	-0.145628456322098
ENSG00000167291.15	chr17_79989571_T_C_b38	chr17_80033814_T_G_b38	0.0564042572713092
ENSG00000167291.15	chr17_79989571_T_C_b38	chr17_79937133_A_G_b38	-0.00559267322273102
ENSG00000167291.15	chr17_79989571_T_C_b38	chr17_80043815_G_A_b38	0.00700648099492031
ENSG00000167291.15	chr17_80030294_C_A_b38	chr17_80030294_C_A_b38	0.372698913161341
ENSG00000167291.15	chr17_80030294_C_A_b38	chr17_79936357_C_T_b38	0.00907923162258424
ENSG00000167291.15	chr17_80030294_C_A_b38	chr17_80036749_C_A_b38	-0.0707800548841011
ENSG00000167291.15	chr17_80030294_C_A_b38	chr17_79932325_A_T_b38	0.0120924355028401
ENSG00000167291.15	chr17_80030294_C_A_b38	chr17_80036451_G_T_b38	0.339265904294807
ENSG00000167291.15	chr17_80030294_C_A_b38	chr17_79952494_T_C_b38	0.0128577267305591
ENSG00000167291.15	chr17_80030294_C_A_b38	chr17_80036154_G_A_b38	0.104021219628156
ENSG00000167291.15	chr17_80030294_C_A_b38	chr17_80064758_G_A_b38	0.0975235426102477
ENSG00000167291.15	chr17_80030294_C_A_b38	chr17_80023649_G_A_b38	0.0771484456455555
ENSG00000167291.15	chr17_80030294_C_A_b38	chr17_80034708_A_G_b38	-0.201361259164728
ENSG00000167291.15	chr17_80030294_C_A_b38	chr17_79950977_C_T_b38	0.0119568934597836
ENSG00000167291.15	chr17_80030294_C_A_b38	chr17_80034378_T_G_b38	0.164020468933764
ENSG00000167291.15	chr17_80030294_C_A_b38	chr17_80032948_A_G_b38	-0.0663405316584507
ENSG00000167291.15	chr17_80030294_C_A_b38	chr17_80005998_G_A_b38	-0.0559121353919041
ENSG00000167291.15	chr17_80030294_C_A_b38	chr17_80025564_C_T_b38	0.15515667782993
ENSG00000167291.15	chr17_80030294_C_A_b38	chr17_80026360_G_A_b38	-0.0665928483847561
ENSG00000167291.15	chr17_80030294_C_A_b38	chr17_80033814_T_G_b38	0.325924396733646
ENSG00000167291.15	chr17_80030294_C_A_b38	chr17_79937133_A_G_b38	0.00621199609638919
ENSG00000167291.15	chr17_80030294_C_A_b38	chr17_80043815_G_A_b38	0.0421264669819584
ENSG00000167291.15	chr17_79936357_C_T_b38	chr17_79936357_C_T_b38	0.434080691306124
ENSG00000167291.15	chr17_79936357_C_T_b38	chr17_79932325_A_T_b38	0.121474864249431
ENSG00000167291.15	chr17_79936357_C_T_b38	chr17_79952494_T_C_b38	0.0428125182460443
ENSG00000167291.15	chr17_79936357_C_T_b38	chr17_80036154_G_A_b38	0.0105535119985987
ENSG00000167291.15	chr17_79936357_C_T_b38	chr17_80023649_G_A_b38	-0.016523617679687
ENSG00000167291.15	chr17_79936357_C_T_b38	chr17_80034708_A_G_b38	0.023822035382729
ENSG00000167291.15	chr17_79936357_C_T_b38	chr17_79950977_C_T_b38	-0.109052957318853
ENSG00000167291.15	chr17_79936357_C_T_b38	chr17_80034378_T_G_b38	-0.00547381327728152
ENSG00000167291.15	chr17_79936357_C_T_b38	chr17_80032948_A_G_b38	-0.0177497518537981
ENSG00000167291.15	chr17_79936357_C_T_b38	chr17_80005998_G_A_b38	-0.000102177847842571
ENSG00000167291.15	chr17_79936357_C_T_b38	chr17_80025564_C_T_b38	-0.0098367305568741
ENSG00000167291.15	chr17_79936357_C_T_b38	chr17_80026360_G_A_b38	-0.0159835347696619
ENSG00000167291.15	chr17_79936357_C_T_b38	chr17_80033814_T_G_b38	0.00899165061014774
ENSG00000167291.15	chr17_79936357_C_T_b38	chr17_79937133_A_G_b38	0.429584866001051
ENSG00000167291.15	chr17_80036749_C_A_b38	chr17_80036749_C_A_b38	0.374000116774682
ENSG00000167291.15	chr17_80036749_C_A_b38	chr17_80036451_G_T_b38	-0.113096280726339
ENSG00000167291.15	chr17_80036749_C_A_b38	chr17_79952494_T_C_b38	-0.0150055467974543
ENSG00000167291.15	chr17_80036749_C_A_b38	chr17_80036154_G_A_b38	-0.0305219828341216
ENSG00000167291.15	chr17_80036749_C_A_b38	chr17_80064758_G_A_b38	-0.0177205581829859
ENSG00000167291.15	chr17_80036749_C_A_b38	chr17_80023649_G_A_b38	0.234162433584399
ENSG00000167291.15	chr17_80036749_C_A_b38	chr17_80034708_A_G_b38	-0.188430548257138
ENSG00000167291.15	chr17_80036749_C_A_b38	chr17_79950977_C_T_b38	0.0205961347579845
ENSG00000167291.15	chr17_80036749_C_A_b38	chr17_80034378_T_G_b38	-0.0512786827815729
ENSG00000167291.15	chr17_80036749_C_A_b38	chr17_80032948_A_G_b38	0.346791615577742
ENSG00000167291.15	chr17_80036749_C_A_b38	chr17_80005998_G_A_b38	-0.0484177030419805
ENSG00000167291.15	chr17_80036749_C_A_b38	chr17_80025564_C_T_b38	-0.0358736436474101
ENSG00000167291.15	chr17_80036749_C_A_b38	chr17_80026360_G_A_b38	-0.0398493606586093
ENSG00000167291.15	chr17_80036749_C_A_b38	chr17_80033814_T_G_b38	-0.0817276814386641
ENSG00000167291.15	chr17_80036749_C_A_b38	chr17_79937133_A_G_b38	-0.0186547556489753
ENSG00000167291.15	chr17_80036749_C_A_b38	chr17_80043815_G_A_b38	-0.0100280259239797
ENSG00000167291.15	chr17_79932325_A_T_b38	chr17_79932325_A_T_b38	0.518767359807822
ENSG00000167291.15	chr17_79932325_A_T_b38	chr17_79952494_T_C_b38	0.0615319170232464
ENSG00000167291.15	chr17_79932325_A_T_b38	chr17_80023649_G_A_b38	-0.0245351950554263
ENSG00000167291.15	chr17_79932325_A_T_b38	chr17_79950977_C_T_b38	0.0401934289217526
ENSG00000167291.15	chr17_79932325_A_T_b38	chr17_80005998_G_A_b38	0.0141631008683032
ENSG00000167291.15	chr17_79932325_A_T_b38	chr17_80025564_C_T_b38	0.00578034682863965
ENSG00000167291.15	chr17_79932325_A_T_b38	chr17_80026360_G_A_b38	0.0088957285489078
ENSG00000167291.15	chr17_79932325_A_T_b38	chr17_79937133_A_G_b38	0.127186397417611
ENSG00000167291.15	chr17_80036451_G_T_b38	chr17_80036451_G_T_b38	0.351516819724913
ENSG00000167291.15	chr17_80036451_G_T_b38	chr17_79952494_T_C_b38	0.0128660677793626
ENSG00000167291.15	chr17_80036451_G_T_b38	chr17_80036154_G_A_b38	0.109945449540826
ENSG00000167291.15	chr17_80036451_G_T_b38	chr17_80064758_G_A_b38	0.102755465472228
ENSG00000167291.15	chr17_80036451_G_T_b38	chr17_80023649_G_A_b38	0.085014054667234
ENSG00000167291.15	chr17_80036451_G_T_b38	chr17_80034708_A_G_b38	-0.17792708255136
ENSG00000167291.15	chr17_80036451_G_T_b38	chr17_79950977_C_T_b38	0.00847450558433215
ENSG00000167291.15	chr17_80036451_G_T_b38	chr17_80034378_T_G_b38	0.168518379501038
ENSG00000167291.15	chr17_80036451_G_T_b38	chr17_80032948_A_G_b38	-0.110942204872841
ENSG00000167291.15	chr17_80036451_G_T_b38	chr17_80005998_G_A_b38	-0.0466765091042548
ENSG00000167291.15	chr17_80036451_G_T_b38	chr17_80025564_C_T_b38	0.157134164898627
ENSG00000167291.15	chr17_80036451_G_T_b38	chr17_80026360_G_A_b38	-0.0568776117909065
ENSG00000167291.15	chr17_80036451_G_T_b38	chr17_80033814_T_G_b38	0.338540233048904
ENSG00000167291.15	chr17_80036451_G_T_b38	chr17_79937133_A_G_b38	0.00842654455371218
ENSG00000167291.15	chr17_80036451_G_T_b38	chr17_80043815_G_A_b38	0.0448414783674898
ENSG00000167291.15	chr17_79952494_T_C_b38	chr17_79952494_T_C_b38	0.18510038452235
ENSG00000167291.15	chr17_79952494_T_C_b38	chr17_80036154_G_A_b38	0.00728799139203762
ENSG00000167291.15	chr17_79952494_T_C_b38	chr17_80023649_G_A_b38	-0.00525069022178852
ENSG00000167291.15	chr17_79952494_T_C_b38	chr17_80034708_A_G_b38	-0.000932112203788523
ENSG00000167291.15	chr17_79952494_T_C_b38	chr17_79950977_C_T_b38	0.0688553578726989
ENSG00000167291.15	chr17_79952494_T_C_b38	chr17_80034378_T_G_b38	0.00830142882166003
ENSG00000167291.15	chr17_79952494_T_C_b38	chr17_80032948_A_G_b38	-0.0114126400253569
ENSG00000167291.15	chr17_79952494_T_C_b38	chr17_80005998_G_A_b38	0.00514642711174506
ENSG00000167291.15	chr17_79952494_T_C_b38	chr17_80025564_C_T_b38	0.00998884494933379
ENSG00000167291.15	chr17_79952494_T_C_b38	chr17_80026360_G_A_b38	-0.00331556689938197
ENSG00000167291.15	chr17_79952494_T_C_b38	chr17_80033814_T_G_b38	0.00623910450500046
ENSG00000167291.15	chr17_79952494_T_C_b38	chr17_79937133_A_G_b38	0.0343255010885069
ENSG00000167291.15	chr17_79952494_T_C_b38	chr17_80043815_G_A_b38	0.000175162024873033
ENSG00000167291.15	chr17_80036154_G_A_b38	chr17_80036154_G_A_b38	0.143420163651377
ENSG00000167291.15	chr17_80036154_G_A_b38	chr17_80064758_G_A_b38	0.04863248504867
ENSG00000167291.15	chr17_80036154_G_A_b38	chr17_80023649_G_A_b38	-0.0262680479443485
ENSG00000167291.15	chr17_80036154_G_A_b38	chr17_80034708_A_G_b38	-0.0583477216425193
ENSG00000167291.15	chr17_80036154_G_A_b38	chr17_79950977_C_T_b38	0.00278382503816035
ENSG00000167291.15	chr17_80036154_G_A_b38	chr17_80034378_T_G_b38	-0.0233465956009308
ENSG00000167291.15	chr17_80036154_G_A_b38	chr17_80032948_A_G_b38	-0.0288767109576357
ENSG00000167291.15	chr17_80036154_G_A_b38	chr17_80005998_G_A_b38	0.00640592548107
ENSG00000167291.15	chr17_80036154_G_A_b38	chr17_80025564_C_T_b38	-0.0227664537077914
ENSG00000167291.15	chr17_80036154_G_A_b38	chr17_80026360_G_A_b38	-0.0203438180316792
ENSG00000167291.15	chr17_80036154_G_A_b38	chr17_80033814_T_G_b38	0.10906963941646
ENSG00000167291.15	chr17_80036154_G_A_b38	chr17_79937133_A_G_b38	0.00793859319870878
ENSG00000167291.15	chr17_80036154_G_A_b38	chr17_80043815_G_A_b38	0.0535995796111406
ENSG00000167291.15	chr17_80064758_G_A_b38	chr17_80023649_G_A_b38	-0.0384376381486209
ENSG00000167291.15	chr17_80064758_G_A_b38	chr17_80034708_A_G_b38	-0.0633523509246053
ENSG00000167291.15	chr17_80064758_G_A_b38	chr17_80034378_T_G_b38	-0.0317293496484248
ENSG00000167291.15	chr17_80064758_G_A_b38	chr17_80032948_A_G_b38	-0.0122634270033114
ENSG00000167291.15	chr17_80064758_G_A_b38	chr17_80005998_G_A_b38	-0.0349093745047502
ENSG00000167291.15	chr17_80064758_G_A_b38	chr17_80025564_C_T_b38	-0.0315890883275497
ENSG00000167291.15	chr17_80064758_G_A_b38	chr17_80026360_G_A_b38	-0.0283887596026325
ENSG00000167291.15	chr17_80064758_G_A_b38	chr17_80033814_T_G_b38	0.140356913478301
ENSG00000167291.15	chr17_80064758_G_A_b38	chr17_80043815_G_A_b38	-0.00573655631459102
ENSG00000167291.15	chr17_80023649_G_A_b38	chr17_80023649_G_A_b38	0.450333224899697
ENSG00000167291.15	chr17_80023649_G_A_b38	chr17_80034708_A_G_b38	-0.233028050947126
ENSG00000167291.15	chr17_80023649_G_A_b38	chr17_79950977_C_T_b38	0.0346487167296416
ENSG00000167291.15	chr17_80023649_G_A_b38	chr17_80034378_T_G_b38	0.149056627380327
ENSG00000167291.15	chr17_80023649_G_A_b38	chr17_80032948_A_G_b38	0.249441149730166
ENSG00000167291.15	chr17_80023649_G_A_b38	chr17_80005998_G_A_b38	-0.107901892583973
ENSG00000167291.15	chr17_80023649_G_A_b38	chr17_80025564_C_T_b38	0.157108812499123
ENSG00000167291.15	chr17_80023649_G_A_b38	chr17_80026360_G_A_b38	-0.083226984961089
ENSG00000167291.15	chr17_80023649_G_A_b38	chr17_80033814_T_G_b38	0.110354160932196
ENSG00000167291.15	chr17_80023649_G_A_b38	chr17_79937133_A_G_b38	-0.0183357105322423
ENSG00000167291.15	chr17_80023649_G_A_b38	chr17_80043815_G_A_b38	0.00910842529339644
ENSG00000167291.15	chr17_80034708_A_G_b38	chr17_80034708_A_G_b38	0.483109376172961
ENSG00000167291.15	chr17_80034708_A_G_b38	chr17_79950977_C_T_b38	-0.0609876635888198
ENSG00000167291.15	chr17_80034708_A_G_b38	chr17_80034378_T_G_b38	-0.0868178064709856
ENSG00000167291.15	chr17_80034708_A_G_b38	chr17_80032948_A_G_b38	-0.172916197482671
ENSG00000167291.15	chr17_80034708_A_G_b38	chr17_80005998_G_A_b38	-0.0468933763731451
ENSG00000167291.15	chr17_80034708_A_G_b38	chr17_80025564_C_T_b38	-0.0910404624297032
ENSG00000167291.15	chr17_80034708_A_G_b38	chr17_80026360_G_A_b38	-0.112773065085204
ENSG00000167291.15	chr17_80034708_A_G_b38	chr17_80033814_T_G_b38	-0.193779245802367
ENSG00000167291.15	chr17_80034708_A_G_b38	chr17_79937133_A_G_b38	0.0249230538247879
ENSG00000167291.15	chr17_80034708_A_G_b38	chr17_80043815_G_A_b38	-0.0281135049921178
ENSG00000167291.15	chr17_79950977_C_T_b38	chr17_79950977_C_T_b38	0.472541267338953
ENSG00000167291.15	chr17_79950977_C_T_b38	chr17_80034378_T_G_b38	0.0131997097315016
ENSG00000167291.15	chr17_79950977_C_T_b38	chr17_80032948_A_G_b38	0.0270604475806788
ENSG00000167291.15	chr17_79950977_C_T_b38	chr17_80005998_G_A_b38	0.0161065652395132
ENSG00000167291.15	chr17_79950977_C_T_b38	chr17_80025564_C_T_b38	0.0226650441143408
ENSG00000167291.15	chr17_79950977_C_T_b38	chr17_80026360_G_A_b38	0.0258676776017818
ENSG00000167291.15	chr17_79950977_C_T_b38	chr17_80033814_T_G_b38	0.0136709789888981
ENSG00000167291.15	chr17_79950977_C_T_b38	chr17_79937133_A_G_b38	-0.114856242023872
ENSG00000167291.15	chr17_79950977_C_T_b38	chr17_80043815_G_A_b38	-0.00376598353476966
ENSG00000167291.15	chr17_80034378_T_G_b38	chr17_80034378_T_G_b38	0.205953006531042
ENSG00000167291.15	chr17_80034378_T_G_b38	chr17_80032948_A_G_b38	-0.0541938793383879
ENSG00000167291.15	chr17_80034378_T_G_b38	chr17_80005998_G_A_b38	-0.0340377349047869
ENSG00000167291.15	chr17_80034378_T_G_b38	chr17_80025564_C_T_b38	0.195695162772803
ENSG00000167291.15	chr17_80034378_T_G_b38	chr17_80026360_G_A_b38	-0.0227460400870805
ENSG00000167291.15	chr17_80034378_T_G_b38	chr17_80033814_T_G_b38	0.159234792182769
ENSG00000167291.15	chr17_80034378_T_G_b38	chr17_79937133_A_G_b38	-0.00767585016139926
ENSG00000167291.15	chr17_80034378_T_G_b38	chr17_80043815_G_A_b38	-0.00814503415659487
ENSG00000167291.15	chr17_80032948_A_G_b38	chr17_80032948_A_G_b38	0.366918566340532
ENSG00000167291.15	chr17_80032948_A_G_b38	chr17_80005998_G_A_b38	-0.0669202345502925
ENSG00000167291.15	chr17_80032948_A_G_b38	chr17_80025564_C_T_b38	-0.0370398539704602
ENSG00000167291.15	chr17_80032948_A_G_b38	chr17_80026360_G_A_b38	-0.067800215199059
ENSG00000167291.15	chr17_80032948_A_G_b38	chr17_80033814_T_G_b38	-0.0788145701440499
ENSG00000167291.15	chr17_80032948_A_G_b38	chr17_79937133_A_G_b38	-0.0177726897380077
ENSG00000167291.15	chr17_80032948_A_G_b38	chr17_80043815_G_A_b38	-0.00888947276230511
ENSG00000167291.15	chr17_80247345_A_G_b38	chr17_80247345_A_G_b38	0.348263810691556
ENSG00000167291.15	chr17_80005998_G_A_b38	chr17_80005998_G_A_b38	0.341445003294714
ENSG00000167291.15	chr17_80005998_G_A_b38	chr17_80025564_C_T_b38	-0.0340482709600799
ENSG00000167291.15	chr17_80005998_G_A_b38	chr17_80026360_G_A_b38	0.151815429272077
ENSG00000167291.15	chr17_80005998_G_A_b38	chr17_80033814_T_G_b38	-0.0512891090925774
ENSG00000167291.15	chr17_80005998_G_A_b38	chr17_79937133_A_G_b38	-0.000675624953081608
ENSG00000167291.15	chr17_80005998_G_A_b38	chr17_80043815_G_A_b38	-0.00980907339288842
ENSG00000167291.15	chr17_80025564_C_T_b38	chr17_80025564_C_T_b38	0.2207179799209
ENSG00000167291.15	chr17_80025564_C_T_b38	chr17_80026360_G_A_b38	-0.0255045127309565
ENSG00000167291.15	chr17_80025564_C_T_b38	chr17_80033814_T_G_b38	0.147550958328968
ENSG00000167291.15	chr17_80025564_C_T_b38	chr17_79937133_A_G_b38	-0.0122959131959295
ENSG00000167291.15	chr17_80025564_C_T_b38	chr17_80043815_G_A_b38	-0.00912686340272019
ENSG00000167291.15	chr17_80026360_G_A_b38	chr17_80026360_G_A_b38	0.240072066661661
ENSG00000167291.15	chr17_80026360_G_A_b38	chr17_80033814_T_G_b38	-0.0610377098816405
ENSG00000167291.15	chr17_80026360_G_A_b38	chr17_79937133_A_G_b38	-0.014676075369717
ENSG00000167291.15	chr17_80026360_G_A_b38	chr17_80043815_G_A_b38	-0.00696269048870203
ENSG00000167291.15	chr17_80033814_T_G_b38	chr17_80033814_T_G_b38	0.370171575373889
ENSG00000167291.15	chr17_80033814_T_G_b38	chr17_79937133_A_G_b38	0.0061932287365813
ENSG00000167291.15	chr17_80033814_T_G_b38	chr17_80043815_G_A_b38	0.0438342967244703
ENSG00000167291.15	chr17_79937133_A_G_b38	chr17_79937133_A_G_b38	0.440732677726896
ENSG00000167291.15	chr17_80043815_G_A_b38	chr17_80043815_G_A_b38	0.0599054125065685
ENSG00000141519.14	chr17_80036614_C_A_b38	chr17_80036614_C_A_b38	0.219765783349598
ENSG00000141519.14	chr17_80036614_C_A_b38	chr17_80051999_C_CT_b38	-0.101706578585192
ENSG00000141519.14	chr17_80036614_C_A_b38	chr17_80047694_A_G_b38	0.179384680829768
ENSG00000141519.14	chr17_80036614_C_A_b38	chr17_80020893_C_T_b38	0.0253734704601757
ENSG00000141519.14	chr17_80036614_C_A_b38	chr17_80036911_C_T_b38	0.133529765032656
ENSG00000141519.14	chr17_80036614_C_A_b38	chr17_80047415_T_C_b38	0.179384680829768
ENSG00000141519.14	chr17_80036614_C_A_b38	chr17_80037561_A_G_b38	0.178996822060406
ENSG00000141519.14	chr17_80036614_C_A_b38	chr17_80036451_G_T_b38	0.18082976753497
ENSG00000141519.14	chr17_80036614_C_A_b38	chr17_80046609_C_G_b38	-0.0682631434076521
ENSG00000141519.14	chr17_80036614_C_A_b38	chr17_80038402_G_A_b38	-0.0070878062207542
ENSG00000141519.14	chr17_80036614_C_A_b38	chr17_80075119_T_G_b38	-0.00862047393839302
ENSG00000141519.14	chr17_80036614_C_A_b38	chr17_80054550_G_A_b38	-0.00391612241323224
ENSG00000141519.14	chr17_80036614_C_A_b38	chr17_80037569_T_C_b38	0.178996822060406
ENSG00000141519.14	chr17_80036614_C_A_b38	chr17_80053745_A_T_b38	-0.00419763281034958
ENSG00000141519.14	chr17_80036614_C_A_b38	chr17_80027875_C_T_b38	0.172753547031004
ENSG00000141519.14	chr17_80036614_C_A_b38	chr17_80037147_C_T_b38	0.179384680829768
ENSG00000141519.14	chr17_80036614_C_A_b38	chr17_80047730_A_G_b38	0.179384680829768
ENSG00000141519.14	chr17_80036614_C_A_b38	chr17_80080807_C_G_b38	-0.0102407226684683
ENSG00000141519.14	chr17_80036614_C_A_b38	chr17_80039051_A_G_b38	0.178608963291044
ENSG00000141519.14	chr17_80036614_C_A_b38	chr17_80048273_T_C_b38	-0.125059429972725
ENSG00000141519.14	chr17_80036614_C_A_b38	chr17_80036154_G_A_b38	0.133529765032656
ENSG00000141519.14	chr17_80036614_C_A_b38	chr17_80038376_TA_T_b38	-0.0156582338663264
ENSG00000141519.14	chr17_80036614_C_A_b38	chr17_80038043_G_A_b38	0.217651327477916
ENSG00000141519.14	chr17_80036614_C_A_b38	chr17_80037571_A_C_b38	0.178996822060406
ENSG00000141519.14	chr17_80036614_C_A_b38	chr17_80043815_G_A_b38	0.0530740935365211
ENSG00000141519.14	chr17_80051999_C_CT_b38	chr17_80047694_A_G_b38	-0.199513716854757
ENSG00000141519.14	chr17_80051999_C_CT_b38	chr17_80020893_C_T_b38	-0.0114918799889898
ENSG00000141519.14	chr17_80051999_C_CT_b38	chr17_80036911_C_T_b38	-0.0657858519130194
ENSG00000141519.14	chr17_80051999_C_CT_b38	chr17_80047415_T_C_b38	-0.199513716854757
ENSG00000141519.14	chr17_80051999_C_CT_b38	chr17_80037561_A_G_b38	-0.199330213781081
ENSG00000141519.14	chr17_80051999_C_CT_b38	chr17_80036451_G_T_b38	-0.196623543444353
ENSG00000141519.14	chr17_80051999_C_CT_b38	chr17_80046609_C_G_b38	0.308789797229103
ENSG00000141519.14	chr17_80051999_C_CT_b38	chr17_80038402_G_A_b38	0.0199330213781081
ENSG00000141519.14	chr17_80051999_C_CT_b38	chr17_80075119_T_G_b38	0.195591338654923
ENSG00000141519.14	chr17_80051999_C_CT_b38	chr17_80054550_G_A_b38	0.0219286173043399
ENSG00000141519.14	chr17_80051999_C_CT_b38	chr17_80037569_T_C_b38	-0.199330213781081
ENSG00000141519.14	chr17_80051999_C_CT_b38	chr17_80053745_A_T_b38	-0.0104137994311405
ENSG00000141519.14	chr17_80051999_C_CT_b38	chr17_80027875_C_T_b38	-0.179190751445087
ENSG00000141519.14	chr17_80051999_C_CT_b38	chr17_80037147_C_T_b38	-0.198068630149555
ENSG00000141519.14	chr17_80051999_C_CT_b38	chr17_80047730_A_G_b38	-0.199513716854757
ENSG00000141519.14	chr17_80051999_C_CT_b38	chr17_80080807_C_G_b38	0.188526470318378
ENSG00000141519.14	chr17_80051999_C_CT_b38	chr17_80039051_A_G_b38	-0.199146710707404
ENSG00000141519.14	chr17_80051999_C_CT_b38	chr17_80048273_T_C_b38	0.385058262225892
ENSG00000141519.14	chr17_80051999_C_CT_b38	chr17_80036154_G_A_b38	-0.0657858519130194
ENSG00000141519.14	chr17_80051999_C_CT_b38	chr17_80038043_G_A_b38	-0.102073584732544
ENSG00000141519.14	chr17_80051999_C_CT_b38	chr17_80037571_A_C_b38	-0.199330213781081
ENSG00000141519.14	chr17_80051999_C_CT_b38	chr17_80043815_G_A_b38	-0.0269749518304431
ENSG00000141519.14	chr17_80047694_A_G_b38	chr17_80047694_A_G_b38	0.351516819724913
ENSG00000141519.14	chr17_80047694_A_G_b38	chr17_80020893_C_T_b38	0.0188111503140405
ENSG00000141519.14	chr17_80047694_A_G_b38	chr17_80036911_C_T_b38	0.109945449540826
ENSG00000141519.14	chr17_80047694_A_G_b38	chr17_80047415_T_C_b38	0.351516819724913
ENSG00000141519.14	chr17_80047694_A_G_b38	chr17_80037561_A_G_b38	0.347905145593007
ENSG00000141519.14	chr17_80047694_A_G_b38	chr17_80036451_G_T_b38	0.345736472904104
ENSG00000141519.14	chr17_80047694_A_G_b38	chr17_80046609_C_G_b38	-0.140471602899349
ENSG00000141519.14	chr17_80047694_A_G_b38	chr17_80038402_G_A_b38	-0.0100926690522066
ENSG00000141519.14	chr17_80047694_A_G_b38	chr17_80075119_T_G_b38	0.0386753580395199
ENSG00000141519.14	chr17_80047694_A_G_b38	chr17_80054550_G_A_b38	-0.0108120845115065
ENSG00000141519.14	chr17_80047694_A_G_b38	chr17_80037569_T_C_b38	0.347905145593007
ENSG00000141519.14	chr17_80047694_A_G_b38	chr17_80053745_A_T_b38	-0.0100926690522067
ENSG00000141519.14	chr17_80047694_A_G_b38	chr17_80027875_C_T_b38	0.332764056752496
ENSG00000141519.14	chr17_80047694_A_G_b38	chr17_80037147_C_T_b38	0.347181559609306
ENSG00000141519.14	chr17_80047694_A_G_b38	chr17_80047730_A_G_b38	0.351516819724913
ENSG00000141519.14	chr17_80047694_A_G_b38	chr17_80080807_C_G_b38	0.0408356896796203
ENSG00000141519.14	chr17_80047694_A_G_b38	chr17_80039051_A_G_b38	0.348628731576708
ENSG00000141519.14	chr17_80047694_A_G_b38	chr17_80048273_T_C_b38	-0.24923262351008
ENSG00000141519.14	chr17_80047694_A_G_b38	chr17_80036154_G_A_b38	0.109945449540826
ENSG00000141519.14	chr17_80047694_A_G_b38	chr17_80038376_TA_T_b38	-0.0194471552853056
ENSG00000141519.14	chr17_80047694_A_G_b38	chr17_80038043_G_A_b38	0.180827682272769
ENSG00000141519.14	chr17_80047694_A_G_b38	chr17_80037571_A_C_b38	0.347905145593007
ENSG00000141519.14	chr17_80047694_A_G_b38	chr17_80043815_G_A_b38	0.0448414783674898
ENSG00000141519.14	chr17_80020893_C_T_b38	chr17_80020893_C_T_b38	0.0334809698971548
ENSG00000141519.14	chr17_80020893_C_T_b38	chr17_80036911_C_T_b38	0.0289768035432776
ENSG00000141519.14	chr17_80020893_C_T_b38	chr17_80047415_T_C_b38	0.0188111503140405
ENSG00000141519.14	chr17_80020893_C_T_b38	chr17_80037561_A_G_b38	0.0187611040212196
ENSG00000141519.14	chr17_80020893_C_T_b38	chr17_80036451_G_T_b38	0.0188111503140405
ENSG00000141519.14	chr17_80020893_C_T_b38	chr17_80046609_C_G_b38	-0.00736306083126891
ENSG00000141519.14	chr17_80020893_C_T_b38	chr17_80038402_G_A_b38	-0.0011010184420589
ENSG00000141519.14	chr17_80020893_C_T_b38	chr17_80075119_T_G_b38	0.00918975051923028
ENSG00000141519.14	chr17_80020893_C_T_b38	chr17_80054550_G_A_b38	-0.00125115732052148
ENSG00000141519.14	chr17_80020893_C_T_b38	chr17_80037569_T_C_b38	0.0187611040212196
ENSG00000141519.14	chr17_80020893_C_T_b38	chr17_80053745_A_T_b38	-0.0011010184420589
ENSG00000141519.14	chr17_80020893_C_T_b38	chr17_80027875_C_T_b38	0.0186547556489753
ENSG00000141519.14	chr17_80020893_C_T_b38	chr17_80037147_C_T_b38	0.0188111503140405
ENSG00000141519.14	chr17_80020893_C_T_b38	chr17_80047730_A_G_b38	0.0188111503140405
ENSG00000141519.14	chr17_80020893_C_T_b38	chr17_80080807_C_G_b38	0.00954007456897626
ENSG00000141519.14	chr17_80020893_C_T_b38	chr17_80039051_A_G_b38	0.0187110577283988
ENSG00000141519.14	chr17_80020893_C_T_b38	chr17_80048273_T_C_b38	-0.0122675975277132
ENSG00000141519.14	chr17_80020893_C_T_b38	chr17_80036154_G_A_b38	0.0289768035432776
ENSG00000141519.14	chr17_80020893_C_T_b38	chr17_80038376_TA_T_b38	0.00138252883917624
ENSG00000141519.14	chr17_80020893_C_T_b38	chr17_80038043_G_A_b38	0.0254735630458174
ENSG00000141519.14	chr17_80020893_C_T_b38	chr17_80037571_A_C_b38	0.0187611040212196
ENSG00000141519.14	chr17_80020893_C_T_b38	chr17_80043815_G_A_b38	-0.00210194429847608
ENSG00000141519.14	chr17_80036911_C_T_b38	chr17_80036911_C_T_b38	0.143420163651377
ENSG00000141519.14	chr17_80036911_C_T_b38	chr17_80047415_T_C_b38	0.109945449540826
ENSG00000141519.14	chr17_80036911_C_T_b38	chr17_80037561_A_G_b38	0.109707729649926
ENSG00000141519.14	chr17_80036911_C_T_b38	chr17_80036451_G_T_b38	0.109945449540826
ENSG00000141519.14	chr17_80036911_C_T_b38	chr17_80046609_C_G_b38	-0.044728874208643
ENSG00000141519.14	chr17_80036911_C_T_b38	chr17_80038402_G_A_b38	-0.00522983759977979
ENSG00000141519.14	chr17_80036911_C_T_b38	chr17_80075119_T_G_b38	-0.0231839451492631
ENSG00000141519.14	chr17_80036911_C_T_b38	chr17_80054550_G_A_b38	-0.000162650451667806
ENSG00000141519.14	chr17_80036911_C_T_b38	chr17_80037569_T_C_b38	0.109707729649926
ENSG00000141519.14	chr17_80036911_C_T_b38	chr17_80053745_A_T_b38	-0.00378475089457748
ENSG00000141519.14	chr17_80036911_C_T_b38	chr17_80027875_C_T_b38	0.103783499737257
ENSG00000141519.14	chr17_80036911_C_T_b38	chr17_80037147_C_T_b38	0.109945449540826
ENSG00000141519.14	chr17_80036911_C_T_b38	chr17_80047730_A_G_b38	0.109945449540826
ENSG00000141519.14	chr17_80036911_C_T_b38	chr17_80080807_C_G_b38	-0.0244100793233742
ENSG00000141519.14	chr17_80036911_C_T_b38	chr17_80039051_A_G_b38	0.109470009759027
ENSG00000141519.14	chr17_80036911_C_T_b38	chr17_80048273_T_C_b38	-0.0810312038635738
ENSG00000141519.14	chr17_80036911_C_T_b38	chr17_80036154_G_A_b38	0.143420163651377
ENSG00000141519.14	chr17_80036911_C_T_b38	chr17_80038376_TA_T_b38	-0.0082451267422366
ENSG00000141519.14	chr17_80036911_C_T_b38	chr17_80038043_G_A_b38	0.134005204814453
ENSG00000141519.14	chr17_80036911_C_T_b38	chr17_80037571_A_C_b38	0.109707729649926
ENSG00000141519.14	chr17_80036911_C_T_b38	chr17_80043815_G_A_b38	0.0535995796111406
ENSG00000141519.14	chr17_80047415_T_C_b38	chr17_80047415_T_C_b38	0.351516819724913
ENSG00000141519.14	chr17_80047415_T_C_b38	chr17_80037561_A_G_b38	0.347905145593007
ENSG00000141519.14	chr17_80047415_T_C_b38	chr17_80036451_G_T_b38	0.345736472904104
ENSG00000141519.14	chr17_80047415_T_C_b38	chr17_80046609_C_G_b38	-0.140471602899349
ENSG00000141519.14	chr17_80047415_T_C_b38	chr17_80038402_G_A_b38	-0.0100926690522066
ENSG00000141519.14	chr17_80047415_T_C_b38	chr17_80075119_T_G_b38	0.0386753580395199
ENSG00000141519.14	chr17_80047415_T_C_b38	chr17_80054550_G_A_b38	-0.0108120845115065
ENSG00000141519.14	chr17_80047415_T_C_b38	chr17_80037569_T_C_b38	0.347905145593007
ENSG00000141519.14	chr17_80047415_T_C_b38	chr17_80053745_A_T_b38	-0.0100926690522067
ENSG00000141519.14	chr17_80047415_T_C_b38	chr17_80027875_C_T_b38	0.332764056752496
ENSG00000141519.14	chr17_80047415_T_C_b38	chr17_80037147_C_T_b38	0.347181559609306
ENSG00000141519.14	chr17_80047415_T_C_b38	chr17_80047730_A_G_b38	0.351516819724913
ENSG00000141519.14	chr17_80047415_T_C_b38	chr17_80080807_C_G_b38	0.0408356896796203
ENSG00000141519.14	chr17_80047415_T_C_b38	chr17_80039051_A_G_b38	0.348628731576708
ENSG00000141519.14	chr17_80047415_T_C_b38	chr17_80048273_T_C_b38	-0.24923262351008
ENSG00000141519.14	chr17_80047415_T_C_b38	chr17_80036154_G_A_b38	0.109945449540826
ENSG00000141519.14	chr17_80047415_T_C_b38	chr17_80038376_TA_T_b38	-0.0194471552853056
ENSG00000141519.14	chr17_80047415_T_C_b38	chr17_80038043_G_A_b38	0.180827682272769
ENSG00000141519.14	chr17_80047415_T_C_b38	chr17_80037571_A_C_b38	0.347905145593007
ENSG00000141519.14	chr17_80047415_T_C_b38	chr17_80043815_G_A_b38	0.0448414783674898
ENSG00000141519.14	chr17_80037561_A_G_b38	chr17_80037561_A_G_b38	0.351516819724912
ENSG00000141519.14	chr17_80037561_A_G_b38	chr17_80036451_G_T_b38	0.34935023229821
ENSG00000141519.14	chr17_80037561_A_G_b38	chr17_80046609_C_G_b38	-0.1398752179099
ENSG00000141519.14	chr17_80037561_A_G_b38	chr17_80038402_G_A_b38	-0.00869345811542345
ENSG00000141519.14	chr17_80037561_A_G_b38	chr17_80075119_T_G_b38	0.0364691506310003
ENSG00000141519.14	chr17_80037561_A_G_b38	chr17_80054550_G_A_b38	-0.0108642160665282
ENSG00000141519.14	chr17_80037561_A_G_b38	chr17_80037569_T_C_b38	0.351516819724912
ENSG00000141519.14	chr17_80037561_A_G_b38	chr17_80053745_A_T_b38	-0.0086934581154234
ENSG00000141519.14	chr17_80037561_A_G_b38	chr17_80027875_C_T_b38	0.336311087756175
ENSG00000141519.14	chr17_80037561_A_G_b38	chr17_80037147_C_T_b38	0.350795319003412
ENSG00000141519.14	chr17_80037561_A_G_b38	chr17_80047730_A_G_b38	0.347905145593007
ENSG00000141519.14	chr17_80037561_A_G_b38	chr17_80080807_C_G_b38	0.0386440791065069
ENSG00000141519.14	chr17_80037561_A_G_b38	chr17_80039051_A_G_b38	0.350793233741212
ENSG00000141519.14	chr17_80037561_A_G_b38	chr17_80048273_T_C_b38	-0.247877203079516
ENSG00000141519.14	chr17_80037561_A_G_b38	chr17_80036154_G_A_b38	0.109707729649926
ENSG00000141519.14	chr17_80037561_A_G_b38	chr17_80038376_TA_T_b38	-0.0195701857551568
ENSG00000141519.14	chr17_80037561_A_G_b38	chr17_80038043_G_A_b38	0.180443994027809
ENSG00000141519.14	chr17_80037561_A_G_b38	chr17_80037571_A_C_b38	0.351516819724912
ENSG00000141519.14	chr17_80037561_A_G_b38	chr17_80043815_G_A_b38	0.0447538973550536
ENSG00000141519.14	chr17_80036451_G_T_b38	chr17_80036451_G_T_b38	0.351516819724913
ENSG00000141519.14	chr17_80036451_G_T_b38	chr17_80046609_C_G_b38	-0.139026516194146
ENSG00000141519.14	chr17_80036451_G_T_b38	chr17_80038402_G_A_b38	-0.00864758234700431
ENSG00000141519.14	chr17_80036451_G_T_b38	chr17_80075119_T_G_b38	0.0386753580395199
ENSG00000141519.14	chr17_80036451_G_T_b38	chr17_80054550_G_A_b38	-0.0108120845115065
ENSG00000141519.14	chr17_80036451_G_T_b38	chr17_80037569_T_C_b38	0.34935023229821
ENSG00000141519.14	chr17_80036451_G_T_b38	chr17_80053745_A_T_b38	-0.00720249564180202
ENSG00000141519.14	chr17_80036451_G_T_b38	chr17_80027875_C_T_b38	0.338544403573305
ENSG00000141519.14	chr17_80036451_G_T_b38	chr17_80037147_C_T_b38	0.350071733019711
ENSG00000141519.14	chr17_80036451_G_T_b38	chr17_80047730_A_G_b38	0.345736472904104
ENSG00000141519.14	chr17_80036451_G_T_b38	chr17_80080807_C_G_b38	0.039390602974418
ENSG00000141519.14	chr17_80036451_G_T_b38	chr17_80039051_A_G_b38	0.348628731576708
ENSG00000141519.14	chr17_80036451_G_T_b38	chr17_80048273_T_C_b38	-0.244897363394474
ENSG00000141519.14	chr17_80036451_G_T_b38	chr17_80036154_G_A_b38	0.109945449540826
ENSG00000141519.14	chr17_80036451_G_T_b38	chr17_80038376_TA_T_b38	-0.0194471552853056
ENSG00000141519.14	chr17_80036451_G_T_b38	chr17_80038043_G_A_b38	0.180827682272769
ENSG00000141519.14	chr17_80036451_G_T_b38	chr17_80037571_A_C_b38	0.34935023229821
ENSG00000141519.14	chr17_80036451_G_T_b38	chr17_80043815_G_A_b38	0.0448414783674898
ENSG00000141519.14	chr17_80046609_C_G_b38	chr17_80046609_C_G_b38	0.410358748509038
ENSG00000141519.14	chr17_80046609_C_G_b38	chr17_80038402_G_A_b38	0.0246811634094871
ENSG00000141519.14	chr17_80046609_C_G_b38	chr17_80075119_T_G_b38	0.126640058720984
ENSG00000141519.14	chr17_80046609_C_G_b38	chr17_80054550_G_A_b38	-0.009656849252225
ENSG00000141519.14	chr17_80046609_C_G_b38	chr17_80037569_T_C_b38	-0.1398752179099
ENSG00000141519.14	chr17_80046609_C_G_b38	chr17_80053745_A_T_b38	-0.00566565739976145
ENSG00000141519.14	chr17_80046609_C_G_b38	chr17_80027875_C_T_b38	-0.114161849710983
ENSG00000141519.14	chr17_80046609_C_G_b38	chr17_80037147_C_T_b38	-0.139026516194146
ENSG00000141519.14	chr17_80046609_C_G_b38	chr17_80047730_A_G_b38	-0.140471602899349
ENSG00000141519.14	chr17_80046609_C_G_b38	chr17_80080807_C_G_b38	0.129690797320855
ENSG00000141519.14	chr17_80046609_C_G_b38	chr17_80039051_A_G_b38	-0.140723919625654
ENSG00000141519.14	chr17_80046609_C_G_b38	chr17_80048273_T_C_b38	0.255413340673456
ENSG00000141519.14	chr17_80046609_C_G_b38	chr17_80036154_G_A_b38	-0.044728874208643
ENSG00000141519.14	chr17_80046609_C_G_b38	chr17_80038376_TA_T_b38	-0.024061840535829
ENSG00000141519.14	chr17_80046609_C_G_b38	chr17_80038043_G_A_b38	-0.0680108266813469
ENSG00000141519.14	chr17_80046609_C_G_b38	chr17_80037571_A_C_b38	-0.1398752179099
ENSG00000141519.14	chr17_80046609_C_G_b38	chr17_80043815_G_A_b38	-0.0226396917148362
ENSG00000141519.14	chr17_80038402_G_A_b38	chr17_80038402_G_A_b38	0.0307826406092302
ENSG00000141519.14	chr17_80038402_G_A_b38	chr17_80075119_T_G_b38	0.00926690522066243
ENSG00000141519.14	chr17_80038402_G_A_b38	chr17_80054550_G_A_b38	-0.00114689421047803
ENSG00000141519.14	chr17_80038402_G_A_b38	chr17_80037569_T_C_b38	-0.00869345811542345
ENSG00000141519.14	chr17_80038402_G_A_b38	chr17_80053745_A_T_b38	-0.00100926690522066
ENSG00000141519.14	chr17_80038402_G_A_b38	chr17_80027875_C_T_b38	-0.0101156069364162
ENSG00000141519.14	chr17_80038402_G_A_b38	chr17_80037147_C_T_b38	-0.00864758234700431
ENSG00000141519.14	chr17_80038402_G_A_b38	chr17_80047730_A_G_b38	-0.0100926690522066
ENSG00000141519.14	chr17_80038402_G_A_b38	chr17_80080807_C_G_b38	0.008142948894394
ENSG00000141519.14	chr17_80038402_G_A_b38	chr17_80039051_A_G_b38	-0.00873933388384254
ENSG00000141519.14	chr17_80038402_G_A_b38	chr17_80048273_T_C_b38	0.0182585558308101
ENSG00000141519.14	chr17_80038402_G_A_b38	chr17_80036154_G_A_b38	-0.00522983759977979
ENSG00000141519.14	chr17_80038402_G_A_b38	chr17_80038376_TA_T_b38	-0.00126158363152583
ENSG00000141519.14	chr17_80038402_G_A_b38	chr17_80038043_G_A_b38	-0.00699605468391593
ENSG00000141519.14	chr17_80038402_G_A_b38	chr17_80037571_A_C_b38	-0.00869345811542345
ENSG00000141519.14	chr17_80038402_G_A_b38	chr17_80043815_G_A_b38	-0.00192678227360309
ENSG00000141519.14	chr17_80075119_T_G_b38	chr17_80075119_T_G_b38	0.365254527104239
ENSG00000141519.14	chr17_80075119_T_G_b38	chr17_80054550_G_A_b38	0.00987371652111536
ENSG00000141519.14	chr17_80075119_T_G_b38	chr17_80037569_T_C_b38	0.0364691506310003
ENSG00000141519.14	chr17_80075119_T_G_b38	chr17_80053745_A_T_b38	-0.0239700889989907
ENSG00000141519.14	chr17_80075119_T_G_b38	chr17_80027875_C_T_b38	0.0374408828166054
ENSG00000141519.14	chr17_80075119_T_G_b38	chr17_80037147_C_T_b38	0.0372302713343176
ENSG00000141519.14	chr17_80075119_T_G_b38	chr17_80047730_A_G_b38	0.0386753580395199
ENSG00000141519.14	chr17_80075119_T_G_b38	chr17_80080807_C_G_b38	0.357576591680639
ENSG00000141519.14	chr17_80075119_T_G_b38	chr17_80039051_A_G_b38	0.0371531166328854
ENSG00000141519.14	chr17_80075119_T_G_b38	chr17_80048273_T_C_b38	0.251953890682214
ENSG00000141519.14	chr17_80075119_T_G_b38	chr17_80036154_G_A_b38	-0.0231839451492631
ENSG00000141519.14	chr17_80075119_T_G_b38	chr17_80038376_TA_T_b38	0.0244580403539941
ENSG00000141519.14	chr17_80075119_T_G_b38	chr17_80038043_G_A_b38	-0.00709823253175859
ENSG00000141519.14	chr17_80075119_T_G_b38	chr17_80037571_A_C_b38	0.0364691506310003
ENSG00000141519.14	chr17_80075119_T_G_b38	chr17_80043815_G_A_b38	-0.0507531967069541
ENSG00000141519.14	chr17_80054550_G_A_b38	chr17_80054550_G_A_b38	0.0377140521649191
ENSG00000141519.14	chr17_80054550_G_A_b38	chr17_80037569_T_C_b38	-0.0108642160665282
ENSG00000141519.14	chr17_80054550_G_A_b38	chr17_80053745_A_T_b38	-0.00114689421047803
ENSG00000141519.14	chr17_80054550_G_A_b38	chr17_80027875_C_T_b38	-0.0110352075669995
ENSG00000141519.14	chr17_80054550_G_A_b38	chr17_80037147_C_T_b38	-0.0108120845115065
ENSG00000141519.14	chr17_80054550_G_A_b38	chr17_80047730_A_G_b38	-0.0108120845115065
ENSG00000141519.14	chr17_80054550_G_A_b38	chr17_80080807_C_G_b38	0.0102386374062675
ENSG00000141519.14	chr17_80054550_G_A_b38	chr17_80039051_A_G_b38	-0.0109163476215499
ENSG00000141519.14	chr17_80054550_G_A_b38	chr17_80048273_T_C_b38	0.0208797304173027
ENSG00000141519.14	chr17_80054550_G_A_b38	chr17_80036154_G_A_b38	-0.000162650451667806
ENSG00000141519.14	chr17_80054550_G_A_b38	chr17_80038376_TA_T_b38	-0.00307576174628199
ENSG00000141519.14	chr17_80054550_G_A_b38	chr17_80038043_G_A_b38	-0.00381185930318878
ENSG00000141519.14	chr17_80054550_G_A_b38	chr17_80037571_A_C_b38	-0.0108642160665282
ENSG00000141519.14	chr17_80054550_G_A_b38	chr17_80043815_G_A_b38	-0.000744438605710278
ENSG00000141519.14	chr17_80037569_T_C_b38	chr17_80037569_T_C_b38	0.351516819724912
ENSG00000141519.14	chr17_80037569_T_C_b38	chr17_80053745_A_T_b38	-0.0086934581154234
ENSG00000141519.14	chr17_80037569_T_C_b38	chr17_80027875_C_T_b38	0.336311087756175
ENSG00000141519.14	chr17_80037569_T_C_b38	chr17_80037147_C_T_b38	0.350795319003412
ENSG00000141519.14	chr17_80037569_T_C_b38	chr17_80047730_A_G_b38	0.347905145593007
ENSG00000141519.14	chr17_80037569_T_C_b38	chr17_80080807_C_G_b38	0.0386440791065069
ENSG00000141519.14	chr17_80037569_T_C_b38	chr17_80039051_A_G_b38	0.350793233741212
ENSG00000141519.14	chr17_80037569_T_C_b38	chr17_80048273_T_C_b38	-0.247877203079516
ENSG00000141519.14	chr17_80037569_T_C_b38	chr17_80036154_G_A_b38	0.109707729649926
ENSG00000141519.14	chr17_80037569_T_C_b38	chr17_80038376_TA_T_b38	-0.0195701857551568
ENSG00000141519.14	chr17_80037569_T_C_b38	chr17_80038043_G_A_b38	0.180443994027809
ENSG00000141519.14	chr17_80037569_T_C_b38	chr17_80037571_A_C_b38	0.351516819724912
ENSG00000141519.14	chr17_80037569_T_C_b38	chr17_80043815_G_A_b38	0.0447538973550536
ENSG00000141519.14	chr17_80053745_A_T_b38	chr17_80053745_A_T_b38	0.0336728140196348
ENSG00000141519.14	chr17_80053745_A_T_b38	chr17_80027875_C_T_b38	-0.00867052023121388
ENSG00000141519.14	chr17_80053745_A_T_b38	chr17_80037147_C_T_b38	-0.00864758234700434
ENSG00000141519.14	chr17_80053745_A_T_b38	chr17_80047730_A_G_b38	-0.0100926690522067
ENSG00000141519.14	chr17_80053745_A_T_b38	chr17_80080807_C_G_b38	-0.0236489586200569
ENSG00000141519.14	chr17_80053745_A_T_b38	chr17_80039051_A_G_b38	-0.00873933388384254
ENSG00000141519.14	chr17_80053745_A_T_b38	chr17_80048273_T_C_b38	-0.014978438388843
ENSG00000141519.14	chr17_80053745_A_T_b38	chr17_80036154_G_A_b38	-0.00378475089457748
ENSG00000141519.14	chr17_80053745_A_T_b38	chr17_80038376_TA_T_b38	-0.00126158363152583
ENSG00000141519.14	chr17_80053745_A_T_b38	chr17_80038043_G_A_b38	-0.00555096797871364
ENSG00000141519.14	chr17_80053745_A_T_b38	chr17_80037571_A_C_b38	-0.0086934581154234
ENSG00000141519.14	chr17_80053745_A_T_b38	chr17_80043815_G_A_b38	-0.00192678227360308
ENSG00000141519.14	chr17_80027875_C_T_b38	chr17_80027875_C_T_b38	0.372569626904887
ENSG00000141519.14	chr17_80027875_C_T_b38	chr17_80037147_C_T_b38	0.337099316868103
ENSG00000141519.14	chr17_80027875_C_T_b38	chr17_80047730_A_G_b38	0.332764056752496
ENSG00000141519.14	chr17_80027875_C_T_b38	chr17_80080807_C_G_b38	0.0444035733053075
ENSG00000141519.14	chr17_80027875_C_T_b38	chr17_80039051_A_G_b38	0.335522858644246
ENSG00000141519.14	chr17_80027875_C_T_b38	chr17_80048273_T_C_b38	-0.236205990541251
ENSG00000141519.14	chr17_80027875_C_T_b38	chr17_80036154_G_A_b38	0.103783499737257
ENSG00000141519.14	chr17_80027875_C_T_b38	chr17_80038376_TA_T_b38	-0.0219390436153441
ENSG00000141519.14	chr17_80027875_C_T_b38	chr17_80038043_G_A_b38	0.172884918549659
ENSG00000141519.14	chr17_80027875_C_T_b38	chr17_80037571_A_C_b38	0.336311087756175
ENSG00000141519.14	chr17_80027875_C_T_b38	chr17_80043815_G_A_b38	0.0420388859695219
ENSG00000141519.14	chr17_80037147_C_T_b38	chr17_80037147_C_T_b38	0.351516819724913
ENSG00000141519.14	chr17_80037147_C_T_b38	chr17_80047730_A_G_b38	0.347181559609306
ENSG00000141519.14	chr17_80037147_C_T_b38	chr17_80080807_C_G_b38	0.039390602974418
ENSG00000141519.14	chr17_80037147_C_T_b38	chr17_80039051_A_G_b38	0.350073818281911
ENSG00000141519.14	chr17_80037147_C_T_b38	chr17_80048273_T_C_b38	-0.246342450099676
ENSG00000141519.14	chr17_80037147_C_T_b38	chr17_80036154_G_A_b38	0.109945449540826
ENSG00000141519.14	chr17_80037147_C_T_b38	chr17_80038376_TA_T_b38	-0.0194471552853056
ENSG00000141519.14	chr17_80037147_C_T_b38	chr17_80038043_G_A_b38	0.180827682272769
ENSG00000141519.14	chr17_80037147_C_T_b38	chr17_80037571_A_C_b38	0.350795319003412
ENSG00000141519.14	chr17_80037147_C_T_b38	chr17_80043815_G_A_b38	0.0448414783674898
ENSG00000141519.14	chr17_80047730_A_G_b38	chr17_80047730_A_G_b38	0.351516819724913
ENSG00000141519.14	chr17_80047730_A_G_b38	chr17_80080807_C_G_b38	0.0408356896796203
ENSG00000141519.14	chr17_80047730_A_G_b38	chr17_80039051_A_G_b38	0.348628731576708
ENSG00000141519.14	chr17_80047730_A_G_b38	chr17_80048273_T_C_b38	-0.24923262351008
ENSG00000141519.14	chr17_80047730_A_G_b38	chr17_80036154_G_A_b38	0.109945449540826
ENSG00000141519.14	chr17_80047730_A_G_b38	chr17_80038376_TA_T_b38	-0.0194471552853056
ENSG00000141519.14	chr17_80047730_A_G_b38	chr17_80038043_G_A_b38	0.180827682272769
ENSG00000141519.14	chr17_80047730_A_G_b38	chr17_80037571_A_C_b38	0.347905145593007
ENSG00000141519.14	chr17_80047730_A_G_b38	chr17_80043815_G_A_b38	0.0448414783674898
ENSG00000141519.14	chr17_80080807_C_G_b38	chr17_80080807_C_G_b38	0.374362952397634
ENSG00000141519.14	chr17_80080807_C_G_b38	chr17_80039051_A_G_b38	0.0393426419437979
ENSG00000141519.14	chr17_80080807_C_G_b38	chr17_80048273_T_C_b38	0.245356121078665
ENSG00000141519.14	chr17_80080807_C_G_b38	chr17_80036154_G_A_b38	-0.0244100793233742
ENSG00000141519.14	chr17_80080807_C_G_b38	chr17_80038376_TA_T_b38	0.0253192536429531
ENSG00000141519.14	chr17_80080807_C_G_b38	chr17_80038043_G_A_b38	-0.00874767493264602
ENSG00000141519.14	chr17_80080807_C_G_b38	chr17_80037571_A_C_b38	0.0386440791065069
ENSG00000141519.14	chr17_80080807_C_G_b38	chr17_80043815_G_A_b38	-0.0515852163251005
ENSG00000141519.14	chr17_80039051_A_G_b38	chr17_80039051_A_G_b38	0.35151264920051
ENSG00000141519.14	chr17_80039051_A_G_b38	chr17_80048273_T_C_b38	-0.247966869354153
ENSG00000141519.14	chr17_80039051_A_G_b38	chr17_80036154_G_A_b38	0.109470009759027
ENSG00000141519.14	chr17_80039051_A_G_b38	chr17_80038376_TA_T_b38	-0.0196932162250081
ENSG00000141519.14	chr17_80039051_A_G_b38	chr17_80038043_G_A_b38	0.180060305782849
ENSG00000141519.14	chr17_80039051_A_G_b38	chr17_80037571_A_C_b38	0.350793233741212
ENSG00000141519.14	chr17_80039051_A_G_b38	chr17_80043815_G_A_b38	0.0446663163426171
ENSG00000141519.14	chr17_80048273_T_C_b38	chr17_80048273_T_C_b38	0.483138569843771
ENSG00000141519.14	chr17_80048273_T_C_b38	chr17_80036154_G_A_b38	-0.0810312038635738
ENSG00000141519.14	chr17_80048273_T_C_b38	chr17_80038376_TA_T_b38	0.0409524643628689
ENSG00000141519.14	chr17_80048273_T_C_b38	chr17_80038043_G_A_b38	-0.12488009742345
ENSG00000141519.14	chr17_80048273_T_C_b38	chr17_80037571_A_C_b38	-0.247877203079516
ENSG00000141519.14	chr17_80048273_T_C_b38	chr17_80043815_G_A_b38	-0.0355578910492206
ENSG00000141519.14	chr17_80036154_G_A_b38	chr17_80036154_G_A_b38	0.143420163651377
ENSG00000141519.14	chr17_80036154_G_A_b38	chr17_80038376_TA_T_b38	-0.0082451267422366
ENSG00000141519.14	chr17_80036154_G_A_b38	chr17_80038043_G_A_b38	0.134005204814453
ENSG00000141519.14	chr17_80036154_G_A_b38	chr17_80037571_A_C_b38	0.109707729649926
ENSG00000141519.14	chr17_80036154_G_A_b38	chr17_80043815_G_A_b38	0.0535995796111406
ENSG00000141519.14	chr17_80038376_TA_T_b38	chr17_80038043_G_A_b38	-0.0154121729266238
ENSG00000141519.14	chr17_80038376_TA_T_b38	chr17_80037571_A_C_b38	-0.0195701857551568
ENSG00000141519.14	chr17_80038376_TA_T_b38	chr17_80043815_G_A_b38	-0.00372219302855141
ENSG00000141519.14	chr17_80038043_G_A_b38	chr17_80038043_G_A_b38	0.218418703967837
ENSG00000141519.14	chr17_80038043_G_A_b38	chr17_80037571_A_C_b38	0.180443994027809
ENSG00000141519.14	chr17_80038043_G_A_b38	chr17_80043815_G_A_b38	0.0532492555613945
ENSG00000141519.14	chr17_80037571_A_C_b38	chr17_80037571_A_C_b38	0.351516819724912
ENSG00000141519.14	chr17_80037571_A_C_b38	chr17_80043815_G_A_b38	0.0447538973550536
ENSG00000141519.14	chr17_80043815_G_A_b38	chr17_80043815_G_A_b38	0.0599054125065685
ENSG00000171298.12	chr17_80096472_G_GCTA_b38	chr17_80105511_T_C_b38	0.368497109826589
ENSG00000171298.12	chr17_80096472_G_GCTA_b38	chr17_80109356_G_A_b38	-0.00763831544178365
ENSG00000171298.12	chr17_80096472_G_GCTA_b38	chr17_80117129_G_A_b38	0.138109000825764
ENSG00000171298.12	chr17_80096472_G_GCTA_b38	chr17_80116282_G_A_b38	0.348265895953758
ENSG00000171298.12	chr17_80096472_G_GCTA_b38	chr17_80102109_G_C_b38	0.144508670520231
ENSG00000171298.12	chr17_80096472_G_GCTA_b38	chr17_80102207_C_T_b38	0.370355078447563
ENSG00000171298.12	chr17_80096472_G_GCTA_b38	chr17_80103062_G_A_b38	-0.0101156069364162
ENSG00000171298.12	chr17_80096472_G_GCTA_b38	chr17_80005554_C_A_b38	-0.0483071841453344
ENSG00000171298.12	chr17_80096472_G_GCTA_b38	chr17_80121568_T_C_b38	-0.0107349298100743
ENSG00000171298.12	chr17_80096472_G_GCTA_b38	chr17_80089287_G_A_b38	0.390173410404625
ENSG00000171298.12	chr17_80096472_G_GCTA_b38	chr17_80095525_C_A_b38	-0.0984723369116434
ENSG00000171298.12	chr17_80096472_G_GCTA_b38	chr17_80119422_G_A_b38	0.00330305532617673
ENSG00000171298.12	chr17_80096472_G_GCTA_b38	chr17_80121605_C_G_b38	0.213666391412056
ENSG00000171298.12	chr17_80096472_G_GCTA_b38	chr17_80106038_A_G_b38	0.154624277456648
ENSG00000171298.12	chr17_80096472_G_GCTA_b38	chr17_80103915_C_T_b38	-0.226672171758877
ENSG00000171298.12	chr17_80096472_G_GCTA_b38	chr17_80089248_G_A_b38	-0.0198183319570603
ENSG00000171298.12	chr17_80096472_G_GCTA_b38	chr17_80101429_C_T_b38	0.327002477291495
ENSG00000171298.12	chr17_80096472_G_GCTA_b38	chr17_80087228_C_T_b38	0.248761354252683
ENSG00000171298.12	chr17_80096472_G_GCTA_b38	chr17_80061401_T_G_b38	0.219240297274979
ENSG00000171298.12	chr17_80096472_G_GCTA_b38	chr17_80125315_G_A_b38	0.140792733278282
ENSG00000171298.12	chr17_80096472_G_GCTA_b38	chr17_80096883_T_C_b38	-0.0319983484723369
ENSG00000171298.12	chr17_80096472_G_GCTA_b38	chr17_80147951_G_A_b38	0.00825763831544177
ENSG00000171298.12	chr17_80096472_G_GCTA_b38	chr17_80099961_A_C_b38	-0.176507018992568
ENSG00000171298.12	chr17_80096472_G_GCTA_b38	chr17_80102793_A_C_b38	0.350330305532618
ENSG00000171298.12	chr17_80096472_G_GCTA_b38	chr17_80101663_G_C_b38	0.32617671345995
ENSG00000171298.12	chr17_80096472_G_GCTA_b38	chr17_80100753_G_A_b38	-0.0212634186622626
ENSG00000171298.12	chr17_80105511_T_C_b38	chr17_80105511_T_C_b38	0.371547848426461
ENSG00000171298.12	chr17_80105511_T_C_b38	chr17_80109356_G_A_b38	-0.00722543352601156
ENSG00000171298.12	chr17_80105511_T_C_b38	chr17_80117129_G_A_b38	0.130218368657675
ENSG00000171298.12	chr17_80105511_T_C_b38	chr17_80116282_G_A_b38	0.349550417469492
ENSG00000171298.12	chr17_80105511_T_C_b38	chr17_80102109_G_C_b38	0.133750802825947
ENSG00000171298.12	chr17_80105511_T_C_b38	chr17_80102207_C_T_b38	0.37058445728966
ENSG00000171298.12	chr17_80105511_T_C_b38	chr17_80103062_G_A_b38	-0.00963391136801541
ENSG00000171298.12	chr17_80105511_T_C_b38	chr17_80005554_C_A_b38	-0.0452793834296725
ENSG00000171298.12	chr17_80105511_T_C_b38	chr17_80121568_T_C_b38	-0.0101156069364162
ENSG00000171298.12	chr17_80105511_T_C_b38	chr17_80147176_G_GCGTGCGTA_b38	-0.00266336609699747
ENSG00000171298.12	chr17_80105511_T_C_b38	chr17_80089287_G_A_b38	0.364643545279383
ENSG00000171298.12	chr17_80105511_T_C_b38	chr17_80095525_C_A_b38	-0.0894348105330765
ENSG00000171298.12	chr17_80105511_T_C_b38	chr17_80119422_G_A_b38	-0.00610147719974308
ENSG00000171298.12	chr17_80105511_T_C_b38	chr17_80121605_C_G_b38	0.203114964675658
ENSG00000171298.12	chr17_80105511_T_C_b38	chr17_80109624_CT_C_b38	0.150803442864979
ENSG00000171298.12	chr17_80105511_T_C_b38	chr17_80106038_A_G_b38	0.146274887604367
ENSG00000171298.12	chr17_80105511_T_C_b38	chr17_80103915_C_T_b38	-0.236191393705844
ENSG00000171298.12	chr17_80105511_T_C_b38	chr17_80089248_G_A_b38	-0.0186255619781631
ENSG00000171298.12	chr17_80105511_T_C_b38	chr17_80101429_C_T_b38	0.317437379576107
ENSG00000171298.12	chr17_80105511_T_C_b38	chr17_80087228_C_T_b38	0.23121387283237
ENSG00000171298.12	chr17_80105511_T_C_b38	chr17_80061401_T_G_b38	0.201509312780989
ENSG00000171298.12	chr17_80105511_T_C_b38	chr17_80125315_G_A_b38	0.132626846499679
ENSG00000171298.12	chr17_80105511_T_C_b38	chr17_80100871_TAGGC_T_b38	0.302825947334618
ENSG00000171298.12	chr17_80105511_T_C_b38	chr17_80096883_T_C_b38	-0.0261721258831086
ENSG00000171298.12	chr17_80105511_T_C_b38	chr17_80147951_G_A_b38	-0.00128452151573539
ENSG00000171298.12	chr17_80105511_T_C_b38	chr17_80099961_A_C_b38	-0.165221579961464
ENSG00000171298.12	chr17_80105511_T_C_b38	chr17_80102183_G_GACGC_b38	-0.0284200385356454
ENSG00000171298.12	chr17_80105511_T_C_b38	chr17_80102793_A_C_b38	0.340719332048812
ENSG00000171298.12	chr17_80105511_T_C_b38	chr17_80101663_G_C_b38	0.316634553628774
ENSG00000171298.12	chr17_80105511_T_C_b38	chr17_80100753_G_A_b38	-0.0216763005780347
ENSG00000171298.12	chr17_80109356_G_A_b38	chr17_80109356_G_A_b38	0.0253359357405601
ENSG00000171298.12	chr17_80109356_G_A_b38	chr17_80117129_G_A_b38	0.00857668343217477
ENSG00000171298.12	chr17_80109356_G_A_b38	chr17_80116282_G_A_b38	-0.00669994745139253
ENSG00000171298.12	chr17_80109356_G_A_b38	chr17_80102109_G_C_b38	0.00709406200735679
ENSG00000171298.12	chr17_80109356_G_A_b38	chr17_80102207_C_T_b38	-0.0073380376848585
ENSG00000171298.12	chr17_80109356_G_A_b38	chr17_80103062_G_A_b38	-0.000788229111928533
ENSG00000171298.12	chr17_80109356_G_A_b38	chr17_80121568_T_C_b38	-0.0010134374296224
ENSG00000171298.12	chr17_80109356_G_A_b38	chr17_80147176_G_GCGTGCGTA_b38	-0.00311050053455748
ENSG00000171298.12	chr17_80109356_G_A_b38	chr17_80089287_G_A_b38	-0.00630583289542827
ENSG00000171298.12	chr17_80109356_G_A_b38	chr17_80095525_C_A_b38	-0.00427895803618348
ENSG00000171298.12	chr17_80109356_G_A_b38	chr17_80119422_G_A_b38	-0.000638090233465956
ENSG00000171298.12	chr17_80109356_G_A_b38	chr17_80121605_C_G_b38	0.0124052248329705
ENSG00000171298.12	chr17_80109356_G_A_b38	chr17_80109624_CT_C_b38	0.0077974914958568
ENSG00000171298.12	chr17_80109356_G_A_b38	chr17_80106038_A_G_b38	0.00788229111928534
ENSG00000171298.12	chr17_80109356_G_A_b38	chr17_80103915_C_T_b38	0.0143945649725996
ENSG00000171298.12	chr17_80109356_G_A_b38	chr17_80089248_G_A_b38	-0.00195180542001351
ENSG00000171298.12	chr17_80109356_G_A_b38	chr17_80101429_C_T_b38	-0.00549883642369191
ENSG00000171298.12	chr17_80109356_G_A_b38	chr17_80087228_C_T_b38	0.011504391562195
ENSG00000171298.12	chr17_80109356_G_A_b38	chr17_80061401_T_G_b38	0.00983409653929884
ENSG00000171298.12	chr17_80109356_G_A_b38	chr17_80125315_G_A_b38	0.00758201336236017
ENSG00000171298.12	chr17_80109356_G_A_b38	chr17_80100871_TAGGC_T_b38	-0.0112228811650777
ENSG00000171298.12	chr17_80109356_G_A_b38	chr17_80096883_T_C_b38	-0.000469183995195549
ENSG00000171298.12	chr17_80109356_G_A_b38	chr17_80147951_G_A_b38	-0.00330305532617672
ENSG00000171298.12	chr17_80109356_G_A_b38	chr17_80099961_A_C_b38	0.019105172284363
ENSG00000171298.12	chr17_80109356_G_A_b38	chr17_80102183_G_GACGC_b38	-0.000506718714811199
ENSG00000171298.12	chr17_80109356_G_A_b38	chr17_80102793_A_C_b38	-0.0081825688762105
ENSG00000171298.12	chr17_80109356_G_A_b38	chr17_80101663_G_C_b38	-0.00553637114330756
ENSG00000171298.12	chr17_80109356_G_A_b38	chr17_80100753_G_A_b38	-0.000243975677501687
ENSG00000171298.12	chr17_80117129_G_A_b38	chr17_80117129_G_A_b38	0.389076562486967
ENSG00000171298.12	chr17_80117129_G_A_b38	chr17_80116282_G_A_b38	0.127401179424301
ENSG00000171298.12	chr17_80117129_G_A_b38	chr17_80102109_G_C_b38	0.376788112337245
ENSG00000171298.12	chr17_80117129_G_A_b38	chr17_80102207_C_T_b38	0.129480185838567
ENSG00000171298.12	chr17_80117129_G_A_b38	chr17_80103062_G_A_b38	0.00494832720266245
ENSG00000171298.12	chr17_80117129_G_A_b38	chr17_80121568_T_C_b38	0.00636213497485174
ENSG00000171298.12	chr17_80117129_G_A_b38	chr17_80147176_G_GCGTGCGTA_b38	0.0349412893224355
ENSG00000171298.12	chr17_80117129_G_A_b38	chr17_80089287_G_A_b38	0.138815904711858
ENSG00000171298.12	chr17_80117129_G_A_b38	chr17_80095525_C_A_b38	0.102649117099984
ENSG00000171298.12	chr17_80117129_G_A_b38	chr17_80119422_G_A_b38	0.0385273044232582
ENSG00000171298.12	chr17_80117129_G_A_b38	chr17_80121605_C_G_b38	0.321368098824747
ENSG00000171298.12	chr17_80117129_G_A_b38	chr17_80109624_CT_C_b38	0.349243517481368
ENSG00000171298.12	chr17_80117129_G_A_b38	chr17_80106038_A_G_b38	0.376175045250189
ENSG00000171298.12	chr17_80117129_G_A_b38	chr17_80103915_C_T_b38	0.248025256695777
ENSG00000171298.12	chr17_80117129_G_A_b38	chr17_80089248_G_A_b38	0.0156248696711124
ENSG00000171298.12	chr17_80117129_G_A_b38	chr17_80101429_C_T_b38	0.118897480169157
ENSG00000171298.12	chr17_80117129_G_A_b38	chr17_80087228_C_T_b38	0.292020118609714
ENSG00000171298.12	chr17_80117129_G_A_b38	chr17_80061401_T_G_b38	0.180396032997189
ENSG00000171298.12	chr17_80117129_G_A_b38	chr17_80125315_G_A_b38	0.386248946942588
ENSG00000171298.12	chr17_80117129_G_A_b38	chr17_80100871_TAGGC_T_b38	0.185098299260149
ENSG00000171298.12	chr17_80117129_G_A_b38	chr17_80096883_T_C_b38	0.0499107507778028
ENSG00000171298.12	chr17_80117129_G_A_b38	chr17_80147951_G_A_b38	0.0356684099458666
ENSG00000171298.12	chr17_80117129_G_A_b38	chr17_80099961_A_C_b38	0.180961139053625
ENSG00000171298.12	chr17_80117129_G_A_b38	chr17_80102183_G_GACGC_b38	0.0535182543853064
ENSG00000171298.12	chr17_80117129_G_A_b38	chr17_80102793_A_C_b38	0.185119151882158
ENSG00000171298.12	chr17_80117129_G_A_b38	chr17_80101663_G_C_b38	0.118169723661053
ENSG00000171298.12	chr17_80117129_G_A_b38	chr17_80100753_G_A_b38	0.0149388184070265
ENSG00000171298.12	chr17_80116282_G_A_b38	chr17_80116282_G_A_b38	0.367606702866819
ENSG00000171298.12	chr17_80116282_G_A_b38	chr17_80102109_G_C_b38	0.126627547147779
ENSG00000171298.12	chr17_80116282_G_A_b38	chr17_80102207_C_T_b38	0.347229520639925
ENSG00000171298.12	chr17_80116282_G_A_b38	chr17_80103062_G_A_b38	-0.00902084428095988
ENSG00000171298.12	chr17_80116282_G_A_b38	chr17_80121568_T_C_b38	-0.00932737782448766
ENSG00000171298.12	chr17_80116282_G_A_b38	chr17_80147176_G_GCGTGCGTA_b38	-0.0164856528410347
ENSG00000171298.12	chr17_80116282_G_A_b38	chr17_80089287_G_A_b38	0.345944999124189
ENSG00000171298.12	chr17_80116282_G_A_b38	chr17_80095525_C_A_b38	-0.0873912535762248
ENSG00000171298.12	chr17_80116282_G_A_b38	chr17_80119422_G_A_b38	-0.0221433993110293
ENSG00000171298.12	chr17_80116282_G_A_b38	chr17_80121605_C_G_b38	0.197962281777311
ENSG00000171298.12	chr17_80116282_G_A_b38	chr17_80109624_CT_C_b38	0.142009119036152
ENSG00000171298.12	chr17_80116282_G_A_b38	chr17_80106038_A_G_b38	0.138538564839143
ENSG00000171298.12	chr17_80116282_G_A_b38	chr17_80103915_C_T_b38	-0.222820692473871
ENSG00000171298.12	chr17_80116282_G_A_b38	chr17_80089248_G_A_b38	-0.0142173176855258
ENSG00000171298.12	chr17_80116282_G_A_b38	chr17_80101429_C_T_b38	0.298432299877387
ENSG00000171298.12	chr17_80116282_G_A_b38	chr17_80087228_C_T_b38	0.223068838675776
ENSG00000171298.12	chr17_80116282_G_A_b38	chr17_80061401_T_G_b38	0.194181701407135
ENSG00000171298.12	chr17_80116282_G_A_b38	chr17_80125315_G_A_b38	0.129459333216559
ENSG00000171298.12	chr17_80116282_G_A_b38	chr17_80100871_TAGGC_T_b38	0.285061598645413
ENSG00000171298.12	chr17_80116282_G_A_b38	chr17_80096883_T_C_b38	-0.0253255094295557
ENSG00000171298.12	chr17_80116282_G_A_b38	chr17_80147951_G_A_b38	-0.0175016056518947
ENSG00000171298.12	chr17_80116282_G_A_b38	chr17_80099961_A_C_b38	-0.153748467332282
ENSG00000171298.12	chr17_80116282_G_A_b38	chr17_80102183_G_GACGC_b38	-0.0260991417060781
ENSG00000171298.12	chr17_80116282_G_A_b38	chr17_80102793_A_C_b38	0.319948035265954
ENSG00000171298.12	chr17_80116282_G_A_b38	chr17_80101663_G_C_b38	0.297658667600864
ENSG00000171298.12	chr17_80116282_G_A_b38	chr17_80100753_G_A_b38	-0.0218076720966895
ENSG00000171298.12	chr17_80102109_G_C_b38	chr17_80102109_G_C_b38	0.383283704092952
ENSG00000171298.12	chr17_80102109_G_C_b38	chr17_80102207_C_T_b38	0.135896537630642
ENSG00000171298.12	chr17_80102109_G_C_b38	chr17_80103062_G_A_b38	0.00490453669644422
ENSG00000171298.12	chr17_80102109_G_C_b38	chr17_80005554_C_A_b38	-0.0902960238220355
ENSG00000171298.12	chr17_80102109_G_C_b38	chr17_80121568_T_C_b38	0.00630583289542827
ENSG00000171298.12	chr17_80102109_G_C_b38	chr17_80147176_G_GCGTGCGTA_b38	0.0347684837371822
ENSG00000171298.12	chr17_80102109_G_C_b38	chr17_80089287_G_A_b38	0.145209318619723
ENSG00000171298.12	chr17_80102109_G_C_b38	chr17_80095525_C_A_b38	0.104980440240556
ENSG00000171298.12	chr17_80102109_G_C_b38	chr17_80119422_G_A_b38	0.0383312897763764
ENSG00000171298.12	chr17_80102109_G_C_b38	chr17_80121605_C_G_b38	0.312343084019385
ENSG00000171298.12	chr17_80102109_G_C_b38	chr17_80109624_CT_C_b38	0.34574286431142
ENSG00000171298.12	chr17_80102109_G_C_b38	chr17_80106038_A_G_b38	0.375488993986105
ENSG00000171298.12	chr17_80102109_G_C_b38	chr17_80103915_C_T_b38	0.246657324692006
ENSG00000171298.12	chr17_80102109_G_C_b38	chr17_80089248_G_A_b38	0.0169615227418695
ENSG00000171298.12	chr17_80102109_G_C_b38	chr17_80101429_C_T_b38	0.119635662988264
ENSG00000171298.12	chr17_80102109_G_C_b38	chr17_80087228_C_T_b38	0.299001576458224
ENSG00000171298.12	chr17_80102109_G_C_b38	chr17_80061401_T_G_b38	0.18752554446196
ENSG00000171298.12	chr17_80102109_G_C_b38	chr17_80125315_G_A_b38	0.376875693349682
ENSG00000171298.12	chr17_80102109_G_C_b38	chr17_80100871_TAGGC_T_b38	0.194108717230104
ENSG00000171298.12	chr17_80102109_G_C_b38	chr17_80096883_T_C_b38	0.0496438372160914
ENSG00000171298.12	chr17_80102109_G_C_b38	chr17_80147951_G_A_b38	0.0354849068721902
ENSG00000171298.12	chr17_80102109_G_C_b38	chr17_80099961_A_C_b38	0.178490103345595
ENSG00000171298.12	chr17_80102109_G_C_b38	chr17_80102183_G_GACGC_b38	0.0532492555613944
ENSG00000171298.12	chr17_80102109_G_C_b38	chr17_80102793_A_C_b38	0.191247737490511
ENSG00000171298.12	chr17_80102109_G_C_b38	chr17_80101663_G_C_b38	0.11890582121796
ENSG00000171298.12	chr17_80102109_G_C_b38	chr17_80100753_G_A_b38	0.0148449816079874
ENSG00000171298.12	chr17_80102207_C_T_b38	chr17_80102207_C_T_b38	0.376827732319061
ENSG00000171298.12	chr17_80102207_C_T_b38	chr17_80103062_G_A_b38	-0.00976528288667017
ENSG00000171298.12	chr17_80102207_C_T_b38	chr17_80005554_C_A_b38	-0.0464992618171809
ENSG00000171298.12	chr17_80102207_C_T_b38	chr17_80121568_T_C_b38	-0.0102845131746866
ENSG00000171298.12	chr17_80102207_C_T_b38	chr17_80147176_G_GCGTGCGTA_b38	0.00115347726284989
ENSG00000171298.12	chr17_80102207_C_T_b38	chr17_80089287_G_A_b38	0.366482746540551
ENSG00000171298.12	chr17_80102207_C_T_b38	chr17_80095525_C_A_b38	-0.0882211879321707
ENSG00000171298.12	chr17_80102207_C_T_b38	chr17_80119422_G_A_b38	-0.00235426102478125
ENSG00000171298.12	chr17_80102207_C_T_b38	chr17_80121605_C_G_b38	0.20494165436362
ENSG00000171298.12	chr17_80102207_C_T_b38	chr17_80109624_CT_C_b38	0.150417090291552
ENSG00000171298.12	chr17_80102207_C_T_b38	chr17_80106038_A_G_b38	0.145661820517312
ENSG00000171298.12	chr17_80102207_C_T_b38	chr17_80103915_C_T_b38	-0.235959929601549
ENSG00000171298.12	chr17_80102207_C_T_b38	chr17_80089248_G_A_b38	-0.0189508628814987
ENSG00000171298.12	chr17_80102207_C_T_b38	chr17_80101429_C_T_b38	0.318206841328228
ENSG00000171298.12	chr17_80102207_C_T_b38	chr17_80087228_C_T_b38	0.236262292620674
ENSG00000171298.12	chr17_80102207_C_T_b38	chr17_80061401_T_G_b38	0.201221546597269
ENSG00000171298.12	chr17_80102207_C_T_b38	chr17_80125315_G_A_b38	0.131963733119802
ENSG00000171298.12	chr17_80102207_C_T_b38	chr17_80100871_TAGGC_T_b38	0.302400553845641
ENSG00000171298.12	chr17_80102207_C_T_b38	chr17_80096883_T_C_b38	-0.0226376064526353
ENSG00000171298.12	chr17_80102207_C_T_b38	chr17_80147951_G_A_b38	0.0025002293788421
ENSG00000171298.12	chr17_80102207_C_T_b38	chr17_80099961_A_C_b38	-0.162519080149138
ENSG00000171298.12	chr17_80102207_C_T_b38	chr17_80102183_G_GACGC_b38	-0.0292270350073818
ENSG00000171298.12	chr17_80102207_C_T_b38	chr17_80102793_A_C_b38	0.346099308527054
ENSG00000171298.12	chr17_80102207_C_T_b38	chr17_80101663_G_C_b38	0.317397759594291
ENSG00000171298.12	chr17_80102207_C_T_b38	chr17_80100753_G_A_b38	-0.021957810975152
ENSG00000171298.12	chr17_80103062_G_A_b38	chr17_80103062_G_A_b38	0.0323173935890698
ENSG00000171298.12	chr17_80103062_G_A_b38	chr17_80005554_C_A_b38	-0.00420388859695218
ENSG00000171298.12	chr17_80103062_G_A_b38	chr17_80121568_T_C_b38	0.0306095638465581
ENSG00000171298.12	chr17_80103062_G_A_b38	chr17_80147176_G_GCGTGCGTA_b38	0.00295281549760695
ENSG00000171298.12	chr17_80103062_G_A_b38	chr17_80089287_G_A_b38	-0.0102469784550709
ENSG00000171298.12	chr17_80103062_G_A_b38	chr17_80095525_C_A_b38	-0.00451042214047995
ENSG00000171298.12	chr17_80103062_G_A_b38	chr17_80119422_G_A_b38	0.000218952531091243
ENSG00000171298.12	chr17_80103062_G_A_b38	chr17_80121605_C_G_b38	-0.0247854265195306
ENSG00000171298.12	chr17_80103062_G_A_b38	chr17_80109624_CT_C_b38	-0.0239944161080839
ENSG00000171298.12	chr17_80103062_G_A_b38	chr17_80106038_A_G_b38	-0.0274128568926257
ENSG00000171298.12	chr17_80103062_G_A_b38	chr17_80103915_C_T_b38	0.0146260290768961
ENSG00000171298.12	chr17_80103062_G_A_b38	chr17_80089248_G_A_b38	-0.0022771063233491
ENSG00000171298.12	chr17_80103062_G_A_b38	chr17_80101429_C_T_b38	-0.00761954808197582
ENSG00000171298.12	chr17_80103062_G_A_b38	chr17_80087228_C_T_b38	0.00932737782448766
ENSG00000171298.12	chr17_80103062_G_A_b38	chr17_80061401_T_G_b38	-0.00779471010684886
ENSG00000171298.12	chr17_80103062_G_A_b38	chr17_80125315_G_A_b38	0.00547381327728148
ENSG00000171298.12	chr17_80103062_G_A_b38	chr17_80100871_TAGGC_T_b38	-0.0102031879488527
ENSG00000171298.12	chr17_80103062_G_A_b38	chr17_80096883_T_C_b38	-0.00271501138553162
ENSG00000171298.12	chr17_80103062_G_A_b38	chr17_80147951_G_A_b38	-0.000963391136801534
ENSG00000171298.12	chr17_80103062_G_A_b38	chr17_80099961_A_C_b38	-0.00853914871255911
ENSG00000171298.12	chr17_80103062_G_A_b38	chr17_80102183_G_GACGC_b38	-0.00275880189174989
ENSG00000171298.12	chr17_80103062_G_A_b38	chr17_80102793_A_C_b38	-0.0129181993343843
ENSG00000171298.12	chr17_80103062_G_A_b38	chr17_80101663_G_C_b38	-0.00766333858819406
ENSG00000171298.12	chr17_80103062_G_A_b38	chr17_80100753_G_A_b38	-0.00197057277982133
ENSG00000171298.12	chr17_80005554_C_A_b38	chr17_80005554_C_A_b38	0.240072066661661
ENSG00000171298.12	chr17_80005554_C_A_b38	chr17_80089287_G_A_b38	-0.0524172359432473
ENSG00000171298.12	chr17_80005554_C_A_b38	chr17_80095525_C_A_b38	-0.0150451667792707
ENSG00000171298.12	chr17_80005554_C_A_b38	chr17_80103915_C_T_b38	-0.044203388134024
ENSG00000171298.12	chr17_80005554_C_A_b38	chr17_79994284_C_CG_b38	-0.00628080974901783
ENSG00000171298.12	chr17_80005554_C_A_b38	chr17_80089248_G_A_b38	-0.00669369166478993
ENSG00000171298.12	chr17_80005554_C_A_b38	chr17_80101429_C_T_b38	-0.0410254485398993
ENSG00000171298.12	chr17_80005554_C_A_b38	chr17_80087228_C_T_b38	-0.0562457773440431
ENSG00000171298.12	chr17_80005554_C_A_b38	chr17_80061401_T_G_b38	-0.0793984435602933
ENSG00000171298.12	chr17_80005554_C_A_b38	chr17_80100871_TAGGC_T_b38	-0.0753384380552011
ENSG00000171298.12	chr17_80005554_C_A_b38	chr17_80096883_T_C_b38	0.0115356704952081
ENSG00000171298.12	chr17_80005554_C_A_b38	chr17_80099961_A_C_b38	-0.0121987838750844
ENSG00000171298.12	chr17_80005554_C_A_b38	chr17_80102183_G_GACGC_b38	0.00968395766083628
ENSG00000171298.12	chr17_80005554_C_A_b38	chr17_80102793_A_C_b38	-0.04047493931887
ENSG00000171298.12	chr17_80005554_C_A_b38	chr17_80101663_G_C_b38	-0.0414320746690688
ENSG00000171298.12	chr17_80005554_C_A_b38	chr17_80100753_G_A_b38	0.0279445987538473
ENSG00000171298.12	chr17_80121568_T_C_b38	chr17_80121568_T_C_b38	0.0403873583064335
ENSG00000171298.12	chr17_80121568_T_C_b38	chr17_80147176_G_GCGTGCGTA_b38	0.00191598198608779
ENSG00000171298.12	chr17_80121568_T_C_b38	chr17_80089287_G_A_b38	-0.00801366263794009
ENSG00000171298.12	chr17_80121568_T_C_b38	chr17_80095525_C_A_b38	-0.00641843705427521
ENSG00000171298.12	chr17_80121568_T_C_b38	chr17_80119422_G_A_b38	-0.00240222205540126
ENSG00000171298.12	chr17_80121568_T_C_b38	chr17_80121605_C_G_b38	-0.0312476540800241
ENSG00000171298.12	chr17_80121568_T_C_b38	chr17_80109624_CT_C_b38	-0.02043186113933
ENSG00000171298.12	chr17_80121568_T_C_b38	chr17_80106038_A_G_b38	-0.0243037309511298
ENSG00000171298.12	chr17_80121568_T_C_b38	chr17_80103915_C_T_b38	0.0165340439906914
ENSG00000171298.12	chr17_80121568_T_C_b38	chr17_80089248_G_A_b38	-0.00292770813002027
ENSG00000171298.12	chr17_80121568_T_C_b38	chr17_80101429_C_T_b38	-0.0104158846933413
ENSG00000171298.12	chr17_80121568_T_C_b38	chr17_80087228_C_T_b38	0.0049733503490729
ENSG00000171298.12	chr17_80121568_T_C_b38	chr17_80061401_T_G_b38	-0.0112604158846934
ENSG00000171298.12	chr17_80121568_T_C_b38	chr17_80125315_G_A_b38	-0.00307784700848286
ENSG00000171298.12	chr17_80121568_T_C_b38	chr17_80100871_TAGGC_T_b38	-0.0124990616320096
ENSG00000171298.12	chr17_80121568_T_C_b38	chr17_80096883_T_C_b38	-0.00431649275579913
ENSG00000171298.12	chr17_80121568_T_C_b38	chr17_80147951_G_A_b38	-0.00206440957886046
ENSG00000171298.12	chr17_80121568_T_C_b38	chr17_80099961_A_C_b38	-0.00457923579310862
ENSG00000171298.12	chr17_80121568_T_C_b38	chr17_80102183_G_GACGC_b38	-0.0043727948352226
ENSG00000171298.12	chr17_80121568_T_C_b38	chr17_80102793_A_C_b38	-0.0151640267247204
ENSG00000171298.12	chr17_80121568_T_C_b38	chr17_80101663_G_C_b38	-0.0104721867727648
ENSG00000171298.12	chr17_80121568_T_C_b38	chr17_80100753_G_A_b38	-0.00253359357405601
ENSG00000171298.12	chr17_80147176_G_GCGTGCGTA_b38	chr17_80089287_G_A_b38	0.00503296264587401
ENSG00000171298.12	chr17_80147176_G_GCGTGCGTA_b38	chr17_80095525_C_A_b38	0.0652427486493026
ENSG00000171298.12	chr17_80147176_G_GCGTGCGTA_b38	chr17_80119422_G_A_b38	0.105599333009953
ENSG00000171298.12	chr17_80147176_G_GCGTGCGTA_b38	chr17_80121605_C_G_b38	0.0430501913572511
ENSG00000171298.12	chr17_80147176_G_GCGTGCGTA_b38	chr17_80106038_A_G_b38	0.0318156682395754
ENSG00000171298.12	chr17_80147176_G_GCGTGCGTA_b38	chr17_80103915_C_T_b38	0.0377774610046862
ENSG00000171298.12	chr17_80147176_G_GCGTGCGTA_b38	chr17_80089248_G_A_b38	-0.00719519254760727
ENSG00000171298.12	chr17_80147176_G_GCGTGCGTA_b38	chr17_80101429_C_T_b38	0.00545849641482765
ENSG00000171298.12	chr17_80147176_G_GCGTGCGTA_b38	chr17_80087228_C_T_b38	0.0584450089832378
ENSG00000171298.12	chr17_80147176_G_GCGTGCGTA_b38	chr17_80061401_T_G_b38	-0.0238450106788723
ENSG00000171298.12	chr17_80147176_G_GCGTGCGTA_b38	chr17_80125315_G_A_b38	0.0370149563454737
ENSG00000171298.12	chr17_80147176_G_GCGTGCGTA_b38	chr17_80096883_T_C_b38	0.0775292257627745
ENSG00000171298.12	chr17_80147176_G_GCGTGCGTA_b38	chr17_80147951_G_A_b38	0.10680897211165
ENSG00000171298.12	chr17_80147176_G_GCGTGCGTA_b38	chr17_80099961_A_C_b38	0.0373411268497163
ENSG00000171298.12	chr17_80147176_G_GCGTGCGTA_b38	chr17_80102793_A_C_b38	0.08290779958408
ENSG00000171298.12	chr17_80147176_G_GCGTGCGTA_b38	chr17_80101663_G_C_b38	0.00528569082957445
ENSG00000171298.12	chr17_80147176_G_GCGTGCGTA_b38	chr17_80100753_G_A_b38	-0.00344099122078675
ENSG00000171298.12	chr17_80089287_G_A_b38	chr17_80089287_G_A_b38	0.394902785076195
ENSG00000171298.12	chr17_80089287_G_A_b38	chr17_80095525_C_A_b38	-0.0972587143107375
ENSG00000171298.12	chr17_80089287_G_A_b38	chr17_80119422_G_A_b38	0.0012699246803293
ENSG00000171298.12	chr17_80089287_G_A_b38	chr17_80121605_C_G_b38	0.209712734279208
ENSG00000171298.12	chr17_80089287_G_A_b38	chr17_80109624_CT_C_b38	0.159597766693805
ENSG00000171298.12	chr17_80089287_G_A_b38	chr17_80106038_A_G_b38	0.155456297074795
ENSG00000171298.12	chr17_80089287_G_A_b38	chr17_80103915_C_T_b38	-0.222105447538973
ENSG00000171298.12	chr17_80089287_G_A_b38	chr17_79994284_C_CG_b38	-0.00135750569276581
ENSG00000171298.12	chr17_80089287_G_A_b38	chr17_80089248_G_A_b38	-0.0201436328603959
ENSG00000171298.12	chr17_80089287_G_A_b38	chr17_80101429_C_T_b38	0.323436678928009
ENSG00000171298.12	chr17_80089287_G_A_b38	chr17_80087228_C_T_b38	0.252364687335785
ENSG00000171298.12	chr17_80089287_G_A_b38	chr17_80061401_T_G_b38	0.223287791206867
ENSG00000171298.12	chr17_80089287_G_A_b38	chr17_80125315_G_A_b38	0.138684533193204
ENSG00000171298.12	chr17_80089287_G_A_b38	chr17_80100871_TAGGC_T_b38	0.316255035908215
ENSG00000171298.12	chr17_80089287_G_A_b38	chr17_80096883_T_C_b38	-0.0327990891574706
ENSG00000171298.12	chr17_80089287_G_A_b38	chr17_80147951_G_A_b38	0.00626204238920999
ENSG00000171298.12	chr17_80089287_G_A_b38	chr17_80099961_A_C_b38	-0.173804519180242
ENSG00000171298.12	chr17_80089287_G_A_b38	chr17_80102183_G_GACGC_b38	-0.0191802417235943
ENSG00000171298.12	chr17_80089287_G_A_b38	chr17_80102793_A_C_b38	0.345594675074444
ENSG00000171298.12	chr17_80089287_G_A_b38	chr17_80101663_G_C_b38	0.322604659309862
ENSG00000171298.12	chr17_80089287_G_A_b38	chr17_80100753_G_A_b38	-0.02154492905938
ENSG00000171298.12	chr17_80095525_C_A_b38	chr17_80095525_C_A_b38	0.301095179707896
ENSG00000171298.12	chr17_80095525_C_A_b38	chr17_80119422_G_A_b38	0.0746357046935081
ENSG00000171298.12	chr17_80095525_C_A_b38	chr17_80121605_C_G_b38	-0.044426511189517
ENSG00000171298.12	chr17_80095525_C_A_b38	chr17_80109624_CT_C_b38	0.0670332387680735
ENSG00000171298.12	chr17_80095525_C_A_b38	chr17_80106038_A_G_b38	0.108045775675834
ENSG00000171298.12	chr17_80095525_C_A_b38	chr17_80103915_C_T_b38	0.194087864608096
ENSG00000171298.12	chr17_80095525_C_A_b38	chr17_80089248_G_A_b38	-0.0146093469792892
ENSG00000171298.12	chr17_80095525_C_A_b38	chr17_80101429_C_T_b38	-0.079623651877987
ENSG00000171298.12	chr17_80095525_C_A_b38	chr17_80087228_C_T_b38	-0.0307034006455972
ENSG00000171298.12	chr17_80095525_C_A_b38	chr17_80061401_T_G_b38	0.0162004020385523
ENSG00000171298.12	chr17_80095525_C_A_b38	chr17_80125315_G_A_b38	0.107910233632777
ENSG00000171298.12	chr17_80095525_C_A_b38	chr17_80100871_TAGGC_T_b38	0.066526119994328
ENSG00000171298.12	chr17_80095525_C_A_b38	chr17_80096883_T_C_b38	0.13800473771572
ENSG00000171298.12	chr17_80095525_C_A_b38	chr17_80147951_G_A_b38	0.0678731993760896
ENSG00000171298.12	chr17_80095525_C_A_b38	chr17_80099961_A_C_b38	0.0429647423867077
ENSG00000171298.12	chr17_80095525_C_A_b38	chr17_80102183_G_GACGC_b38	0.130220453919876
ENSG00000171298.12	chr17_80095525_C_A_b38	chr17_80102793_A_C_b38	0.0398597869696134
ENSG00000171298.12	chr17_80095525_C_A_b38	chr17_80101663_G_C_b38	-0.0801825021478203
ENSG00000171298.12	chr17_80095525_C_A_b38	chr17_80100753_G_A_b38	-0.012142481795661
ENSG00000171298.12	chr17_80119422_G_A_b38	chr17_80119422_G_A_b38	0.126083293713351
ENSG00000171298.12	chr17_80119422_G_A_b38	chr17_80121605_C_G_b38	0.0548277990474523
ENSG00000171298.12	chr17_80119422_G_A_b38	chr17_80109624_CT_C_b38	0.0408807985567192
ENSG00000171298.12	chr17_80119422_G_A_b38	chr17_80106038_A_G_b38	0.0381123372452852
ENSG00000171298.12	chr17_80119422_G_A_b38	chr17_80103915_C_T_b38	0.0448247962698829
ENSG00000171298.12	chr17_80119422_G_A_b38	chr17_80089248_G_A_b38	-0.00585750152224139
ENSG00000171298.12	chr17_80119422_G_A_b38	chr17_80101429_C_T_b38	0.00436028326201734
ENSG00000171298.12	chr17_80119422_G_A_b38	chr17_80087228_C_T_b38	0.0666616620373847
ENSG00000171298.12	chr17_80119422_G_A_b38	chr17_80061401_T_G_b38	-0.0263577142189859
ENSG00000171298.12	chr17_80119422_G_A_b38	chr17_80125315_G_A_b38	0.0408794801858386
ENSG00000171298.12	chr17_80119422_G_A_b38	chr17_80100871_TAGGC_T_b38	-0.0128473004195548
ENSG00000171298.12	chr17_80119422_G_A_b38	chr17_80096883_T_C_b38	0.0919621483205302
ENSG00000171298.12	chr17_80119422_G_A_b38	chr17_80147951_G_A_b38	0.114253601247821
ENSG00000171298.12	chr17_80119422_G_A_b38	chr17_80099961_A_C_b38	0.05095963766484
ENSG00000171298.12	chr17_80119422_G_A_b38	chr17_80102183_G_GACGC_b38	0.0989915671996596
ENSG00000171298.12	chr17_80119422_G_A_b38	chr17_80102793_A_C_b38	0.0948731743529431
ENSG00000171298.12	chr17_80119422_G_A_b38	chr17_80101663_G_C_b38	0.00416426861513568
ENSG00000171298.12	chr17_80119422_G_A_b38	chr17_80100753_G_A_b38	-0.00593048569927184
ENSG00000171298.12	chr17_80121605_C_G_b38	chr17_80121605_C_G_b38	0.480198350140546
ENSG00000171298.12	chr17_80121605_C_G_b38	chr17_80109624_CT_C_b38	0.354658857687838
ENSG00000171298.12	chr17_80121605_C_G_b38	chr17_80106038_A_G_b38	0.341463770654522
ENSG00000171298.12	chr17_80121605_C_G_b38	chr17_80103915_C_T_b38	0.109937108492022
ENSG00000171298.12	chr17_80121605_C_G_b38	chr17_80089248_G_A_b38	0.0220287098899816
ENSG00000171298.12	chr17_80121605_C_G_b38	chr17_80101429_C_T_b38	0.181849460751195
ENSG00000171298.12	chr17_80121605_C_G_b38	chr17_80087228_C_T_b38	0.394940319795811
ENSG00000171298.12	chr17_80121605_C_G_b38	chr17_80061401_T_G_b38	0.109415792941804
ENSG00000171298.12	chr17_80121605_C_G_b38	chr17_80125315_G_A_b38	0.331402380535329
ENSG00000171298.12	chr17_80121605_C_G_b38	chr17_80100871_TAGGC_T_b38	0.0852392629849279
ENSG00000171298.12	chr17_80121605_C_G_b38	chr17_80096883_T_C_b38	0.0745668910408792
ENSG00000171298.12	chr17_80121605_C_G_b38	chr17_80147951_G_A_b38	0.0497293329663272
ENSG00000171298.12	chr17_80121605_C_G_b38	chr17_80099961_A_C_b38	0.235993293796762
ENSG00000171298.12	chr17_80121605_C_G_b38	chr17_80102183_G_GACGC_b38	0.0756574831719339
ENSG00000171298.12	chr17_80121605_C_G_b38	chr17_80102793_A_C_b38	0.281743946483831
ENSG00000171298.12	chr17_80121605_C_G_b38	chr17_80101663_G_C_b38	0.181494966177047
ENSG00000171298.12	chr17_80121605_C_G_b38	chr17_80100753_G_A_b38	0.0245101719090158
ENSG00000171298.12	chr17_80109624_CT_C_b38	chr17_80106038_A_G_b38	0.37407254053511
ENSG00000171298.12	chr17_80109624_CT_C_b38	chr17_80103915_C_T_b38	0.196160380965527
ENSG00000171298.12	chr17_80109624_CT_C_b38	chr17_80089248_G_A_b38	0.0173880004806448
ENSG00000171298.12	chr17_80109624_CT_C_b38	chr17_80101429_C_T_b38	0.131197650532278
ENSG00000171298.12	chr17_80109624_CT_C_b38	chr17_80087228_C_T_b38	0.298639868680497
ENSG00000171298.12	chr17_80109624_CT_C_b38	chr17_80061401_T_G_b38	0.15294012169525
ENSG00000171298.12	chr17_80109624_CT_C_b38	chr17_80125315_G_A_b38	0.347898754364669
ENSG00000171298.12	chr17_80109624_CT_C_b38	chr17_80096883_T_C_b38	0.0562516543623166
ENSG00000171298.12	chr17_80109624_CT_C_b38	chr17_80147951_G_A_b38	0.0387633302931677
ENSG00000171298.12	chr17_80109624_CT_C_b38	chr17_80099961_A_C_b38	0.193029004508566
ENSG00000171298.12	chr17_80109624_CT_C_b38	chr17_80102793_A_C_b38	0.21356972740526
ENSG00000171298.12	chr17_80109624_CT_C_b38	chr17_80101663_G_C_b38	0.130587170772735
ENSG00000171298.12	chr17_80109624_CT_C_b38	chr17_80100753_G_A_b38	0.0173260986818386
ENSG00000171298.12	chr17_80106038_A_G_b38	chr17_80106038_A_G_b38	0.408682197699538
ENSG00000171298.12	chr17_80106038_A_G_b38	chr17_80103915_C_T_b38	0.230586208909909
ENSG00000171298.12	chr17_80106038_A_G_b38	chr17_80089248_G_A_b38	0.0192386290652187
ENSG00000171298.12	chr17_80106038_A_G_b38	chr17_80101429_C_T_b38	0.128700297775443
ENSG00000171298.12	chr17_80106038_A_G_b38	chr17_80087228_C_T_b38	0.286784025223331
ENSG00000171298.12	chr17_80106038_A_G_b38	chr17_80061401_T_G_b38	0.190984994453203
ENSG00000171298.12	chr17_80106038_A_G_b38	chr17_80125315_G_A_b38	0.375737140188007
ENSG00000171298.12	chr17_80106038_A_G_b38	chr17_80100871_TAGGC_T_b38	0.202866818473756
ENSG00000171298.12	chr17_80106038_A_G_b38	chr17_80096883_T_C_b38	0.052358848601623
ENSG00000171298.12	chr17_80106038_A_G_b38	chr17_80147951_G_A_b38	0.0364482980089917
ENSG00000171298.12	chr17_80106038_A_G_b38	chr17_80099961_A_C_b38	0.185584165352952
ENSG00000171298.12	chr17_80106038_A_G_b38	chr17_80102183_G_GACGC_b38	0.0560080574531442
ENSG00000171298.12	chr17_80106038_A_G_b38	chr17_80102793_A_C_b38	0.204165936824897
ENSG00000171298.12	chr17_80106038_A_G_b38	chr17_80101663_G_C_b38	0.128014246511356
ENSG00000171298.12	chr17_80106038_A_G_b38	chr17_80100753_G_A_b38	0.0168155543878087
ENSG00000171298.12	chr17_80103915_C_T_b38	chr17_80103915_C_T_b38	0.48413949570019
ENSG00000171298.12	chr17_80103915_C_T_b38	chr17_80089248_G_A_b38	0.035803951988923
ENSG00000171298.12	chr17_80103915_C_T_b38	chr17_80101429_C_T_b38	-0.197832995520857
ENSG00000171298.12	chr17_80103915_C_T_b38	chr17_80087228_C_T_b38	0.0653854815704526
ENSG00000171298.12	chr17_80103915_C_T_b38	chr17_80061401_T_G_b38	-0.0166820976069531
ENSG00000171298.12	chr17_80103915_C_T_b38	chr17_80125315_G_A_b38	0.245654313573389
ENSG00000171298.12	chr17_80103915_C_T_b38	chr17_80100871_TAGGC_T_b38	-0.112287198992401
ENSG00000171298.12	chr17_80103915_C_T_b38	chr17_80096883_T_C_b38	0.0763497902226226
ENSG00000171298.12	chr17_80103915_C_T_b38	chr17_80147951_G_A_b38	0.0371364345352785
ENSG00000171298.12	chr17_80103915_C_T_b38	chr17_80099961_A_C_b38	0.344318494607511
ENSG00000171298.12	chr17_80103915_C_T_b38	chr17_80102183_G_GACGC_b38	0.082207291744864
ENSG00000171298.12	chr17_80103915_C_T_b38	chr17_80102793_A_C_b38	-0.15016807213339
ENSG00000171298.12	chr17_80103915_C_T_b38	chr17_80101663_G_C_b38	-0.197755840819425
ENSG00000171298.12	chr17_80103915_C_T_b38	chr17_80100753_G_A_b38	0.0367089557841003
ENSG00000171298.12	chr17_79994284_C_CG_b38	chr17_80089248_G_A_b38	-0.00206023905445871
ENSG00000171298.12	chr17_79994284_C_CG_b38	chr17_80087228_C_T_b38	-0.00174536446212748
ENSG00000171298.12	chr17_79994284_C_CG_b38	chr17_80061401_T_G_b38	-0.00615777927916655
ENSG00000171298.12	chr17_80089248_G_A_b38	chr17_80089248_G_A_b38	0.0723961330897745
ENSG00000171298.12	chr17_80089248_G_A_b38	chr17_80101429_C_T_b38	-0.0179728749092911
ENSG00000171298.12	chr17_80089248_G_A_b38	chr17_80087228_C_T_b38	0.0263306058103745
ENSG00000171298.12	chr17_80089248_G_A_b38	chr17_80061401_T_G_b38	0.0325843071507812
ENSG00000171298.12	chr17_80089248_G_A_b38	chr17_80125315_G_A_b38	0.0169260732844547
ENSG00000171298.12	chr17_80089248_G_A_b38	chr17_80100871_TAGGC_T_b38	-0.0242328320363002
ENSG00000171298.12	chr17_80089248_G_A_b38	chr17_80096883_T_C_b38	-0.00954424509337803
ENSG00000171298.12	chr17_80089248_G_A_b38	chr17_80147951_G_A_b38	-0.00520689971557021
ENSG00000171298.12	chr17_80089248_G_A_b38	chr17_80099961_A_C_b38	0.0434714611015189
ENSG00000171298.12	chr17_80089248_G_A_b38	chr17_80102183_G_GACGC_b38	-0.00965267872782324
ENSG00000171298.12	chr17_80089248_G_A_b38	chr17_80102793_A_C_b38	-0.0295794443193287
ENSG00000171298.12	chr17_80089248_G_A_b38	chr17_80101663_G_C_b38	-0.0180813085437363
ENSG00000171298.12	chr17_80089248_G_A_b38	chr17_80100753_G_A_b38	-0.00343442684483147
ENSG00000171298.12	chr17_80101429_C_T_b38	chr17_80101429_C_T_b38	0.348509871631259
ENSG00000171298.12	chr17_80101429_C_T_b38	chr17_80087228_C_T_b38	0.204864499662188
ENSG00000171298.12	chr17_80101429_C_T_b38	chr17_80061401_T_G_b38	0.181355253609589
ENSG00000171298.12	chr17_80101429_C_T_b38	chr17_80125315_G_A_b38	0.123045066686685
ENSG00000171298.12	chr17_80101429_C_T_b38	chr17_80100871_TAGGC_T_b38	0.269849610890073
ENSG00000171298.12	chr17_80101429_C_T_b38	chr17_80096883_T_C_b38	-0.0254547956860096
ENSG00000171298.12	chr17_80101429_C_T_b38	chr17_80147951_G_A_b38	0.00860170657858516
ENSG00000171298.12	chr17_80101429_C_T_b38	chr17_80099961_A_C_b38	-0.148374746640642
ENSG00000171298.12	chr17_80101429_C_T_b38	chr17_80102183_G_GACGC_b38	-0.0174911793408903
ENSG00000171298.12	chr17_80101429_C_T_b38	chr17_80102793_A_C_b38	0.300133873833297
ENSG00000171298.12	chr17_80101429_C_T_b38	chr17_80101663_G_C_b38	0.346357881039962
ENSG00000171298.12	chr17_80101429_C_T_b38	chr17_80100753_G_A_b38	-0.0216950679378425
ENSG00000171298.12	chr17_80087228_C_T_b38	chr17_80087228_C_T_b38	0.510472186772763
ENSG00000171298.12	chr17_80087228_C_T_b38	chr17_80061401_T_G_b38	0.167967870280009
ENSG00000171298.12	chr17_80087228_C_T_b38	chr17_80125315_G_A_b38	0.296392913444937
ENSG00000171298.12	chr17_80087228_C_T_b38	chr17_80100871_TAGGC_T_b38	0.120692890924105
ENSG00000171298.12	chr17_80087228_C_T_b38	chr17_80096883_T_C_b38	0.09160348322198
ENSG00000171298.12	chr17_80087228_C_T_b38	chr17_80147951_G_A_b38	0.0594549958711809
ENSG00000171298.12	chr17_80087228_C_T_b38	chr17_80099961_A_C_b38	0.16175587418362
ENSG00000171298.12	chr17_80087228_C_T_b38	chr17_80102183_G_GACGC_b38	0.0956947676600855
ENSG00000171298.12	chr17_80087228_C_T_b38	chr17_80102793_A_C_b38	0.322535845657233
ENSG00000171298.12	chr17_80087228_C_T_b38	chr17_80101663_G_C_b38	0.204620523984686
ENSG00000171298.12	chr17_80087228_C_T_b38	chr17_80100753_G_A_b38	0.0251482621424818
ENSG00000171298.12	chr17_80061401_T_G_b38	chr17_80061401_T_G_b38	0.481136718130939
ENSG00000171298.12	chr17_80061401_T_G_b38	chr17_80125315_G_A_b38	0.184437271142473
ENSG00000171298.12	chr17_80061401_T_G_b38	chr17_80100871_TAGGC_T_b38	0.303207550317377
ENSG00000171298.12	chr17_80061401_T_G_b38	chr17_80096883_T_C_b38	-0.0729716654572145
ENSG00000171298.12	chr17_80061401_T_G_b38	chr17_80147951_G_A_b38	-0.0214469217359391
ENSG00000171298.12	chr17_80061401_T_G_b38	chr17_80099961_A_C_b38	-0.116557815979781
ENSG00000171298.12	chr17_80061401_T_G_b38	chr17_80102183_G_GACGC_b38	-0.0600618071716338
ENSG00000171298.12	chr17_80061401_T_G_b38	chr17_80102793_A_C_b38	0.135961180758869
ENSG00000171298.12	chr17_80061401_T_G_b38	chr17_80101663_G_C_b38	0.182704418253551
ENSG00000171298.12	chr17_80061401_T_G_b38	chr17_80100753_G_A_b38	-0.031773140154643
ENSG00000171298.12	chr17_80125315_G_A_b38	chr17_80125315_G_A_b38	0.400462094103713
ENSG00000171298.12	chr17_80125315_G_A_b38	chr17_80100871_TAGGC_T_b38	0.189690046626463
ENSG00000171298.12	chr17_80125315_G_A_b38	chr17_80096883_T_C_b38	0.053113713518338
ENSG00000171298.12	chr17_80125315_G_A_b38	chr17_80147951_G_A_b38	0.0378704468299843
ENSG00000171298.12	chr17_80125315_G_A_b38	chr17_80099961_A_C_b38	0.175931486625128
ENSG00000171298.12	chr17_80125315_G_A_b38	chr17_80102183_G_GACGC_b38	0.056746240272252
ENSG00000171298.12	chr17_80125315_G_A_b38	chr17_80102793_A_C_b38	0.191055893368032
ENSG00000171298.12	chr17_80125315_G_A_b38	chr17_80101663_G_C_b38	0.122342333324992
ENSG00000171298.12	chr17_80125315_G_A_b38	chr17_80100753_G_A_b38	0.0160648599954958
ENSG00000171298.12	chr17_80100871_TAGGC_T_b38	chr17_80096883_T_C_b38	-0.0547589853948235
ENSG00000171298.12	chr17_80100871_TAGGC_T_b38	chr17_80147951_G_A_b38	-0.00621616662079091
ENSG00000171298.12	chr17_80100871_TAGGC_T_b38	chr17_80099961_A_C_b38	-0.238839676700948
ENSG00000171298.12	chr17_80100871_TAGGC_T_b38	chr17_80102793_A_C_b38	0.26115615277465
ENSG00000171298.12	chr17_80100871_TAGGC_T_b38	chr17_80101663_G_C_b38	0.268744421923612
ENSG00000171298.12	chr17_80100871_TAGGC_T_b38	chr17_80100753_G_A_b38	-0.0295022896178966
ENSG00000171298.12	chr17_80096883_T_C_b38	chr17_80096883_T_C_b38	0.162366856008474
ENSG00000171298.12	chr17_80096883_T_C_b38	chr17_80147951_G_A_b38	0.0820029360491788
ENSG00000171298.12	chr17_80096883_T_C_b38	chr17_80099961_A_C_b38	0.107117833996446
ENSG00000171298.12	chr17_80096883_T_C_b38	chr17_80102183_G_GACGC_b38	0.153429422215549
ENSG00000171298.12	chr17_80096883_T_C_b38	chr17_80102793_A_C_b38	0.128389593707513
ENSG00000171298.12	chr17_80096883_T_C_b38	chr17_80101663_G_C_b38	-0.0257217092477208
ENSG00000171298.12	chr17_80096883_T_C_b38	chr17_80100753_G_A_b38	-0.00478567675099466
ENSG00000171298.12	chr17_80147951_G_A_b38	chr17_80147951_G_A_b38	0.119689879805487
ENSG00000171298.12	chr17_80147951_G_A_b38	chr17_80099961_A_C_b38	0.0412193779245803
ENSG00000171298.12	chr17_80147951_G_A_b38	chr17_80102183_G_GACGC_b38	0.0890448665015139
ENSG00000171298.12	chr17_80147951_G_A_b38	chr17_80102793_A_C_b38	0.0898935682172676
ENSG00000171298.12	chr17_80147951_G_A_b38	chr17_80101663_G_C_b38	0.00841820350490868
ENSG00000171298.12	chr17_80147951_G_A_b38	chr17_80100753_G_A_b38	-0.00392237819983484
ENSG00000171298.12	chr17_80099961_A_C_b38	chr17_80099961_A_C_b38	0.431649275579911
ENSG00000171298.12	chr17_80099961_A_C_b38	chr17_80102183_G_GACGC_b38	0.0959762780572029
ENSG00000171298.12	chr17_80099961_A_C_b38	chr17_80102793_A_C_b38	-0.0627705627705628
ENSG00000171298.12	chr17_80099961_A_C_b38	chr17_80101663_G_C_b38	-0.147955608938268
ENSG00000171298.12	chr17_80099961_A_C_b38	chr17_80100753_G_A_b38	0.044872757300503
ENSG00000171298.12	chr17_80102183_G_GACGC_b38	chr17_80102793_A_C_b38	0.134518179315867
ENSG00000171298.12	chr17_80102183_G_GACGC_b38	chr17_80101663_G_C_b38	-0.0177601781648024
ENSG00000171298.12	chr17_80102183_G_GACGC_b38	chr17_80100753_G_A_b38	-0.0048795135500338
ENSG00000171298.12	chr17_80102793_A_C_b38	chr17_80102793_A_C_b38	0.489531983751635
ENSG00000171298.12	chr17_80102793_A_C_b38	chr17_80101663_G_C_b38	0.299037025915639
ENSG00000171298.12	chr17_80102793_A_C_b38	chr17_80100753_G_A_b38	-0.0276818557165378
ENSG00000171298.12	chr17_80101663_G_C_b38	chr17_80101663_G_C_b38	0.348539065302071
ENSG00000171298.12	chr17_80101663_G_C_b38	chr17_80100753_G_A_b38	-0.0203438180316793
ENSG00000171298.12	chr17_80100753_G_A_b38	chr17_80100753_G_A_b38	0.0636964191877487
ENSG00000141543.9	chr17_80147978_G_A_b38	chr17_80147978_G_A_b38	0.171533668643495
ENSG00000141543.9	chr17_80147978_G_A_b38	chr17_80138534_T_TAC_b38	-0.0800615569401698
ENSG00000141543.9	chr17_80147978_G_A_b38	chr17_80147176_G_GCGTGCGTA_b38	-0.0161033204831694
ENSG00000141543.9	chr17_80147978_G_A_b38	chr17_80113310_A_G_b38	0.0713535019893404
ENSG00000141543.9	chr17_80147978_G_A_b38	chr17_80147459_CTGAA_C_b38	-0.0281510397117334
ENSG00000141543.9	chr17_80147978_G_A_b38	chr17_80147371_G_T_b38	0.0516102394715112
ENSG00000141543.9	chr17_80147978_G_A_b38	chr17_80138078_T_C_b38	-0.0794985361459351
ENSG00000141543.9	chr17_80147978_G_A_b38	chr17_80128755_T_G_b38	0.1211620749193
ENSG00000141543.9	chr17_80147978_G_A_b38	chr17_80123001_T_G_b38	-0.0460738683282035
ENSG00000141543.9	chr17_80147978_G_A_b38	chr17_80148608_T_G_b38	-0.0513099617145858
ENSG00000141543.9	chr17_80147978_G_A_b38	chr17_80192527_G_A_b38	-0.000225208317693884
ENSG00000141543.9	chr17_80147978_G_A_b38	chr17_80145393_C_G_b38	0.160573530515728
ENSG00000141543.9	chr17_80147978_G_A_b38	chr17_80147908_T_A_b38	0.0833646122663464
ENSG00000141543.9	chr17_80147978_G_A_b38	chr17_80145467_G_C_b38	-0.00422265595676
ENSG00000141543.9	chr17_80147978_G_A_b38	chr17_80147297_C_G_b38	-0.00129494782673973
ENSG00000141543.9	chr17_80147978_G_A_b38	chr17_80082554_T_C_b38	-0.020062307634562
ENSG00000141543.9	chr17_80147978_G_A_b38	chr17_80100669_A_G_b38	-0.057728398768861
ENSG00000141543.9	chr17_80147978_G_A_b38	chr17_80149531_T_C_b38	-0.0513099617145859
ENSG00000141543.9	chr17_80147978_G_A_b38	chr17_80145431_G_A_b38	-0.00422265595676
ENSG00000141543.9	chr17_80147978_G_A_b38	chr17_80146494_G_A_b38	-0.00450416635387735
ENSG00000141543.9	chr17_80147978_G_A_b38	chr17_80155175_AGAACATAAATTGTGAAGATTTCATGGACATTTATTAATTCCCCAAATTAATACTTTTATAATTTCTTACGCCTATCTTTACTGCAGTCTCT_A_b38	0.00116357630808496
ENSG00000141543.9	chr17_80147978_G_A_b38	chr17_80071900_G_A_b38	-0.00478567675099467
ENSG00000141543.9	chr17_80147978_G_A_b38	chr17_80132516_G_A_b38	-0.00371593724194879
ENSG00000141543.9	chr17_80147978_G_A_b38	chr17_80147187_T_C_b38	-0.0267059530065311
ENSG00000141543.9	chr17_80138534_T_TAC_b38	chr17_80113310_A_G_b38	-0.121994094537447
ENSG00000141543.9	chr17_80138534_T_TAC_b38	chr17_80147371_G_T_b38	0.24793559042114
ENSG00000141543.9	chr17_80138534_T_TAC_b38	chr17_80138078_T_C_b38	0.476434451867978
ENSG00000141543.9	chr17_80138534_T_TAC_b38	chr17_80128755_T_G_b38	-0.165734554462878
ENSG00000141543.9	chr17_80138534_T_TAC_b38	chr17_80123001_T_G_b38	0.258332707754673
ENSG00000141543.9	chr17_80138534_T_TAC_b38	chr17_80148608_T_G_b38	0.249055376223006
ENSG00000141543.9	chr17_80138534_T_TAC_b38	chr17_80192527_G_A_b38	0.0341691064234417
ENSG00000141543.9	chr17_80138534_T_TAC_b38	chr17_80145393_C_G_b38	-0.0913782749042866
ENSG00000141543.9	chr17_80138534_T_TAC_b38	chr17_80147908_T_A_b38	0.381922027875785
ENSG00000141543.9	chr17_80138534_T_TAC_b38	chr17_80147297_C_G_b38	-0.0171596226509522
ENSG00000141543.9	chr17_80138534_T_TAC_b38	chr17_80082554_T_C_b38	0.111415559392438
ENSG00000141543.9	chr17_80138534_T_TAC_b38	chr17_80100669_A_G_b38	0.32643945649726
ENSG00000141543.9	chr17_80138534_T_TAC_b38	chr17_80149531_T_C_b38	0.251945549633411
ENSG00000141543.9	chr17_80138534_T_TAC_b38	chr17_80146494_G_A_b38	0.0171971573705678
ENSG00000141543.9	chr17_80138534_T_TAC_b38	chr17_80071900_G_A_b38	0.0201686560068063
ENSG00000141543.9	chr17_80138534_T_TAC_b38	chr17_80132516_G_A_b38	0.0295898706303329
ENSG00000141543.9	chr17_80138534_T_TAC_b38	chr17_80147187_T_C_b38	0.173835798113255
ENSG00000141543.9	chr17_80147176_G_GCGTGCGTA_b38	chr17_80113310_A_G_b38	-0.0450115348060203
ENSG00000141543.9	chr17_80147176_G_GCGTGCGTA_b38	chr17_80147371_G_T_b38	0.0367795087370438
ENSG00000141543.9	chr17_80147176_G_GCGTGCGTA_b38	chr17_80138078_T_C_b38	0.0796223334520767
ENSG00000141543.9	chr17_80147176_G_GCGTGCGTA_b38	chr17_80128755_T_G_b38	-0.039576799101542
ENSG00000141543.9	chr17_80147176_G_GCGTGCGTA_b38	chr17_80123001_T_G_b38	-0.0161400416705283
ENSG00000141543.9	chr17_80147176_G_GCGTGCGTA_b38	chr17_80148608_T_G_b38	0.0893210468751616
ENSG00000141543.9	chr17_80147176_G_GCGTGCGTA_b38	chr17_80192527_G_A_b38	-0.000378012210353806
ENSG00000141543.9	chr17_80147176_G_GCGTGCGTA_b38	chr17_80145393_C_G_b38	-0.0164489316487508
ENSG00000141543.9	chr17_80147176_G_GCGTGCGTA_b38	chr17_80147908_T_A_b38	0.062246731853883
ENSG00000141543.9	chr17_80147176_G_GCGTGCGTA_b38	chr17_80147297_C_G_b38	-0.00293769493452915
ENSG00000141543.9	chr17_80147176_G_GCGTGCGTA_b38	chr17_80082554_T_C_b38	0.00689062268734588
ENSG00000141543.9	chr17_80147176_G_GCGTGCGTA_b38	chr17_80100669_A_G_b38	-0.0088087647299517
ENSG00000141543.9	chr17_80147176_G_GCGTGCGTA_b38	chr17_80149531_T_C_b38	0.0893210468751616
ENSG00000141543.9	chr17_80147176_G_GCGTGCGTA_b38	chr17_80146494_G_A_b38	0.00526193012907523
ENSG00000141543.9	chr17_80147176_G_GCGTGCGTA_b38	chr17_80071900_G_A_b38	0.00491631895364381
ENSG00000141543.9	chr17_80147176_G_GCGTGCGTA_b38	chr17_80132516_G_A_b38	-0.00326818563553355
ENSG00000141543.9	chr17_80147176_G_GCGTGCGTA_b38	chr17_80147187_T_C_b38	-0.0108910720086125
ENSG00000141543.9	chr17_79965008_C_T_b38	chr17_79965008_C_T_b38	0.379542743704594
ENSG00000141543.9	chr17_80113310_A_G_b38	chr17_80113310_A_G_b38	0.430152057319689
ENSG00000141543.9	chr17_80113310_A_G_b38	chr17_80147459_CTGAA_C_b38	-0.103429005163109
ENSG00000141543.9	chr17_80113310_A_G_b38	chr17_80147371_G_T_b38	0.159647674098541
ENSG00000141543.9	chr17_80113310_A_G_b38	chr17_80138078_T_C_b38	-0.120246644813119
ENSG00000141543.9	chr17_80113310_A_G_b38	chr17_80128755_T_G_b38	0.324862998273403
ENSG00000141543.9	chr17_80113310_A_G_b38	chr17_80123001_T_G_b38	-0.151884242924705
ENSG00000141543.9	chr17_80113310_A_G_b38	chr17_80148608_T_G_b38	-0.0492851721175419
ENSG00000141543.9	chr17_80113310_A_G_b38	chr17_80192527_G_A_b38	0.00806787945516274
ENSG00000141543.9	chr17_80113310_A_G_b38	chr17_80145393_C_G_b38	0.0687323274028474
ENSG00000141543.9	chr17_80113310_A_G_b38	chr17_80147908_T_A_b38	-0.0503382295289809
ENSG00000141543.9	chr17_80113310_A_G_b38	chr17_80145467_G_C_b38	-0.00732552611165326
ENSG00000141543.9	chr17_80113310_A_G_b38	chr17_80147297_C_G_b38	-0.00735889030686718
ENSG00000141543.9	chr17_80113310_A_G_b38	chr17_80082554_T_C_b38	0.0173514667734321
ENSG00000141543.9	chr17_80113310_A_G_b38	chr17_80100669_A_G_b38	-0.119848359732753
ENSG00000141543.9	chr17_80113310_A_G_b38	chr17_80149531_T_C_b38	-0.0492851721175419
ENSG00000141543.9	chr17_80113310_A_G_b38	chr17_80145431_G_A_b38	-0.00732552611165326
ENSG00000141543.9	chr17_80113310_A_G_b38	chr17_80146494_G_A_b38	-0.00819925097381743
ENSG00000141543.9	chr17_80113310_A_G_b38	chr17_80155175_AGAACATAAATTGTGAAGATTTCATGGACATTTATTAATTCCCCAAATTAATACTTTTATAATTTCTTACGCCTATCTTTACTGCAGTCTCT_A_b38	-0.0190175912719265
ENSG00000141543.9	chr17_80113310_A_G_b38	chr17_80071900_G_A_b38	-0.00907297583598162
ENSG00000141543.9	chr17_80113310_A_G_b38	chr17_80132516_G_A_b38	-0.018212680062391
ENSG00000141543.9	chr17_80113310_A_G_b38	chr17_80147187_T_C_b38	-0.101983918457907
ENSG00000141543.9	chr17_80147459_CTGAA_C_b38	chr17_80147371_G_T_b38	0.089664189375172
ENSG00000141543.9	chr17_80147459_CTGAA_C_b38	chr17_80138078_T_C_b38	0.173450024606094
ENSG00000141543.9	chr17_80147459_CTGAA_C_b38	chr17_80128755_T_G_b38	-0.0987538473087608
ENSG00000141543.9	chr17_80147459_CTGAA_C_b38	chr17_80123001_T_G_b38	0.235192553111629
ENSG00000141543.9	chr17_80147459_CTGAA_C_b38	chr17_80148608_T_G_b38	-0.0816275888530223
ENSG00000141543.9	chr17_80147459_CTGAA_C_b38	chr17_80192527_G_A_b38	0.015568567591689
ENSG00000141543.9	chr17_80147459_CTGAA_C_b38	chr17_80145393_C_G_b38	-0.0282949228035933
ENSG00000141543.9	chr17_80147459_CTGAA_C_b38	chr17_80147908_T_A_b38	0.146744071599563
ENSG00000141543.9	chr17_80147459_CTGAA_C_b38	chr17_80147297_C_G_b38	-0.0077029585700106
ENSG00000141543.9	chr17_80147459_CTGAA_C_b38	chr17_80082554_T_C_b38	-0.018500446246111
ENSG00000141543.9	chr17_80147459_CTGAA_C_b38	chr17_80100669_A_G_b38	0.174536446212747
ENSG00000141543.9	chr17_80147459_CTGAA_C_b38	chr17_80149531_T_C_b38	-0.08018250214782
ENSG00000141543.9	chr17_80147459_CTGAA_C_b38	chr17_80146494_G_A_b38	-0.00413924546872524
ENSG00000141543.9	chr17_80147459_CTGAA_C_b38	chr17_80071900_G_A_b38	0.00111144475306325
ENSG00000141543.9	chr17_80147459_CTGAA_C_b38	chr17_80132516_G_A_b38	-0.0160794568309019
ENSG00000141543.9	chr17_80147459_CTGAA_C_b38	chr17_80147187_T_C_b38	0.277316934831386
ENSG00000141543.9	chr17_80147371_G_T_b38	chr17_80147371_G_T_b38	0.402972749793559
ENSG00000141543.9	chr17_80147371_G_T_b38	chr17_80138078_T_C_b38	0.249311863473713
ENSG00000141543.9	chr17_80147371_G_T_b38	chr17_80128755_T_G_b38	0.166597853014038
ENSG00000141543.9	chr17_80147371_G_T_b38	chr17_80123001_T_G_b38	0.131915772089182
ENSG00000141543.9	chr17_80147371_G_T_b38	chr17_80148608_T_G_b38	0.139829342141481
ENSG00000141543.9	chr17_80147371_G_T_b38	chr17_80192527_G_A_b38	0.0240159647674098
ENSG00000141543.9	chr17_80147371_G_T_b38	chr17_80145393_C_G_b38	0.0524360033030553
ENSG00000141543.9	chr17_80147371_G_T_b38	chr17_80147908_T_A_b38	0.302367189650427
ENSG00000141543.9	chr17_80147371_G_T_b38	chr17_80145467_G_C_b38	0.00701899256812551
ENSG00000141543.9	chr17_80147371_G_T_b38	chr17_80147297_C_G_b38	-0.0238783374621525
ENSG00000141543.9	chr17_80147371_G_T_b38	chr17_80082554_T_C_b38	0.0601431323974678
ENSG00000141543.9	chr17_80147371_G_T_b38	chr17_80100669_A_G_b38	0.164120561519405
ENSG00000141543.9	chr17_80147371_G_T_b38	chr17_80149531_T_C_b38	0.139829342141481
ENSG00000141543.9	chr17_80147371_G_T_b38	chr17_80145431_G_A_b38	0.00701899256812551
ENSG00000141543.9	chr17_80147371_G_T_b38	chr17_80146494_G_A_b38	0.00633085604183869
ENSG00000141543.9	chr17_80147371_G_T_b38	chr17_80155175_AGAACATAAATTGTGAAGATTTCATGGACATTTATTAATTCCCCAAATTAATACTTTTATAATTTCTTACGCCTATCTTTACTGCAGTCTCT_A_b38	0.0315854665565648
ENSG00000141543.9	chr17_80147371_G_T_b38	chr17_80071900_G_A_b38	0.00853289292595651
ENSG00000141543.9	chr17_80147371_G_T_b38	chr17_80132516_G_A_b38	0.0159647674098541
ENSG00000141543.9	chr17_80147371_G_T_b38	chr17_80147187_T_C_b38	0.0911092760803743
ENSG00000141543.9	chr17_80138078_T_C_b38	chr17_80138078_T_C_b38	0.477708547072708
ENSG00000141543.9	chr17_80138078_T_C_b38	chr17_80128755_T_G_b38	-0.165377974626529
ENSG00000141543.9	chr17_80138078_T_C_b38	chr17_80123001_T_G_b38	0.258426544553712
ENSG00000141543.9	chr17_80138078_T_C_b38	chr17_80148608_T_G_b38	0.250414967177972
ENSG00000141543.9	chr17_80138078_T_C_b38	chr17_80192527_G_A_b38	0.0343651210703234
ENSG00000141543.9	chr17_80138078_T_C_b38	chr17_80145393_C_G_b38	-0.0908027425368465
ENSG00000141543.9	chr17_80138078_T_C_b38	chr17_80147908_T_A_b38	0.382314057169549
ENSG00000141543.9	chr17_80138078_T_C_b38	chr17_80145467_G_C_b38	0.0157333033055576
ENSG00000141543.9	chr17_80138078_T_C_b38	chr17_80147297_C_G_b38	-0.0170762121629173
ENSG00000141543.9	chr17_80138078_T_C_b38	chr17_80082554_T_C_b38	0.112312222138811
ENSG00000141543.9	chr17_80138078_T_C_b38	chr17_80100669_A_G_b38	0.327283987688612
ENSG00000141543.9	chr17_80138078_T_C_b38	chr17_80149531_T_C_b38	0.251860053883175
ENSG00000141543.9	chr17_80138078_T_C_b38	chr17_80145431_G_A_b38	0.0157333033055576
ENSG00000141543.9	chr17_80138078_T_C_b38	chr17_80146494_G_A_b38	0.0172638857609956
ENSG00000141543.9	chr17_80138078_T_C_b38	chr17_80155175_AGAACATAAATTGTGAAGATTTCATGGACATTTATTAATTCCCCAAATTAATACTTTTATAATTTCTTACGCCTATCTTTACTGCAGTCTCT_A_b38	0.0384605760328304
ENSG00000141543.9	chr17_80138078_T_C_b38	chr17_80071900_G_A_b38	0.0202395549216359
ENSG00000141543.9	chr17_80138078_T_C_b38	chr17_80132516_G_A_b38	0.0297733737040096
ENSG00000141543.9	chr17_80138078_T_C_b38	chr17_80147187_T_C_b38	0.173450024606094
ENSG00000141543.9	chr17_80128755_T_G_b38	chr17_80128755_T_G_b38	0.41141806170708
ENSG00000141543.9	chr17_80128755_T_G_b38	chr17_80123001_T_G_b38	-0.148881465355454
ENSG00000141543.9	chr17_80128755_T_G_b38	chr17_80148608_T_G_b38	-0.126041588469334
ENSG00000141543.9	chr17_80128755_T_G_b38	chr17_80192527_G_A_b38	-0.00187673598078221
ENSG00000141543.9	chr17_80128755_T_G_b38	chr17_80145393_C_G_b38	0.132910442158997
ENSG00000141543.9	chr17_80128755_T_G_b38	chr17_80147908_T_A_b38	-0.034100292770813
ENSG00000141543.9	chr17_80128755_T_G_b38	chr17_80145467_G_C_b38	0.0139441483372119
ENSG00000141543.9	chr17_80128755_T_G_b38	chr17_80147297_C_G_b38	-0.00934614518429549
ENSG00000141543.9	chr17_80128755_T_G_b38	chr17_80082554_T_C_b38	-0.0607311763381128
ENSG00000141543.9	chr17_80128755_T_G_b38	chr17_80100669_A_G_b38	-0.19975977779446
ENSG00000141543.9	chr17_80128755_T_G_b38	chr17_80149531_T_C_b38	-0.126041588469334
ENSG00000141543.9	chr17_80128755_T_G_b38	chr17_80145431_G_A_b38	0.0139441483372119
ENSG00000141543.9	chr17_80128755_T_G_b38	chr17_80146494_G_A_b38	0.0144884017716388
ENSG00000141543.9	chr17_80128755_T_G_b38	chr17_80155175_AGAACATAAATTGTGAAGATTTCATGGACATTTATTAATTCCCCAAATTAATACTTTTATAATTTCTTACGCCTATCTTTACTGCAGTCTCT_A_b38	-0.012461526912394
ENSG00000141543.9	chr17_80128755_T_G_b38	chr17_80071900_G_A_b38	0.00925230838525636
ENSG00000141543.9	chr17_80128755_T_G_b38	chr17_80132516_G_A_b38	-0.0194054500412883
ENSG00000141543.9	chr17_80128755_T_G_b38	chr17_80147187_T_C_b38	-0.0973087606035585
ENSG00000141543.9	chr17_80123001_T_G_b38	chr17_80123001_T_G_b38	0.3678027175137
ENSG00000141543.9	chr17_80123001_T_G_b38	chr17_80148608_T_G_b38	0.0482884167855266
ENSG00000141543.9	chr17_80123001_T_G_b38	chr17_80192527_G_A_b38	0.0129682456272052
ENSG00000141543.9	chr17_80123001_T_G_b38	chr17_80145393_C_G_b38	-0.0469371668793635
ENSG00000141543.9	chr17_80123001_T_G_b38	chr17_80147908_T_A_b38	0.208017416109902
ENSG00000141543.9	chr17_80123001_T_G_b38	chr17_80145467_G_C_b38	-0.00576157946100142
ENSG00000141543.9	chr17_80123001_T_G_b38	chr17_80147297_C_G_b38	-0.00960888822160502
ENSG00000141543.9	chr17_80123001_T_G_b38	chr17_80082554_T_C_b38	-0.0324862998273404
ENSG00000141543.9	chr17_80123001_T_G_b38	chr17_80100669_A_G_b38	0.279877636814053
ENSG00000141543.9	chr17_80123001_T_G_b38	chr17_80149531_T_C_b38	0.0497335034907289
ENSG00000141543.9	chr17_80123001_T_G_b38	chr17_80145431_G_A_b38	-0.00576157946100142
ENSG00000141543.9	chr17_80123001_T_G_b38	chr17_80146494_G_A_b38	-0.0036408678027175
ENSG00000141543.9	chr17_80123001_T_G_b38	chr17_80155175_AGAACATAAATTGTGAAGATTTCATGGACATTTATTAATTCCCCAAATTAATACTTTTATAATTTCTTACGCCTATCTTTACTGCAGTCTCT_A_b38	0.0657045266871857
ENSG00000141543.9	chr17_80123001_T_G_b38	chr17_80071900_G_A_b38	-0.00152015614443358
ENSG00000141543.9	chr17_80123001_T_G_b38	chr17_80132516_G_A_b38	-0.0150701899256812
ENSG00000141543.9	chr17_80123001_T_G_b38	chr17_80147187_T_C_b38	0.235192553111629
ENSG00000141543.9	chr17_80148608_T_G_b38	chr17_80148608_T_G_b38	0.359311529831762
ENSG00000141543.9	chr17_80148608_T_G_b38	chr17_80192527_G_A_b38	0.0128473004195548
ENSG00000141543.9	chr17_80148608_T_G_b38	chr17_80145393_C_G_b38	-0.0504591747366315
ENSG00000141543.9	chr17_80148608_T_G_b38	chr17_80147908_T_A_b38	0.20055009216859
ENSG00000141543.9	chr17_80148608_T_G_b38	chr17_80145467_G_C_b38	-0.00297149863623853
ENSG00000141543.9	chr17_80148608_T_G_b38	chr17_80147297_C_G_b38	-0.00781556272885752
ENSG00000141543.9	chr17_80148608_T_G_b38	chr17_80082554_T_C_b38	0.132745706445128
ENSG00000141543.9	chr17_80148608_T_G_b38	chr17_80100669_A_G_b38	0.183150664364537
ENSG00000141543.9	chr17_80148608_T_G_b38	chr17_80149531_T_C_b38	0.357866443126559
ENSG00000141543.9	chr17_80148608_T_G_b38	chr17_80145431_G_A_b38	-0.00297149863623853
ENSG00000141543.9	chr17_80148608_T_G_b38	chr17_80146494_G_A_b38	-0.00365129411372186
ENSG00000141543.9	chr17_80148608_T_G_b38	chr17_80155175_AGAACATAAATTGTGAAGATTTCATGGACATTTATTAATTCCCCAAATTAATACTTTTATAATTTCTTACGCCTATCTTTACTGCAGTCTCT_A_b38	-0.0356830067812727
ENSG00000141543.9	chr17_80148608_T_G_b38	chr17_80071900_G_A_b38	-0.00144091618080058
ENSG00000141543.9	chr17_80148608_T_G_b38	chr17_80132516_G_A_b38	0.0510138544820626
ENSG00000141543.9	chr17_80148608_T_G_b38	chr17_80147187_T_C_b38	-0.0816275888530223
ENSG00000141543.9	chr17_80192527_G_A_b38	chr17_80192527_G_A_b38	0.0633127309427889
ENSG00000141543.9	chr17_80192527_G_A_b38	chr17_80145393_C_G_b38	-0.0005192302880164
ENSG00000141543.9	chr17_80192527_G_A_b38	chr17_80147908_T_A_b38	0.0341399127526294
ENSG00000141543.9	chr17_80192527_G_A_b38	chr17_80145467_G_C_b38	-2.50231464104295e-05
ENSG00000141543.9	chr17_80192527_G_A_b38	chr17_80147297_C_G_b38	-0.00196014646881699
ENSG00000141543.9	chr17_80192527_G_A_b38	chr17_80100669_A_G_b38	0.0198934013962916
ENSG00000141543.9	chr17_80192527_G_A_b38	chr17_80149531_T_C_b38	0.0128473004195548
ENSG00000141543.9	chr17_80192527_G_A_b38	chr17_80145431_G_A_b38	-2.50231464104295e-05
ENSG00000141543.9	chr17_80192527_G_A_b38	chr17_80146494_G_A_b38	-0.000123030469851281
ENSG00000141543.9	chr17_80192527_G_A_b38	chr17_80155175_AGAACATAAATTGTGAAGATTTCATGGACATTTATTAATTCCCCAAATTAATACTTTTATAATTTCTTACGCCTATCTTTACTGCAGTCTCT_A_b38	-0.00330931111277934
ENSG00000141543.9	chr17_80192527_G_A_b38	chr17_80132516_G_A_b38	-0.00431232223139736
ENSG00000141543.9	chr17_80192527_G_A_b38	chr17_80147187_T_C_b38	0.015568567591689
ENSG00000141543.9	chr17_80145393_C_G_b38	chr17_80145393_C_G_b38	0.177051272426995
ENSG00000141543.9	chr17_80145393_C_G_b38	chr17_80147908_T_A_b38	0.0856667417361057
ENSG00000141543.9	chr17_80145393_C_G_b38	chr17_80145467_G_C_b38	-0.00431649275579911
ENSG00000141543.9	chr17_80145393_C_G_b38	chr17_80147297_C_G_b38	-0.00286515026399418
ENSG00000141543.9	chr17_80145393_C_G_b38	chr17_80082554_T_C_b38	-0.0242974751645272
ENSG00000141543.9	chr17_80145393_C_G_b38	chr17_80100669_A_G_b38	-0.0683882591397042
ENSG00000141543.9	chr17_80145393_C_G_b38	chr17_80149531_T_C_b38	-0.0504591747366315
ENSG00000141543.9	chr17_80145393_C_G_b38	chr17_80145431_G_A_b38	-0.00431649275579911
ENSG00000141543.9	chr17_80145393_C_G_b38	chr17_80146494_G_A_b38	-0.00460425893951907
ENSG00000141543.9	chr17_80145393_C_G_b38	chr17_80155175_AGAACATAAATTGTGAAGATTTCATGGACATTTATTAATTCCCCAAATTAATACTTTTATAATTTCTTACGCCTATCTTTACTGCAGTCTCT_A_b38	-0.00076946175212072
ENSG00000141543.9	chr17_80145393_C_G_b38	chr17_80071900_G_A_b38	-0.004892025123239
ENSG00000141543.9	chr17_80145393_C_G_b38	chr17_80132516_G_A_b38	-0.00254610514726123
ENSG00000141543.9	chr17_80145393_C_G_b38	chr17_80147187_T_C_b38	-0.0282949228035933
ENSG00000141543.9	chr17_80147908_T_A_b38	chr17_80147908_T_A_b38	0.472904102961908
ENSG00000141543.9	chr17_80147908_T_A_b38	chr17_80145467_G_C_b38	0.0115106473487976
ENSG00000141543.9	chr17_80147908_T_A_b38	chr17_80147297_C_G_b38	-0.0198162466948594
ENSG00000141543.9	chr17_80147908_T_A_b38	chr17_80082554_T_C_b38	0.0893597410938449
ENSG00000141543.9	chr17_80147908_T_A_b38	chr17_80100669_A_G_b38	0.257994895278133
ENSG00000141543.9	chr17_80147908_T_A_b38	chr17_80149531_T_C_b38	0.203440265578994
ENSG00000141543.9	chr17_80147908_T_A_b38	chr17_80145431_G_A_b38	0.0115106473487976
ENSG00000141543.9	chr17_80147908_T_A_b38	chr17_80146494_G_A_b38	0.0113146327019159
ENSG00000141543.9	chr17_80147908_T_A_b38	chr17_80155175_AGAACATAAATTGTGAAGATTTCATGGACATTTATTAATTCCCCAAATTAATACTTTTATAATTTCTTACGCCTATCTTTACTGCAGTCTCT_A_b38	0.0381790656357131
ENSG00000141543.9	chr17_80147908_T_A_b38	chr17_80071900_G_A_b38	0.0154538781706412
ENSG00000141543.9	chr17_80147908_T_A_b38	chr17_80132516_G_A_b38	0.0275025231672631
ENSG00000141543.9	chr17_80147908_T_A_b38	chr17_80147187_T_C_b38	0.146744071599563
ENSG00000141543.9	chr17_80145467_G_C_b38	chr17_80147297_C_G_b38	-0.00062557866026074
ENSG00000141543.9	chr17_80145467_G_C_b38	chr17_80082554_T_C_b38	-0.00383479718739835
ENSG00000141543.9	chr17_80145467_G_C_b38	chr17_80100669_A_G_b38	-0.00850161399294349
ENSG00000141543.9	chr17_80145467_G_C_b38	chr17_80149531_T_C_b38	-0.00297149863623853
ENSG00000141543.9	chr17_80145467_G_C_b38	chr17_80146494_G_A_b38	0.0240660110602307
ENSG00000141543.9	chr17_80145467_G_C_b38	chr17_80071900_G_A_b38	0.0225896454220153
ENSG00000141543.9	chr17_80145467_G_C_b38	chr17_80132516_G_A_b38	-0.00137627305257364
ENSG00000141543.9	chr17_80145467_G_C_b38	chr17_80147187_T_C_b38	-0.00360958886970448
ENSG00000141543.9	chr17_80147297_C_G_b38	chr17_80147297_C_G_b38	0.0338479760445079
ENSG00000141543.9	chr17_80147297_C_G_b38	chr17_80082554_T_C_b38	-0.00318628064292806
ENSG00000141543.9	chr17_80147297_C_G_b38	chr17_80100669_A_G_b38	-0.0113354853239246
ENSG00000141543.9	chr17_80147297_C_G_b38	chr17_80149531_T_C_b38	-0.00781556272885752
ENSG00000141543.9	chr17_80147297_C_G_b38	chr17_80145431_G_A_b38	-0.00062557866026074
ENSG00000141543.9	chr17_80147297_C_G_b38	chr17_80146494_G_A_b38	-0.000667283904278125
ENSG00000141543.9	chr17_80147297_C_G_b38	chr17_80155175_AGAACATAAATTGTGAAGATTTCATGGACATTTATTAATTCCCCAAATTAATACTTTTATAATTTCTTACGCCTATCTTTACTGCAGTCTCT_A_b38	-0.00180792232815355
ENSG00000141543.9	chr17_80147297_C_G_b38	chr17_80071900_G_A_b38	-0.000708989148295507
ENSG00000141543.9	chr17_80147297_C_G_b38	chr17_80132516_G_A_b38	-0.000389944031562536
ENSG00000141543.9	chr17_80147297_C_G_b38	chr17_80147187_T_C_b38	-0.0077029585700106
ENSG00000141543.9	chr17_80082554_T_C_b38	chr17_80082554_T_C_b38	0.266325517770605
ENSG00000141543.9	chr17_80082554_T_C_b38	chr17_80100669_A_G_b38	0.131033706178215
ENSG00000141543.9	chr17_80082554_T_C_b38	chr17_80149531_T_C_b38	0.132745706445128
ENSG00000141543.9	chr17_80082554_T_C_b38	chr17_80145431_G_A_b38	-0.00383479718739835
ENSG00000141543.9	chr17_80082554_T_C_b38	chr17_80146494_G_A_b38	-0.00428312856058521
ENSG00000141543.9	chr17_80082554_T_C_b38	chr17_80155175_AGAACATAAATTGTGAAGATTTCATGGACATTTATTAATTCCCCAAATTAATACTTTTATAATTTCTTACGCCTATCTTTACTGCAGTCTCT_A_b38	-0.0132935465305407
ENSG00000141543.9	chr17_80082554_T_C_b38	chr17_80071900_G_A_b38	-0.00328637322856975
ENSG00000141543.9	chr17_80082554_T_C_b38	chr17_80132516_G_A_b38	0.0525277548398934
ENSG00000141543.9	chr17_80082554_T_C_b38	chr17_80147187_T_C_b38	-0.018500446246111
ENSG00000141543.9	chr17_80100669_A_G_b38	chr17_80100669_A_G_b38	0.459650176413184
ENSG00000141543.9	chr17_80100669_A_G_b38	chr17_80149531_T_C_b38	0.18459575106974
ENSG00000141543.9	chr17_80100669_A_G_b38	chr17_80145431_G_A_b38	-0.00850161399294349
ENSG00000141543.9	chr17_80100669_A_G_b38	chr17_80146494_G_A_b38	-0.00820133623601833
ENSG00000141543.9	chr17_80100669_A_G_b38	chr17_80155175_AGAACATAAATTGTGAAGATTTCATGGACATTTATTAATTCCCCAAATTAATACTTTTATAATTTCTTACGCCTATCTTTACTGCAGTCTCT_A_b38	0.0479881390286014
ENSG00000141543.9	chr17_80100669_A_G_b38	chr17_80071900_G_A_b38	-0.00356579836348623
ENSG00000141543.9	chr17_80100669_A_G_b38	chr17_80132516_G_A_b38	0.0406688687035508
ENSG00000141543.9	chr17_80100669_A_G_b38	chr17_80147187_T_C_b38	0.174536446212747
ENSG00000141543.9	chr17_80149531_T_C_b38	chr17_80149531_T_C_b38	0.359311529831762
ENSG00000141543.9	chr17_80149531_T_C_b38	chr17_80145431_G_A_b38	-0.00297149863623853
ENSG00000141543.9	chr17_80149531_T_C_b38	chr17_80146494_G_A_b38	-0.00365129411372186
ENSG00000141543.9	chr17_80149531_T_C_b38	chr17_80155175_AGAACATAAATTGTGAAGATTTCATGGACATTTATTAATTCCCCAAATTAATACTTTTATAATTTCTTACGCCTATCTTTACTGCAGTCTCT_A_b38	-0.0356830067812727
ENSG00000141543.9	chr17_80149531_T_C_b38	chr17_80071900_G_A_b38	-0.00144091618080058
ENSG00000141543.9	chr17_80149531_T_C_b38	chr17_80132516_G_A_b38	0.0510138544820626
ENSG00000141543.9	chr17_80149531_T_C_b38	chr17_80147187_T_C_b38	-0.08018250214782
ENSG00000141543.9	chr17_80145431_G_A_b38	chr17_80146494_G_A_b38	0.0240660110602307
ENSG00000141543.9	chr17_80145431_G_A_b38	chr17_80071900_G_A_b38	0.0225896454220153
ENSG00000141543.9	chr17_80145431_G_A_b38	chr17_80132516_G_A_b38	-0.00137627305257364
ENSG00000141543.9	chr17_80145431_G_A_b38	chr17_80147187_T_C_b38	-0.00360958886970448
ENSG00000141543.9	chr17_80146494_G_A_b38	chr17_80146494_G_A_b38	0.0254777335702191
ENSG00000141543.9	chr17_80146494_G_A_b38	chr17_80155175_AGAACATAAATTGTGAAGATTTCATGGACATTTATTAATTCCCCAAATTAATACTTTTATAATTTCTTACGCCTATCTTTACTGCAGTCTCT_A_b38	-0.00115732052148237
ENSG00000141543.9	chr17_80146494_G_A_b38	chr17_80071900_G_A_b38	0.0225541959646006
ENSG00000141543.9	chr17_80146494_G_A_b38	chr17_80132516_G_A_b38	-0.00146802458941187
ENSG00000141543.9	chr17_80146494_G_A_b38	chr17_80147187_T_C_b38	-0.00413924546872524
ENSG00000141543.9	chr17_80155175_AGAACATAAATTGTGAAGATTTCATGGACATTTATTAATTCCCCAAATTAATACTTTTATAATTTCTTACGCCTATCTTTACTGCAGTCTCT_A_b38	chr17_80071900_G_A_b38	-0.00276505767835247
ENSG00000141543.9	chr17_80155175_AGAACATAAATTGTGAAGATTTCATGGACATTTATTAATTCCCCAAATTAATACTTTTATAATTTCTTACGCCTATCTTTACTGCAGTCTCT_A_b38	chr17_80132516_G_A_b38	-0.00426644646297827
ENSG00000141543.9	chr17_80155175_AGAACATAAATTGTGAAGATTTCATGGACATTTATTAATTCCCCAAATTAATACTTTTATAATTTCTTACGCCTATCTTTACTGCAGTCTCT_A_b38	chr17_80147187_T_C_b38	0.0800740685133749
ENSG00000141543.9	chr17_80071900_G_A_b38	chr17_80071900_G_A_b38	0.0297441800331973
ENSG00000141543.9	chr17_80071900_G_A_b38	chr17_80132516_G_A_b38	-0.00155977612625012
ENSG00000141543.9	chr17_80071900_G_A_b38	chr17_80147187_T_C_b38	0.00111144475306325
ENSG00000141543.9	chr17_80132516_G_A_b38	chr17_80132516_G_A_b38	0.0624369208184236
ENSG00000141543.9	chr17_80132516_G_A_b38	chr17_80147187_T_C_b38	-0.0160794568309019
ENSG00000141543.9	chr17_80147187_T_C_b38	chr17_80147187_T_C_b38	0.278762021536588
ENSG00000141527.16	chr17_80202779_C_G_b38	chr17_80202779_C_G_b38	0.492434668735245
ENSG00000141527.16	chr17_80202779_C_G_b38	chr17_80230094_C_T_b38	-0.226300995087123
ENSG00000141527.16	chr17_80202779_C_G_b38	chr17_80125435_C_T_b38	-0.0121788232148289
ENSG00000141527.16	chr17_80202779_C_G_b38	chr17_80209597_A_G_b38	0.343029802567375
ENSG00000141527.16	chr17_80202779_C_G_b38	chr17_80209604_G_C_b38	0.324623193120303
ENSG00000141527.16	chr17_80202779_C_G_b38	chr17_80217237_C_T_b38	-0.0469142289951539
ENSG00000141527.16	chr17_80202779_C_G_b38	chr17_80167111_A_G_b38	0.0225479401779979
ENSG00000141527.16	chr17_80202779_C_G_b38	chr17_80170310_T_C_b38	-0.0309849110427146
ENSG00000141527.16	chr17_80202779_C_G_b38	chr17_80214155_A_G_b38	-0.356811300452918
ENSG00000141527.16	chr17_80202779_C_G_b38	chr17_80204390_G_A_b38	0.459812826864851
ENSG00000141527.16	chr17_80202779_C_G_b38	chr17_80166857_C_T_b38	-0.00702107783032633
ENSG00000141527.16	chr17_80202779_C_G_b38	chr17_80201684_T_C_b38	0.492434668735245
ENSG00000141527.16	chr17_80202779_C_G_b38	chr17_80209612_T_C_b38	0.322567124590246
ENSG00000141527.16	chr17_80202779_C_G_b38	chr17_80170090_G_GTCAGCCTACGGAGGGC_b38	-0.00724420088581942
ENSG00000141527.16	chr17_80202779_C_G_b38	chr17_80250829_A_AAAAC_b38	-0.20491665548024
ENSG00000141527.16	chr17_80202779_C_G_b38	chr17_80202780_T_C_b38	0.492434668735245
ENSG00000141527.16	chr17_80202779_C_G_b38	chr17_80202055_C_A_b38	0.459979647840919
ENSG00000141527.16	chr17_80202779_C_G_b38	chr17_80205031_A_G_b38	0.456755832478375
ENSG00000141527.16	chr17_80202779_C_G_b38	chr17_80218559_T_C_b38	-0.31523534269199
ENSG00000141527.16	chr17_80202779_C_G_b38	chr17_80210594_C_T_b38	-0.318619723244001
ENSG00000141527.16	chr17_80202779_C_G_b38	chr17_80207333_T_C_b38	0.321733019709898
ENSG00000141527.16	chr17_80202779_C_G_b38	chr17_80147297_C_G_b38	0.0125595342358348
ENSG00000141527.16	chr17_80202779_C_G_b38	chr17_80162649_G_A_b38	-0.0594028643161591
ENSG00000141527.16	chr17_80202779_C_G_b38	chr17_80169449_T_C_b38	-0.0212008607962364
ENSG00000141527.16	chr17_80202779_C_G_b38	chr17_80202672_T_C_b38	0.467592940136291
ENSG00000141527.16	chr17_80202779_C_G_b38	chr17_80214457_C_T_b38	-0.317844005705278
ENSG00000141527.16	chr17_80202779_C_G_b38	chr17_80170232_A_G_b38	-0.00664781589637082
ENSG00000141527.16	chr17_80202779_C_G_b38	chr17_80169642_G_A_b38	-0.00648099492030133
ENSG00000141527.16	chr17_80202779_C_G_b38	chr17_80174698_C_T_b38	-0.0111728348722568
ENSG00000141527.16	chr17_80202779_C_G_b38	chr17_80147176_G_GCGTGCGTA_b38	-0.0423179277601688
ENSG00000141527.16	chr17_80202779_C_G_b38	chr17_80162948_T_C_b38	0.0407585349781882
ENSG00000141527.16	chr17_80230094_C_T_b38	chr17_80230094_C_T_b38	0.435319337053441
ENSG00000141527.16	chr17_80230094_C_T_b38	chr17_80209597_A_G_b38	-0.285376473237745
ENSG00000141527.16	chr17_80230094_C_T_b38	chr17_80209604_G_C_b38	-0.29158012828533
ENSG00000141527.16	chr17_80230094_C_T_b38	chr17_80217237_C_T_b38	-0.0245956676592515
ENSG00000141527.16	chr17_80230094_C_T_b38	chr17_80167111_A_G_b38	-0.0847554821543262
ENSG00000141527.16	chr17_80230094_C_T_b38	chr17_80170310_T_C_b38	-0.0567900307784699
ENSG00000141527.16	chr17_80230094_C_T_b38	chr17_80214155_A_G_b38	0.298707554487902
ENSG00000141527.16	chr17_80230094_C_T_b38	chr17_80204390_G_A_b38	-0.22550233966419
ENSG00000141527.16	chr17_80230094_C_T_b38	chr17_80166857_C_T_b38	0.0244496993051906
ENSG00000141527.16	chr17_80230094_C_T_b38	chr17_80201684_T_C_b38	-0.226300995087123
ENSG00000141527.16	chr17_80230094_C_T_b38	chr17_80209612_T_C_b38	-0.29297099817331
ENSG00000141527.16	chr17_80230094_C_T_b38	chr17_80170090_G_GTCAGCCTACGGAGGGC_b38	0.02723143908115
ENSG00000141527.16	chr17_80230094_C_T_b38	chr17_80250829_A_AAAAC_b38	0.29605793794458
ENSG00000141527.16	chr17_80230094_C_T_b38	chr17_80202780_T_C_b38	-0.226300995087123
ENSG00000141527.16	chr17_80230094_C_T_b38	chr17_80202055_C_A_b38	-0.227514617688028
ENSG00000141527.16	chr17_80230094_C_T_b38	chr17_80205031_A_G_b38	-0.232160581871564
ENSG00000141527.16	chr17_80230094_C_T_b38	chr17_80218559_T_C_b38	0.368909991742362
ENSG00000141527.16	chr17_80230094_C_T_b38	chr17_80210594_C_T_b38	0.285908215098967
ENSG00000141527.16	chr17_80230094_C_T_b38	chr17_80207333_T_C_b38	-0.295915388400937
ENSG00000141527.16	chr17_80230094_C_T_b38	chr17_80147297_C_G_b38	-0.00455212738449732
ENSG00000141527.16	chr17_80230094_C_T_b38	chr17_80162649_G_A_b38	-0.0445620532325734
ENSG00000141527.16	chr17_80230094_C_T_b38	chr17_80169449_T_C_b38	-0.0747378825413508
ENSG00000141527.16	chr17_80230094_C_T_b38	chr17_80202672_T_C_b38	-0.211781314382471
ENSG00000141527.16	chr17_80230094_C_T_b38	chr17_80214457_C_T_b38	0.313039561594475
ENSG00000141527.16	chr17_80230094_C_T_b38	chr17_80170232_A_G_b38	-0.0545650560101426
ENSG00000141527.16	chr17_80230094_C_T_b38	chr17_80169642_G_A_b38	-0.0536871606235768
ENSG00000141527.16	chr17_80230094_C_T_b38	chr17_80174698_C_T_b38	0.00995295648474838
ENSG00000141527.16	chr17_80230094_C_T_b38	chr17_80147176_G_GCGTGCGTA_b38	0.0118026214934782
ENSG00000141527.16	chr17_80230094_C_T_b38	chr17_80162948_T_C_b38	-0.0203709264402907
ENSG00000141527.16	chr17_80125435_C_T_b38	chr17_80125435_C_T_b38	0.0323160646864246
ENSG00000141527.16	chr17_80125435_C_T_b38	chr17_80209597_A_G_b38	-0.0134965251102022
ENSG00000141527.16	chr17_80125435_C_T_b38	chr17_80209604_G_C_b38	-0.0158249523879249
ENSG00000141527.16	chr17_80125435_C_T_b38	chr17_80217237_C_T_b38	0.000434361321874131
ENSG00000141527.16	chr17_80125435_C_T_b38	chr17_80167111_A_G_b38	-0.026988873667369
ENSG00000141527.16	chr17_80125435_C_T_b38	chr17_80170310_T_C_b38	0.0027815830794467
ENSG00000141527.16	chr17_80125435_C_T_b38	chr17_80214155_A_G_b38	0.0148559925153742
ENSG00000141527.16	chr17_80125435_C_T_b38	chr17_80204390_G_A_b38	-0.0116066357034738
ENSG00000141527.16	chr17_80125435_C_T_b38	chr17_80166857_C_T_b38	-0.00688922115740099
ENSG00000141527.16	chr17_80125435_C_T_b38	chr17_80201684_T_C_b38	-0.0121788232148289
ENSG00000141527.16	chr17_80125435_C_T_b38	chr17_80209612_T_C_b38	-0.0156056834514489
ENSG00000141527.16	chr17_80125435_C_T_b38	chr17_80170090_G_GTCAGCCTACGGAGGGC_b38	-0.00732775903035285
ENSG00000141527.16	chr17_80125435_C_T_b38	chr17_80202780_T_C_b38	-0.0121788232148289
ENSG00000141527.16	chr17_80125435_C_T_b38	chr17_80202055_C_A_b38	-0.0130078686213809
ENSG00000141527.16	chr17_80125435_C_T_b38	chr17_80205031_A_G_b38	-0.011650489490769
ENSG00000141527.16	chr17_80125435_C_T_b38	chr17_80218559_T_C_b38	0.0202437435260656
ENSG00000141527.16	chr17_80125435_C_T_b38	chr17_80210594_C_T_b38	0.0162634902608767
ENSG00000141527.16	chr17_80125435_C_T_b38	chr17_80207333_T_C_b38	-0.0158249523879249
ENSG00000141527.16	chr17_80125435_C_T_b38	chr17_80147297_C_G_b38	-0.000877075745903749
ENSG00000141527.16	chr17_80125435_C_T_b38	chr17_80162649_G_A_b38	-0.00765353002126905
ENSG00000141527.16	chr17_80125435_C_T_b38	chr17_80169449_T_C_b38	-0.0280016873262361
ENSG00000141527.16	chr17_80125435_C_T_b38	chr17_80202672_T_C_b38	-0.01217673493929
ENSG00000141527.16	chr17_80125435_C_T_b38	chr17_80214457_C_T_b38	0.0149478766420211
ENSG00000141527.16	chr17_80125435_C_T_b38	chr17_80170232_A_G_b38	-0.0126820976304647
ENSG00000141527.16	chr17_80125435_C_T_b38	chr17_80169642_G_A_b38	-0.0126382438431695
ENSG00000141527.16	chr17_80125435_C_T_b38	chr17_80174698_C_T_b38	0.0239086671790115
ENSG00000141527.16	chr17_80125435_C_T_b38	chr17_80147176_G_GCGTGCGTA_b38	0.00439265810279597
ENSG00000141527.16	chr17_80125435_C_T_b38	chr17_80162948_T_C_b38	-0.0131665775672294
ENSG00000141527.16	chr17_80209597_A_G_b38	chr17_80209597_A_G_b38	0.462540349823588
ENSG00000141527.16	chr17_80209597_A_G_b38	chr17_80209604_G_C_b38	0.3690038285414
ENSG00000141527.16	chr17_80209597_A_G_b38	chr17_80217237_C_T_b38	-0.0442722017866527
ENSG00000141527.16	chr17_80209597_A_G_b38	chr17_80167111_A_G_b38	0.0452105697770437
ENSG00000141527.16	chr17_80209597_A_G_b38	chr17_80170310_T_C_b38	-0.00461677051272432
ENSG00000141527.16	chr17_80209597_A_G_b38	chr17_80214155_A_G_b38	-0.417404849485773
ENSG00000141527.16	chr17_80209597_A_G_b38	chr17_80204390_G_A_b38	0.364368290668869
ENSG00000141527.16	chr17_80209597_A_G_b38	chr17_80166857_C_T_b38	-0.0195743562795586
ENSG00000141527.16	chr17_80209597_A_G_b38	chr17_80201684_T_C_b38	0.343029802567375
ENSG00000141527.16	chr17_80209597_A_G_b38	chr17_80209612_T_C_b38	0.371950304031228
ENSG00000141527.16	chr17_80209597_A_G_b38	chr17_80170090_G_GTCAGCCTACGGAGGGC_b38	-0.0225771338488101
ENSG00000141527.16	chr17_80209597_A_G_b38	chr17_80250829_A_AAAAC_b38	-0.210075278965777
ENSG00000141527.16	chr17_80209597_A_G_b38	chr17_80202780_T_C_b38	0.343029802567375
ENSG00000141527.16	chr17_80209597_A_G_b38	chr17_80202055_C_A_b38	0.366113655130995
ENSG00000141527.16	chr17_80209597_A_G_b38	chr17_80205031_A_G_b38	0.365513099617146
ENSG00000141527.16	chr17_80209597_A_G_b38	chr17_80218559_T_C_b38	-0.375516102394715
ENSG00000141527.16	chr17_80209597_A_G_b38	chr17_80210594_C_T_b38	-0.358775617446139
ENSG00000141527.16	chr17_80209597_A_G_b38	chr17_80207333_T_C_b38	0.3690038285414
ENSG00000141527.16	chr17_80209597_A_G_b38	chr17_80147297_C_G_b38	0.00989039861872233
ENSG00000141527.16	chr17_80209597_A_G_b38	chr17_80162649_G_A_b38	-0.0098153291794909
ENSG00000141527.16	chr17_80209597_A_G_b38	chr17_80169449_T_C_b38	0.0025898956534795
ENSG00000141527.16	chr17_80209597_A_G_b38	chr17_80202672_T_C_b38	0.367389835597928
ENSG00000141527.16	chr17_80209597_A_G_b38	chr17_80214457_C_T_b38	-0.376454470385107
ENSG00000141527.16	chr17_80209597_A_G_b38	chr17_80170232_A_G_b38	0.0368778620223707
ENSG00000141527.16	chr17_80209597_A_G_b38	chr17_80169642_G_A_b38	0.0371781397792959
ENSG00000141527.16	chr17_80209597_A_G_b38	chr17_80174698_C_T_b38	-0.0102845131746866
ENSG00000141527.16	chr17_80209597_A_G_b38	chr17_80147176_G_GCGTGCGTA_b38	-0.040198899279374
ENSG00000141527.16	chr17_80209597_A_G_b38	chr17_80162948_T_C_b38	0.0175850161399295
ENSG00000141527.16	chr17_80209604_G_C_b38	chr17_80209604_G_C_b38	0.420793400562188
ENSG00000141527.16	chr17_80209604_G_C_b38	chr17_80217237_C_T_b38	0.0155310328720733
ENSG00000141527.16	chr17_80209604_G_C_b38	chr17_80167111_A_G_b38	0.0643178273236075
ENSG00000141527.16	chr17_80209604_G_C_b38	chr17_80170310_T_C_b38	0.0240222205540124
ENSG00000141527.16	chr17_80209604_G_C_b38	chr17_80214155_A_G_b38	-0.378562670470185
ENSG00000141527.16	chr17_80209604_G_C_b38	chr17_80204390_G_A_b38	0.305601431323974
ENSG00000141527.16	chr17_80209604_G_C_b38	chr17_80166857_C_T_b38	-0.0101302037718222
ENSG00000141527.16	chr17_80209604_G_C_b38	chr17_80201684_T_C_b38	0.324623193120303
ENSG00000141527.16	chr17_80209604_G_C_b38	chr17_80209612_T_C_b38	0.417755173535521
ENSG00000141527.16	chr17_80209604_G_C_b38	chr17_80170090_G_GTCAGCCTACGGAGGGC_b38	-0.0112791832445012
ENSG00000141527.16	chr17_80209604_G_C_b38	chr17_80250829_A_AAAAC_b38	-0.239649146419664
ENSG00000141527.16	chr17_80209604_G_C_b38	chr17_80202780_T_C_b38	0.324623193120303
ENSG00000141527.16	chr17_80209604_G_C_b38	chr17_80202055_C_A_b38	0.307594941988005
ENSG00000141527.16	chr17_80209604_G_C_b38	chr17_80205031_A_G_b38	0.309388267480753
ENSG00000141527.16	chr17_80209604_G_C_b38	chr17_80218559_T_C_b38	-0.316267547481421
ENSG00000141527.16	chr17_80209604_G_C_b38	chr17_80210594_C_T_b38	-0.408083727447889
ENSG00000141527.16	chr17_80209604_G_C_b38	chr17_80207333_T_C_b38	0.415013053741379
ENSG00000141527.16	chr17_80209604_G_C_b38	chr17_80147297_C_G_b38	0.00492747458065378
ENSG00000141527.16	chr17_80209604_G_C_b38	chr17_80162649_G_A_b38	0.00697103153750552
ENSG00000141527.16	chr17_80209604_G_C_b38	chr17_80169449_T_C_b38	0.0342942221554939
ENSG00000141527.16	chr17_80209604_G_C_b38	chr17_80202672_T_C_b38	0.309484189541993
ENSG00000141527.16	chr17_80209604_G_C_b38	chr17_80214457_C_T_b38	-0.397079798813903
ENSG00000141527.16	chr17_80209604_G_C_b38	chr17_80170232_A_G_b38	0.0407898139112014
ENSG00000141527.16	chr17_80209604_G_C_b38	chr17_80169642_G_A_b38	0.0413382378700298
ENSG00000141527.16	chr17_80209604_G_C_b38	chr17_80174698_C_T_b38	-0.0125616194980357
ENSG00000141527.16	chr17_80209604_G_C_b38	chr17_80147176_G_GCGTGCGTA_b38	-0.0309970018695666
ENSG00000141527.16	chr17_80209604_G_C_b38	chr17_80162948_T_C_b38	0.0320066895211405
ENSG00000141527.16	chr17_80217237_C_T_b38	chr17_80217237_C_T_b38	0.0743854732294038
ENSG00000141527.16	chr17_80217237_C_T_b38	chr17_80167111_A_G_b38	0.014771997430957
ENSG00000141527.16	chr17_80217237_C_T_b38	chr17_80170310_T_C_b38	0.0189174986862848
ENSG00000141527.16	chr17_80217237_C_T_b38	chr17_80214155_A_G_b38	0.0463303555789105
ENSG00000141527.16	chr17_80217237_C_T_b38	chr17_80204390_G_A_b38	-0.0443159922928708
ENSG00000141527.16	chr17_80217237_C_T_b38	chr17_80166857_C_T_b38	-0.00592631517487006
ENSG00000141527.16	chr17_80217237_C_T_b38	chr17_80201684_T_C_b38	-0.0469142289951539
ENSG00000141527.16	chr17_80217237_C_T_b38	chr17_80209612_T_C_b38	0.0146698195831144
ENSG00000141527.16	chr17_80217237_C_T_b38	chr17_80170090_G_GTCAGCCTACGGAGGGC_b38	-0.00709406200735685
ENSG00000141527.16	chr17_80217237_C_T_b38	chr17_80250829_A_AAAAC_b38	-0.0214074472415786
ENSG00000141527.16	chr17_80217237_C_T_b38	chr17_80202780_T_C_b38	-0.0469142289951539
ENSG00000141527.16	chr17_80217237_C_T_b38	chr17_80202055_C_A_b38	-0.0441992176096222
ENSG00000141527.16	chr17_80217237_C_T_b38	chr17_80205031_A_G_b38	-0.041542593565715
ENSG00000141527.16	chr17_80217237_C_T_b38	chr17_80218559_T_C_b38	0.0505780346820809
ENSG00000141527.16	chr17_80217237_C_T_b38	chr17_80210594_C_T_b38	-0.0186985461551935
ENSG00000141527.16	chr17_80217237_C_T_b38	chr17_80207333_T_C_b38	0.0198662929876803
ENSG00000141527.16	chr17_80217237_C_T_b38	chr17_80147297_C_G_b38	-0.00233549366497343
ENSG00000141527.16	chr17_80217237_C_T_b38	chr17_80162649_G_A_b38	0.026770596134758
ENSG00000141527.16	chr17_80217237_C_T_b38	chr17_80169449_T_C_b38	0.0188299176738483
ENSG00000141527.16	chr17_80217237_C_T_b38	chr17_80202672_T_C_b38	-0.0445057511531499
ENSG00000141527.16	chr17_80217237_C_T_b38	chr17_80214457_C_T_b38	-0.0207566999474514
ENSG00000141527.16	chr17_80217237_C_T_b38	chr17_80170232_A_G_b38	0.0202020202020202
ENSG00000141527.16	chr17_80217237_C_T_b38	chr17_80169642_G_A_b38	0.0203187948852688
ENSG00000141527.16	chr17_80217237_C_T_b38	chr17_80174698_C_T_b38	-0.000306533543527761
ENSG00000141527.16	chr17_80217237_C_T_b38	chr17_80147176_G_GCGTGCGTA_b38	0.00367427875299847
ENSG00000141527.16	chr17_80217237_C_T_b38	chr17_80162948_T_C_b38	-0.00672914112220471
ENSG00000141527.16	chr17_80167111_A_G_b38	chr17_80167111_A_G_b38	0.465547297917241
ENSG00000141527.16	chr17_80167111_A_G_b38	chr17_80170310_T_C_b38	0.357349298100743
ENSG00000141527.16	chr17_80167111_A_G_b38	chr17_80214155_A_G_b38	-0.0444536195981282
ENSG00000141527.16	chr17_80167111_A_G_b38	chr17_80204390_G_A_b38	0.00220203688411785
ENSG00000141527.16	chr17_80167111_A_G_b38	chr17_80166857_C_T_b38	0.12267180475273
ENSG00000141527.16	chr17_80167111_A_G_b38	chr17_80201684_T_C_b38	0.0225479401779979
ENSG00000141527.16	chr17_80167111_A_G_b38	chr17_80209612_T_C_b38	0.0622763556289569
ENSG00000141527.16	chr17_80167111_A_G_b38	chr17_80170090_G_GTCAGCCTACGGAGGGC_b38	0.128199834847234
ENSG00000141527.16	chr17_80167111_A_G_b38	chr17_80250829_A_AAAAC_b38	-0.0573665815456732
ENSG00000141527.16	chr17_80167111_A_G_b38	chr17_80202780_T_C_b38	0.0225479401779979
ENSG00000141527.16	chr17_80167111_A_G_b38	chr17_80202055_C_A_b38	0.00410588127351131
ENSG00000141527.16	chr17_80167111_A_G_b38	chr17_80205031_A_G_b38	0.00174327919992662
ENSG00000141527.16	chr17_80167111_A_G_b38	chr17_80218559_T_C_b38	-0.0796862097440132
ENSG00000141527.16	chr17_80167111_A_G_b38	chr17_80210594_C_T_b38	-0.0669556840077072
ENSG00000141527.16	chr17_80167111_A_G_b38	chr17_80207333_T_C_b38	0.0643178273236075
ENSG00000141527.16	chr17_80167111_A_G_b38	chr17_80147297_C_G_b38	-0.0207358473254427
ENSG00000141527.16	chr17_80167111_A_G_b38	chr17_80162649_G_A_b38	0.117350215616112
ENSG00000141527.16	chr17_80167111_A_G_b38	chr17_80169449_T_C_b38	0.38570052298376
ENSG00000141527.16	chr17_80167111_A_G_b38	chr17_80202672_T_C_b38	0.00734012294705937
ENSG00000141527.16	chr17_80167111_A_G_b38	chr17_80214457_C_T_b38	-0.0633773740710158
ENSG00000141527.16	chr17_80167111_A_G_b38	chr17_80170232_A_G_b38	0.197036425360124
ENSG00000141527.16	chr17_80167111_A_G_b38	chr17_80169642_G_A_b38	0.197495183044316
ENSG00000141527.16	chr17_80167111_A_G_b38	chr17_80174698_C_T_b38	-0.0169969721992843
ENSG00000141527.16	chr17_80167111_A_G_b38	chr17_80147176_G_GCGTGCGTA_b38	-0.0740817544019838
ENSG00000141527.16	chr17_80167111_A_G_b38	chr17_80162948_T_C_b38	0.255872098357648
ENSG00000141527.16	chr17_80170310_T_C_b38	chr17_80170310_T_C_b38	0.403160423391638
ENSG00000141527.16	chr17_80170310_T_C_b38	chr17_80214155_A_G_b38	0.00810749943697921
ENSG00000141527.16	chr17_80170310_T_C_b38	chr17_80204390_G_A_b38	-0.0503715937241949
ENSG00000141527.16	chr17_80170310_T_C_b38	chr17_80166857_C_T_b38	0.0944561219127694
ENSG00000141527.16	chr17_80170310_T_C_b38	chr17_80201684_T_C_b38	-0.0309849110427146
ENSG00000141527.16	chr17_80170310_T_C_b38	chr17_80209612_T_C_b38	0.0217138352976503
ENSG00000141527.16	chr17_80170310_T_C_b38	chr17_80170090_G_GTCAGCCTACGGAGGGC_b38	0.0976278057202915
ENSG00000141527.16	chr17_80170310_T_C_b38	chr17_80250829_A_AAAAC_b38	-0.0226676972751708
ENSG00000141527.16	chr17_80170310_T_C_b38	chr17_80202780_T_C_b38	-0.0309849110427146
ENSG00000141527.16	chr17_80170310_T_C_b38	chr17_80202055_C_A_b38	-0.0482321147061032
ENSG00000141527.16	chr17_80170310_T_C_b38	chr17_80205031_A_G_b38	-0.0510659860370842
ENSG00000141527.16	chr17_80170310_T_C_b38	chr17_80218559_T_C_b38	-0.022914946325351
ENSG00000141527.16	chr17_80170310_T_C_b38	chr17_80210594_C_T_b38	-0.0257488176563322
ENSG00000141527.16	chr17_80170310_T_C_b38	chr17_80207333_T_C_b38	0.0240222205540124
ENSG00000141527.16	chr17_80170310_T_C_b38	chr17_80147297_C_G_b38	-0.0240034531942046
ENSG00000141527.16	chr17_80170310_T_C_b38	chr17_80162649_G_A_b38	0.200116357630809
ENSG00000141527.16	chr17_80170310_T_C_b38	chr17_80169449_T_C_b38	0.396704451617745
ENSG00000141527.16	chr17_80170310_T_C_b38	chr17_80202672_T_C_b38	-0.0441971323474213
ENSG00000141527.16	chr17_80170310_T_C_b38	chr17_80214457_C_T_b38	-0.0133435928233616
ENSG00000141527.16	chr17_80170310_T_C_b38	chr17_80170232_A_G_b38	0.149857368065461
ENSG00000141527.16	chr17_80170310_T_C_b38	chr17_80169642_G_A_b38	0.15055176037835
ENSG00000141527.16	chr17_80170310_T_C_b38	chr17_80174698_C_T_b38	0.00692515576908641
ENSG00000141527.16	chr17_80170310_T_C_b38	chr17_80147176_G_GCGTGCGTA_b38	0.0349888108662601
ENSG00000141527.16	chr17_80170310_T_C_b38	chr17_80162948_T_C_b38	0.193754222655957
ENSG00000141527.16	chr17_80214155_A_G_b38	chr17_80214155_A_G_b38	0.468658509120938
ENSG00000141527.16	chr17_80214155_A_G_b38	chr17_80204390_G_A_b38	-0.363748967795211
ENSG00000141527.16	chr17_80214155_A_G_b38	chr17_80166857_C_T_b38	0.0205815379225784
ENSG00000141527.16	chr17_80214155_A_G_b38	chr17_80201684_T_C_b38	-0.356811300452918
ENSG00000141527.16	chr17_80214155_A_G_b38	chr17_80209612_T_C_b38	-0.381821935290143
ENSG00000141527.16	chr17_80214155_A_G_b38	chr17_80170090_G_GTCAGCCTACGGAGGGC_b38	0.0227648074468884
ENSG00000141527.16	chr17_80214155_A_G_b38	chr17_80250829_A_AAAAC_b38	0.2421360398229
ENSG00000141527.16	chr17_80214155_A_G_b38	chr17_80202780_T_C_b38	-0.356811300452918
ENSG00000141527.16	chr17_80214155_A_G_b38	chr17_80202055_C_A_b38	-0.365556890123364
ENSG00000141527.16	chr17_80214155_A_G_b38	chr17_80205031_A_G_b38	-0.364831218877461
ENSG00000141527.16	chr17_80214155_A_G_b38	chr17_80218559_T_C_b38	0.389141205615194
ENSG00000141527.16	chr17_80214155_A_G_b38	chr17_80210594_C_T_b38	0.372044140830269
ENSG00000141527.16	chr17_80214155_A_G_b38	chr17_80207333_T_C_b38	-0.381452843880589
ENSG00000141527.16	chr17_80214155_A_G_b38	chr17_80147297_C_G_b38	-0.00863924129820082
ENSG00000141527.16	chr17_80214155_A_G_b38	chr17_80162649_G_A_b38	0.011679553587068
ENSG00000141527.16	chr17_80214155_A_G_b38	chr17_80169449_T_C_b38	-0.00204564221905255
ENSG00000141527.16	chr17_80214155_A_G_b38	chr17_80202672_T_C_b38	-0.351443835547882
ENSG00000141527.16	chr17_80214155_A_G_b38	chr17_80214457_C_T_b38	0.404605510096841
ENSG00000141527.16	chr17_80214155_A_G_b38	chr17_80170232_A_G_b38	-0.0351074744138328
ENSG00000141527.16	chr17_80214155_A_G_b38	chr17_80169642_G_A_b38	-0.035470310036784
ENSG00000141527.16	chr17_80214155_A_G_b38	chr17_80174698_C_T_b38	0.0112228811650777
ENSG00000141527.16	chr17_80214155_A_G_b38	chr17_80147176_G_GCGTGCGTA_b38	0.0408750011311847
ENSG00000141527.16	chr17_80214155_A_G_b38	chr17_80162948_T_C_b38	-0.0173347846758252
ENSG00000141527.16	chr17_80204390_G_A_b38	chr17_80204390_G_A_b38	0.496284062758052
ENSG00000141527.16	chr17_80204390_G_A_b38	chr17_80166857_C_T_b38	-0.0399807321772641
ENSG00000141527.16	chr17_80204390_G_A_b38	chr17_80201684_T_C_b38	0.459812826864851
ENSG00000141527.16	chr17_80204390_G_A_b38	chr17_80209612_T_C_b38	0.304500412881915
ENSG00000141527.16	chr17_80204390_G_A_b38	chr17_80170090_G_GTCAGCCTACGGAGGGC_b38	-0.0421139554087531
ENSG00000141527.16	chr17_80204390_G_A_b38	chr17_80250829_A_AAAAC_b38	-0.195641215239515
ENSG00000141527.16	chr17_80204390_G_A_b38	chr17_80202780_T_C_b38	0.459812826864851
ENSG00000141527.16	chr17_80204390_G_A_b38	chr17_80202055_C_A_b38	0.496352876410681
ENSG00000141527.16	chr17_80204390_G_A_b38	chr17_80205031_A_G_b38	0.493325075695017
ENSG00000141527.16	chr17_80204390_G_A_b38	chr17_80218559_T_C_b38	-0.312964492155244
ENSG00000141527.16	chr17_80204390_G_A_b38	chr17_80210594_C_T_b38	-0.299132947976879
ENSG00000141527.16	chr17_80204390_G_A_b38	chr17_80207333_T_C_b38	0.30271125791357
ENSG00000141527.16	chr17_80204390_G_A_b38	chr17_80147297_C_G_b38	0.0145196807046518
ENSG00000141527.16	chr17_80204390_G_A_b38	chr17_80162649_G_A_b38	-0.0399119185246355
ENSG00000141527.16	chr17_80204390_G_A_b38	chr17_80169449_T_C_b38	-0.0400495458298927
ENSG00000141527.16	chr17_80204390_G_A_b38	chr17_80202672_T_C_b38	0.482314891274428
ENSG00000141527.16	chr17_80204390_G_A_b38	chr17_80214457_C_T_b38	-0.309867877786953
ENSG00000141527.16	chr17_80204390_G_A_b38	chr17_80170232_A_G_b38	0.0114918799889898
ENSG00000141527.16	chr17_80204390_G_A_b38	chr17_80169642_G_A_b38	0.0115606936416185
ENSG00000141527.16	chr17_80204390_G_A_b38	chr17_80174698_C_T_b38	-0.0097027250206441
ENSG00000141527.16	chr17_80204390_G_A_b38	chr17_80147176_G_GCGTGCGTA_b38	-0.0401492176642561
ENSG00000141527.16	chr17_80204390_G_A_b38	chr17_80162948_T_C_b38	-0.000275254610514782
ENSG00000141527.16	chr17_80166857_C_T_b38	chr17_80166857_C_T_b38	0.250861213288959
ENSG00000141527.16	chr17_80166857_C_T_b38	chr17_80201684_T_C_b38	-0.00702107783032633
ENSG00000141527.16	chr17_80166857_C_T_b38	chr17_80209612_T_C_b38	-0.0135750569276582
ENSG00000141527.16	chr17_80166857_C_T_b38	chr17_80170090_G_GTCAGCCTACGGAGGGC_b38	0.249080399369417
ENSG00000141527.16	chr17_80166857_C_T_b38	chr17_80250829_A_AAAAC_b38	0.0159295604286326
ENSG00000141527.16	chr17_80166857_C_T_b38	chr17_80202780_T_C_b38	-0.00702107783032633
ENSG00000141527.16	chr17_80166857_C_T_b38	chr17_80202055_C_A_b38	-0.0395136334442693
ENSG00000141527.16	chr17_80166857_C_T_b38	chr17_80205031_A_G_b38	-0.0418929176154611
ENSG00000141527.16	chr17_80166857_C_T_b38	chr17_80218559_T_C_b38	0.0115606936416185
ENSG00000141527.16	chr17_80166857_C_T_b38	chr17_80210594_C_T_b38	0.0119110176913646
ENSG00000141527.16	chr17_80166857_C_T_b38	chr17_80207333_T_C_b38	-0.0115752904770246
ENSG00000141527.16	chr17_80166857_C_T_b38	chr17_80147297_C_G_b38	-0.00356162783908449
ENSG00000141527.16	chr17_80166857_C_T_b38	chr17_80162649_G_A_b38	-0.114015881356922
ENSG00000141527.16	chr17_80166857_C_T_b38	chr17_80169449_T_C_b38	0.101331231389035
ENSG00000141527.16	chr17_80166857_C_T_b38	chr17_80202672_T_C_b38	-0.0262889005663573
ENSG00000141527.16	chr17_80166857_C_T_b38	chr17_80214457_C_T_b38	0.0195743562795586
ENSG00000141527.16	chr17_80166857_C_T_b38	chr17_80170232_A_G_b38	-0.0911572371109943
ENSG00000141527.16	chr17_80166857_C_T_b38	chr17_80169642_G_A_b38	-0.0906901383779997
ENSG00000141527.16	chr17_80166857_C_T_b38	chr17_80174698_C_T_b38	-0.00411630758451568
ENSG00000141527.16	chr17_80166857_C_T_b38	chr17_80147176_G_GCGTGCGTA_b38	-0.0232207505036227
ENSG00000141527.16	chr17_80166857_C_T_b38	chr17_80162948_T_C_b38	0.212967828574765
ENSG00000141527.16	chr17_80201684_T_C_b38	chr17_80201684_T_C_b38	0.492434668735245
ENSG00000141527.16	chr17_80201684_T_C_b38	chr17_80209612_T_C_b38	0.322567124590246
ENSG00000141527.16	chr17_80201684_T_C_b38	chr17_80170090_G_GTCAGCCTACGGAGGGC_b38	-0.00724420088581942
ENSG00000141527.16	chr17_80201684_T_C_b38	chr17_80250829_A_AAAAC_b38	-0.20491665548024
ENSG00000141527.16	chr17_80201684_T_C_b38	chr17_80202780_T_C_b38	0.492434668735245
ENSG00000141527.16	chr17_80201684_T_C_b38	chr17_80202055_C_A_b38	0.459979647840919
ENSG00000141527.16	chr17_80201684_T_C_b38	chr17_80205031_A_G_b38	0.456755832478375
ENSG00000141527.16	chr17_80201684_T_C_b38	chr17_80218559_T_C_b38	-0.31523534269199
ENSG00000141527.16	chr17_80201684_T_C_b38	chr17_80210594_C_T_b38	-0.318619723244001
ENSG00000141527.16	chr17_80201684_T_C_b38	chr17_80207333_T_C_b38	0.321733019709898
ENSG00000141527.16	chr17_80201684_T_C_b38	chr17_80147297_C_G_b38	0.0125595342358348
ENSG00000141527.16	chr17_80201684_T_C_b38	chr17_80162649_G_A_b38	-0.0594028643161591
ENSG00000141527.16	chr17_80201684_T_C_b38	chr17_80169449_T_C_b38	-0.0212008607962364
ENSG00000141527.16	chr17_80201684_T_C_b38	chr17_80202672_T_C_b38	0.467592940136291
ENSG00000141527.16	chr17_80201684_T_C_b38	chr17_80214457_C_T_b38	-0.317844005705278
ENSG00000141527.16	chr17_80201684_T_C_b38	chr17_80170232_A_G_b38	-0.00664781589637082
ENSG00000141527.16	chr17_80201684_T_C_b38	chr17_80169642_G_A_b38	-0.00648099492030133
ENSG00000141527.16	chr17_80201684_T_C_b38	chr17_80174698_C_T_b38	-0.0111728348722568
ENSG00000141527.16	chr17_80201684_T_C_b38	chr17_80147176_G_GCGTGCGTA_b38	-0.0423179277601688
ENSG00000141527.16	chr17_80201684_T_C_b38	chr17_80162948_T_C_b38	0.0407585349781882
ENSG00000141527.16	chr17_80209612_T_C_b38	chr17_80209612_T_C_b38	0.421890248479843
ENSG00000141527.16	chr17_80209612_T_C_b38	chr17_80170090_G_GTCAGCCTACGGAGGGC_b38	-0.0146197732902935
ENSG00000141527.16	chr17_80209612_T_C_b38	chr17_80250829_A_AAAAC_b38	-0.23884258640781
ENSG00000141527.16	chr17_80209612_T_C_b38	chr17_80202780_T_C_b38	0.322567124590246
ENSG00000141527.16	chr17_80209612_T_C_b38	chr17_80202055_C_A_b38	0.306483497234942
ENSG00000141527.16	chr17_80209612_T_C_b38	chr17_80205031_A_G_b38	0.308297675349698
ENSG00000141527.16	chr17_80209612_T_C_b38	chr17_80218559_T_C_b38	-0.318331957060281
ENSG00000141527.16	chr17_80209612_T_C_b38	chr17_80210594_C_T_b38	-0.405149763531266
ENSG00000141527.16	chr17_80209612_T_C_b38	chr17_80207333_T_C_b38	0.417755173535521
ENSG00000141527.16	chr17_80209612_T_C_b38	chr17_80147297_C_G_b38	0.00513600080074067
ENSG00000141527.16	chr17_80209612_T_C_b38	chr17_80162649_G_A_b38	0.0082451267422366
ENSG00000141527.16	chr17_80209612_T_C_b38	chr17_80169449_T_C_b38	0.0317356054350273
ENSG00000141527.16	chr17_80209612_T_C_b38	chr17_80202672_T_C_b38	0.307084052748792
ENSG00000141527.16	chr17_80209612_T_C_b38	chr17_80214457_C_T_b38	-0.399613392387959
ENSG00000141527.16	chr17_80209612_T_C_b38	chr17_80170232_A_G_b38	0.0437342041388285
ENSG00000141527.16	chr17_80209612_T_C_b38	chr17_80169642_G_A_b38	0.0442722017866527
ENSG00000141527.16	chr17_80209612_T_C_b38	chr17_80174698_C_T_b38	-0.0124052248329705
ENSG00000141527.16	chr17_80209612_T_C_b38	chr17_80147176_G_GCGTGCGTA_b38	-0.0315780606485029
ENSG00000141527.16	chr17_80209612_T_C_b38	chr17_80162948_T_C_b38	0.0281948302179517
ENSG00000141527.16	chr17_80170090_G_GTCAGCCTACGGAGGGC_b38	chr17_80202780_T_C_b38	-0.00724420088581942
ENSG00000141527.16	chr17_80170090_G_GTCAGCCTACGGAGGGC_b38	chr17_80202055_C_A_b38	-0.0416260040537497
ENSG00000141527.16	chr17_80170090_G_GTCAGCCTACGGAGGGC_b38	chr17_80205031_A_G_b38	-0.0440469934689588
ENSG00000141527.16	chr17_80170090_G_GTCAGCCTACGGAGGGC_b38	chr17_80218559_T_C_b38	0.0127993393889348
ENSG00000141527.16	chr17_80170090_G_GTCAGCCTACGGAGGGC_b38	chr17_80210594_C_T_b38	0.0132685233841304
ENSG00000141527.16	chr17_80170090_G_GTCAGCCTACGGAGGGC_b38	chr17_80207333_T_C_b38	-0.0127242699497035
ENSG00000141527.16	chr17_80170090_G_GTCAGCCTACGGAGGGC_b38	chr17_80147297_C_G_b38	-0.00397868027925832
ENSG00000141527.16	chr17_80170090_G_GTCAGCCTACGGAGGGC_b38	chr17_80162649_G_A_b38	-0.122344418587193
ENSG00000141527.16	chr17_80170090_G_GTCAGCCTACGGAGGGC_b38	chr17_80169449_T_C_b38	0.105003378124765
ENSG00000141527.16	chr17_80170090_G_GTCAGCCTACGGAGGGC_b38	chr17_80202672_T_C_b38	-0.028714060505968
ENSG00000141527.16	chr17_80170090_G_GTCAGCCTACGGAGGGC_b38	chr17_80214457_C_T_b38	0.0231964567224683
ENSG00000141527.16	chr17_80170090_G_GTCAGCCTACGGAGGGC_b38	chr17_80170232_A_G_b38	-0.0970460175662488
ENSG00000141527.16	chr17_80170090_G_GTCAGCCTACGGAGGGC_b38	chr17_80169642_G_A_b38	-0.0965580662112453
ENSG00000141527.16	chr17_80170090_G_GTCAGCCTACGGAGGGC_b38	chr17_80162948_T_C_b38	0.223481720591547
ENSG00000141527.16	chr17_80250829_A_AAAAC_b38	chr17_80202780_T_C_b38	-0.20491665548024
ENSG00000141527.16	chr17_80250829_A_AAAAC_b38	chr17_80202055_C_A_b38	-0.197607205291869
ENSG00000141527.16	chr17_80250829_A_AAAAC_b38	chr17_80205031_A_G_b38	-0.200900658713172
ENSG00000141527.16	chr17_80250829_A_AAAAC_b38	chr17_80218559_T_C_b38	0.272986960647326
ENSG00000141527.16	chr17_80250829_A_AAAAC_b38	chr17_80210594_C_T_b38	0.238775373063754
ENSG00000141527.16	chr17_80250829_A_AAAAC_b38	chr17_80207333_T_C_b38	-0.240573329787657
ENSG00000141527.16	chr17_80250829_A_AAAAC_b38	chr17_80162649_G_A_b38	-0.0195254738528275
ENSG00000141527.16	chr17_80250829_A_AAAAC_b38	chr17_80169449_T_C_b38	-0.0293890307860055
ENSG00000141527.16	chr17_80250829_A_AAAAC_b38	chr17_80202672_T_C_b38	-0.187424385011396
ENSG00000141527.16	chr17_80250829_A_AAAAC_b38	chr17_80214457_C_T_b38	0.253881570141099
ENSG00000141527.16	chr17_80250829_A_AAAAC_b38	chr17_80170232_A_G_b38	-0.050527624691128
ENSG00000141527.16	chr17_80250829_A_AAAAC_b38	chr17_80169642_G_A_b38	-0.0496034413330775
ENSG00000141527.16	chr17_80250829_A_AAAAC_b38	chr17_80162948_T_C_b38	-0.0059315768284697
ENSG00000141527.16	chr17_80202780_T_C_b38	chr17_80202780_T_C_b38	0.492434668735245
ENSG00000141527.16	chr17_80202780_T_C_b38	chr17_80202055_C_A_b38	0.459979647840919
ENSG00000141527.16	chr17_80202780_T_C_b38	chr17_80205031_A_G_b38	0.456755832478375
ENSG00000141527.16	chr17_80202780_T_C_b38	chr17_80218559_T_C_b38	-0.31523534269199
ENSG00000141527.16	chr17_80202780_T_C_b38	chr17_80210594_C_T_b38	-0.318619723244001
ENSG00000141527.16	chr17_80202780_T_C_b38	chr17_80207333_T_C_b38	0.321733019709898
ENSG00000141527.16	chr17_80202780_T_C_b38	chr17_80147297_C_G_b38	0.0125595342358348
ENSG00000141527.16	chr17_80202780_T_C_b38	chr17_80162649_G_A_b38	-0.0594028643161591
ENSG00000141527.16	chr17_80202780_T_C_b38	chr17_80169449_T_C_b38	-0.0212008607962364
ENSG00000141527.16	chr17_80202780_T_C_b38	chr17_80202672_T_C_b38	0.467592940136291
ENSG00000141527.16	chr17_80202780_T_C_b38	chr17_80214457_C_T_b38	-0.317844005705278
ENSG00000141527.16	chr17_80202780_T_C_b38	chr17_80170232_A_G_b38	-0.00664781589637082
ENSG00000141527.16	chr17_80202780_T_C_b38	chr17_80169642_G_A_b38	-0.00648099492030133
ENSG00000141527.16	chr17_80202780_T_C_b38	chr17_80174698_C_T_b38	-0.0111728348722568
ENSG00000141527.16	chr17_80202780_T_C_b38	chr17_80147176_G_GCGTGCGTA_b38	-0.0423179277601688
ENSG00000141527.16	chr17_80202780_T_C_b38	chr17_80162948_T_C_b38	0.0407585349781882
ENSG00000141527.16	chr17_80202055_C_A_b38	chr17_80202055_C_A_b38	0.49786469150631
ENSG00000141527.16	chr17_80202055_C_A_b38	chr17_80205031_A_G_b38	0.493395974609848
ENSG00000141527.16	chr17_80202055_C_A_b38	chr17_80218559_T_C_b38	-0.314822460776217
ENSG00000141527.16	chr17_80202055_C_A_b38	chr17_80210594_C_T_b38	-0.301147311262918
ENSG00000141527.16	chr17_80202055_C_A_b38	chr17_80207333_T_C_b38	0.3047047685776
ENSG00000141527.16	chr17_80202055_C_A_b38	chr17_80147297_C_G_b38	0.0145613859486692
ENSG00000141527.16	chr17_80202055_C_A_b38	chr17_80162649_G_A_b38	-0.0387900474605676
ENSG00000141527.16	chr17_80202055_C_A_b38	chr17_80169449_T_C_b38	-0.0379601131046217
ENSG00000141527.16	chr17_80202055_C_A_b38	chr17_80202672_T_C_b38	0.482412898597869
ENSG00000141527.16	chr17_80202055_C_A_b38	chr17_80214457_C_T_b38	-0.311819683206967
ENSG00000141527.16	chr17_80202055_C_A_b38	chr17_80170232_A_G_b38	0.0123697753755558
ENSG00000141527.16	chr17_80202055_C_A_b38	chr17_80169642_G_A_b38	0.0124365037659836
ENSG00000141527.16	chr17_80202055_C_A_b38	chr17_80174698_C_T_b38	-0.00967144608763106
ENSG00000141527.16	chr17_80202055_C_A_b38	chr17_80147176_G_GCGTGCGTA_b38	-0.0414214987842054
ENSG00000141527.16	chr17_80202055_C_A_b38	chr17_80162948_T_C_b38	0.000696477575090227
ENSG00000141527.16	chr17_80205031_A_G_b38	chr17_80205031_A_G_b38	0.497589436895796
ENSG00000141527.16	chr17_80205031_A_G_b38	chr17_80218559_T_C_b38	-0.315441783649876
ENSG00000141527.16	chr17_80205031_A_G_b38	chr17_80210594_C_T_b38	-0.302898931511648
ENSG00000141527.16	chr17_80205031_A_G_b38	chr17_80207333_T_C_b38	0.306498094070349
ENSG00000141527.16	chr17_80205031_A_G_b38	chr17_80147297_C_G_b38	0.0159230621658368
ENSG00000141527.16	chr17_80205031_A_G_b38	chr17_80162649_G_A_b38	-0.0381436161782982
ENSG00000141527.16	chr17_80205031_A_G_b38	chr17_80169449_T_C_b38	-0.0406938918499612
ENSG00000141527.16	chr17_80205031_A_G_b38	chr17_80202672_T_C_b38	0.479326710540583
ENSG00000141527.16	chr17_80205031_A_G_b38	chr17_80214457_C_T_b38	-0.313696419187748
ENSG00000141527.16	chr17_80205031_A_G_b38	chr17_80170232_A_G_b38	0.0135041580128286
ENSG00000141527.16	chr17_80205031_A_G_b38	chr17_80169642_G_A_b38	0.0135750569276581
ENSG00000141527.16	chr17_80205031_A_G_b38	chr17_80174698_C_T_b38	-0.00973400395365713
ENSG00000141527.16	chr17_80205031_A_G_b38	chr17_80147176_G_GCGTGCGTA_b38	-0.0403220232495095
ENSG00000141527.16	chr17_80205031_A_G_b38	chr17_80162948_T_C_b38	-0.002692073501322
ENSG00000141527.16	chr17_80218559_T_C_b38	chr17_80218559_T_C_b38	0.464492155243599
ENSG00000141527.16	chr17_80218559_T_C_b38	chr17_80210594_C_T_b38	0.307803468208093
ENSG00000141527.16	chr17_80218559_T_C_b38	chr17_80207333_T_C_b38	-0.316267547481421
ENSG00000141527.16	chr17_80218559_T_C_b38	chr17_80147297_C_G_b38	-0.00908340214698598
ENSG00000141527.16	chr17_80218559_T_C_b38	chr17_80162649_G_A_b38	-0.00474814203137902
ENSG00000141527.16	chr17_80218559_T_C_b38	chr17_80169449_T_C_b38	-0.0414946325350949
ENSG00000141527.16	chr17_80218559_T_C_b38	chr17_80202672_T_C_b38	-0.299958711808423
ENSG00000141527.16	chr17_80218559_T_C_b38	chr17_80214457_C_T_b38	0.333195706028076
ENSG00000141527.16	chr17_80218559_T_C_b38	chr17_80170232_A_G_b38	-0.0458298926507019
ENSG00000141527.16	chr17_80218559_T_C_b38	chr17_80169642_G_A_b38	-0.046242774566474
ENSG00000141527.16	chr17_80218559_T_C_b38	chr17_80174698_C_T_b38	0.0105284888521883
ENSG00000141527.16	chr17_80218559_T_C_b38	chr17_80147176_G_GCGTGCGTA_b38	0.0374512904708933
ENSG00000141527.16	chr17_80218559_T_C_b38	chr17_80162948_T_C_b38	-0.0286952931461602
ENSG00000141527.16	chr17_80210594_C_T_b38	chr17_80210594_C_T_b38	0.412506568575932
ENSG00000141527.16	chr17_80210594_C_T_b38	chr17_80207333_T_C_b38	-0.408083727447889
ENSG00000141527.16	chr17_80210594_C_T_b38	chr17_80147297_C_G_b38	-0.00451042214047994
ENSG00000141527.16	chr17_80210594_C_T_b38	chr17_80162649_G_A_b38	-0.0116482746540551
ENSG00000141527.16	chr17_80210594_C_T_b38	chr17_80169449_T_C_b38	-0.0365212821860221
ENSG00000141527.16	chr17_80210594_C_T_b38	chr17_80202672_T_C_b38	-0.304168856191977
ENSG00000141527.16	chr17_80210594_C_T_b38	chr17_80214457_C_T_b38	0.392012611665791
ENSG00000141527.16	chr17_80210594_C_T_b38	chr17_80170232_A_G_b38	-0.0450166403923629
ENSG00000141527.16	chr17_80210594_C_T_b38	chr17_80169642_G_A_b38	-0.0455859169732002
ENSG00000141527.16	chr17_80210594_C_T_b38	chr17_80174698_C_T_b38	0.0128744088281661
ENSG00000141527.16	chr17_80210594_C_T_b38	chr17_80147176_G_GCGTGCGTA_b38	0.0312799710168962
ENSG00000141527.16	chr17_80210594_C_T_b38	chr17_80162948_T_C_b38	-0.0295148011911018
ENSG00000141527.16	chr17_80207333_T_C_b38	chr17_80207333_T_C_b38	0.420793400562188
ENSG00000141527.16	chr17_80207333_T_C_b38	chr17_80147297_C_G_b38	0.00492747458065378
ENSG00000141527.16	chr17_80207333_T_C_b38	chr17_80162649_G_A_b38	0.00841611824270783
ENSG00000141527.16	chr17_80207333_T_C_b38	chr17_80169449_T_C_b38	0.0342942221554939
ENSG00000141527.16	chr17_80207333_T_C_b38	chr17_80202672_T_C_b38	0.306594016131588
ENSG00000141527.16	chr17_80207333_T_C_b38	chr17_80214457_C_T_b38	-0.402860145634712
ENSG00000141527.16	chr17_80207333_T_C_b38	chr17_80170232_A_G_b38	0.043679987321606
ENSG00000141527.16	chr17_80207333_T_C_b38	chr17_80169642_G_A_b38	0.0442284112804344
ENSG00000141527.16	chr17_80207333_T_C_b38	chr17_80174698_C_T_b38	-0.0125616194980357
ENSG00000141527.16	chr17_80207333_T_C_b38	chr17_80147176_G_GCGTGCGTA_b38	-0.0309970018695666
ENSG00000141527.16	chr17_80207333_T_C_b38	chr17_80162948_T_C_b38	0.0305616028159382
ENSG00000141527.16	chr17_80147297_C_G_b38	chr17_80147297_C_G_b38	0.0338479760445079
ENSG00000141527.16	chr17_80147297_C_G_b38	chr17_80162649_G_A_b38	-0.013766901050138
ENSG00000141527.16	chr17_80147297_C_G_b38	chr17_80169449_T_C_b38	-0.0230025273377875
ENSG00000141527.16	chr17_80147297_C_G_b38	chr17_80202672_T_C_b38	0.0139358072884084
ENSG00000141527.16	chr17_80147297_C_G_b38	chr17_80214457_C_T_b38	-0.00576157946100141
ENSG00000141527.16	chr17_80147297_C_G_b38	chr17_80170232_A_G_b38	-0.0103324742053066
ENSG00000141527.16	chr17_80147297_C_G_b38	chr17_80169642_G_A_b38	-0.0102907689612892
ENSG00000141527.16	chr17_80147297_C_G_b38	chr17_80174698_C_T_b38	-0.00062557866026074
ENSG00000141527.16	chr17_80147297_C_G_b38	chr17_80147176_G_GCGTGCGTA_b38	-0.00293769493452915
ENSG00000141527.16	chr17_80147297_C_G_b38	chr17_80162948_T_C_b38	-0.00931903677568418
ENSG00000141527.16	chr17_80162649_G_A_b38	chr17_80162649_G_A_b38	0.477358223022963
ENSG00000141527.16	chr17_80162649_G_A_b38	chr17_80169449_T_C_b38	0.202474789179991
ENSG00000141527.16	chr17_80162649_G_A_b38	chr17_80202672_T_C_b38	-0.044057419779963
ENSG00000141527.16	chr17_80162649_G_A_b38	chr17_80214457_C_T_b38	-0.0149575857668343
ENSG00000141527.16	chr17_80162649_G_A_b38	chr17_80170232_A_G_b38	0.364397484339681
ENSG00000141527.16	chr17_80162649_G_A_b38	chr17_80169642_G_A_b38	0.365519355403748
ENSG00000141527.16	chr17_80162649_G_A_b38	chr17_80174698_C_T_b38	-0.00960263243500235
ENSG00000141527.16	chr17_80162649_G_A_b38	chr17_80147176_G_GCGTGCGTA_b38	0.0737815046252083
ENSG00000141527.16	chr17_80162649_G_A_b38	chr17_80162948_T_C_b38	-0.264121395624286
ENSG00000141527.16	chr17_80169449_T_C_b38	chr17_80169449_T_C_b38	0.426619623151415
ENSG00000141527.16	chr17_80169449_T_C_b38	chr17_80202672_T_C_b38	-0.0346195230588294
ENSG00000141527.16	chr17_80169449_T_C_b38	chr17_80214457_C_T_b38	-0.0226146685684258
ENSG00000141527.16	chr17_80169449_T_C_b38	chr17_80170232_A_G_b38	0.162256337111828
ENSG00000141527.16	chr17_80169449_T_C_b38	chr17_80169642_G_A_b38	0.162900683131897
ENSG00000141527.16	chr17_80169449_T_C_b38	chr17_80174698_C_T_b38	-0.01689062382704
ENSG00000141527.16	chr17_80169449_T_C_b38	chr17_80147176_G_GCGTGCGTA_b38	0.0325544121244128
ENSG00000141527.16	chr17_80169449_T_C_b38	chr17_80162948_T_C_b38	0.208405274879263
ENSG00000141527.16	chr17_80202672_T_C_b38	chr17_80202672_T_C_b38	0.488168222272269
ENSG00000141527.16	chr17_80202672_T_C_b38	chr17_80214457_C_T_b38	-0.312889422716012
ENSG00000141527.16	chr17_80202672_T_C_b38	chr17_80170232_A_G_b38	0.00642677810307865
ENSG00000141527.16	chr17_80202672_T_C_b38	chr17_80169642_G_A_b38	0.00652478542651956
ENSG00000141527.16	chr17_80202672_T_C_b38	chr17_80174698_C_T_b38	-0.0101406300828266
ENSG00000141527.16	chr17_80202672_T_C_b38	chr17_80147176_G_GCGTGCGTA_b38	-0.0396783224473962
ENSG00000141527.16	chr17_80202672_T_C_b38	chr17_80162948_T_C_b38	0.0106869687794544
ENSG00000141527.16	chr17_80214457_C_T_b38	chr17_80214457_C_T_b38	0.433225733803768
ENSG00000141527.16	chr17_80214457_C_T_b38	chr17_80170232_A_G_b38	-0.0569026349373169
ENSG00000141527.16	chr17_80214457_C_T_b38	chr17_80169642_G_A_b38	-0.0574093536521282
ENSG00000141527.16	chr17_80214457_C_T_b38	chr17_80174698_C_T_b38	0.0119360408377749
ENSG00000141527.16	chr17_80214457_C_T_b38	chr17_80147176_G_GCGTGCGTA_b38	0.0394471949864777
ENSG00000141527.16	chr17_80214457_C_T_b38	chr17_80162948_T_C_b38	-0.0138690788979806
ENSG00000141527.16	chr17_80170232_A_G_b38	chr17_80170232_A_G_b38	0.415088123180608
ENSG00000141527.16	chr17_80170232_A_G_b38	chr17_80169642_G_A_b38	0.414520931861973
ENSG00000141527.16	chr17_80170232_A_G_b38	chr17_80174698_C_T_b38	-0.00883317068288168
ENSG00000141527.16	chr17_80170232_A_G_b38	chr17_80147176_G_GCGTGCGTA_b38	-0.0325241712198841
ENSG00000141527.16	chr17_80170232_A_G_b38	chr17_80162948_T_C_b38	-0.202451851295782
ENSG00000141527.16	chr17_80169642_G_A_b38	chr17_80169642_G_A_b38	0.415396741986337
ENSG00000141527.16	chr17_80169642_G_A_b38	chr17_80174698_C_T_b38	-0.00880189174986863
ENSG00000141527.16	chr17_80169642_G_A_b38	chr17_80147176_G_GCGTGCGTA_b38	-0.0323513656346309
ENSG00000141527.16	chr17_80169642_G_A_b38	chr17_80162948_T_C_b38	-0.201480119110177
ENSG00000141527.16	chr17_80174698_C_T_b38	chr17_80162948_T_C_b38	-0.00735054925806368
ENSG00000141527.16	chr17_80147176_G_GCGTGCGTA_b38	chr17_80162948_T_C_b38	-0.0431905959666823
ENSG00000141527.16	chr17_80162948_T_C_b38	chr17_80162948_T_C_b38	0.469138119427138
ENSG00000141527.16	chr17_80457798_G_A_b38	chr17_80457798_G_A_b38	0.374488068129687
ENSG00000181045.14	chr17_80240331_T_C_b38	chr17_80240331_T_C_b38	0.44028226109151
ENSG00000181045.14	chr17_80240331_T_C_b38	chr17_80306230_C_T_b38	0.00668118009158472
ENSG00000181045.14	chr17_80240331_T_C_b38	chr17_80219235_G_A_b38	-0.0219452994019469
ENSG00000181045.14	chr17_80240331_T_C_b38	chr17_80220775_C_A_b38	0.338707054024972
ENSG00000181045.14	chr17_80240331_T_C_b38	chr17_80221973_C_T_b38	0.342948477341541
ENSG00000181045.14	chr17_80240331_T_C_b38	chr17_80220458_C_T_b38	-0.302692490553761
ENSG00000181045.14	chr17_80240331_T_C_b38	chr17_80226475_C_A_b38	-0.0873620599054124
ENSG00000181045.14	chr17_80240331_T_C_b38	chr17_80215164_G_A_b38	-0.161005179791307
ENSG00000181045.14	chr17_80240331_T_C_b38	chr17_80288006_A_G_b38	0.0550634336761505
ENSG00000181045.14	chr17_80240331_T_C_b38	chr17_80220032_T_C_b38	0.318719815829642
ENSG00000181045.14	chr17_80240331_T_C_b38	chr17_80186413_A_G_b38	-0.0248045374334533
ENSG00000181045.14	chr17_80240331_T_C_b38	chr17_80226104_A_G_b38	0.240603808522884
ENSG00000181045.14	chr17_80240331_T_C_b38	chr17_80170310_T_C_b38	-0.0127055025898956
ENSG00000181045.14	chr17_80240331_T_C_b38	chr17_80219453_T_C_b38	0.321422315641968
ENSG00000181045.14	chr17_80240331_T_C_b38	chr17_80190272_G_A_b38	-0.0393176187973877
ENSG00000181045.14	chr17_80240331_T_C_b38	chr17_80173296_A_G_b38	-0.0578660260741184
ENSG00000181045.14	chr17_80240331_T_C_b38	chr17_80230373_C_T_b38	-0.0285138753346846
ENSG00000181045.14	chr17_80240331_T_C_b38	chr17_80265733_T_C_b38	0.00594925305907963
ENSG00000181045.14	chr17_80240331_T_C_b38	chr17_80172630_G_C_b38	-0.0280509471260916
ENSG00000181045.14	chr17_80240331_T_C_b38	chr17_80221321_C_CG_b38	0.340720493880501
ENSG00000181045.14	chr17_80306230_C_T_b38	chr17_80306230_C_T_b38	0.336536296073868
ENSG00000181045.14	chr17_80306230_C_T_b38	chr17_80219235_G_A_b38	-0.00202687485924477
ENSG00000181045.14	chr17_80306230_C_T_b38	chr17_80220775_C_A_b38	0.0068500863298551
ENSG00000181045.14	chr17_80306230_C_T_b38	chr17_80221973_C_T_b38	0.00587418361984838
ENSG00000181045.14	chr17_80306230_C_T_b38	chr17_80220458_C_T_b38	-0.00484197883041819
ENSG00000181045.14	chr17_80306230_C_T_b38	chr17_80226475_C_A_b38	0.0524172359432476
ENSG00000181045.14	chr17_80306230_C_T_b38	chr17_80215164_G_A_b38	-0.00277756925155767
ENSG00000181045.14	chr17_80306230_C_T_b38	chr17_80288006_A_G_b38	0.20734179115682
ENSG00000181045.14	chr17_80306230_C_T_b38	chr17_80220032_T_C_b38	0.00707529464754895
ENSG00000181045.14	chr17_80306230_C_T_b38	chr17_80226104_A_G_b38	-0.00600555513850308
ENSG00000181045.14	chr17_80306230_C_T_b38	chr17_80219453_T_C_b38	0.00512348922753554
ENSG00000181045.14	chr17_80306230_C_T_b38	chr17_80230373_C_T_b38	0.00624953081600479
ENSG00000181045.14	chr17_80306230_C_T_b38	chr17_80265733_T_C_b38	0.197132347421365
ENSG00000181045.14	chr17_80306230_C_T_b38	chr17_80221321_C_CG_b38	0.00662104849315657
ENSG00000181045.14	chr17_80219235_G_A_b38	chr17_80219235_G_A_b38	0.0707320938534812
ENSG00000181045.14	chr17_80219235_G_A_b38	chr17_80220775_C_A_b38	-0.0221663371952389
ENSG00000181045.14	chr17_80219235_G_A_b38	chr17_80221973_C_T_b38	-0.0218347805053008
ENSG00000181045.14	chr17_80219235_G_A_b38	chr17_80220458_C_T_b38	-0.0438134441024616
ENSG00000181045.14	chr17_80219235_G_A_b38	chr17_80226475_C_A_b38	-0.0145384480644596
ENSG00000181045.14	chr17_80219235_G_A_b38	chr17_80215164_G_A_b38	-0.0203250506718715
ENSG00000181045.14	chr17_80219235_G_A_b38	chr17_80288006_A_G_b38	0.000625578660260748
ENSG00000181045.14	chr17_80219235_G_A_b38	chr17_80220032_T_C_b38	0.047010151056394
ENSG00000181045.14	chr17_80219235_G_A_b38	chr17_80186413_A_G_b38	0.0241697016238335
ENSG00000181045.14	chr17_80219235_G_A_b38	chr17_80226104_A_G_b38	-0.0177956276222172
ENSG00000181045.14	chr17_80219235_G_A_b38	chr17_80170310_T_C_b38	0.0195555889197507
ENSG00000181045.14	chr17_80219235_G_A_b38	chr17_80219453_T_C_b38	0.0433380043206633
ENSG00000181045.14	chr17_80219235_G_A_b38	chr17_80190272_G_A_b38	0.031504141330731
ENSG00000181045.14	chr17_80219235_G_A_b38	chr17_80173296_A_G_b38	0.0227001643186614
ENSG00000181045.14	chr17_80219235_G_A_b38	chr17_80230373_C_T_b38	-0.00528822494140412
ENSG00000181045.14	chr17_80219235_G_A_b38	chr17_80265733_T_C_b38	-0.0308472837374572
ENSG00000181045.14	chr17_80219235_G_A_b38	chr17_80172630_G_C_b38	0.0200831602565706
ENSG00000181045.14	chr17_80219235_G_A_b38	chr17_80221321_C_CG_b38	-0.0218666086682013
ENSG00000181045.14	chr17_80220775_C_A_b38	chr17_80220775_C_A_b38	0.442325818048361
ENSG00000181045.14	chr17_80220775_C_A_b38	chr17_80221973_C_T_b38	0.435019059296517
ENSG00000181045.14	chr17_80220775_C_A_b38	chr17_80220458_C_T_b38	-0.392905103887762
ENSG00000181045.14	chr17_80220775_C_A_b38	chr17_80226475_C_A_b38	-0.0766771763881591
ENSG00000181045.14	chr17_80220775_C_A_b38	chr17_80215164_G_A_b38	-0.24637789955709
ENSG00000181045.14	chr17_80220775_C_A_b38	chr17_80288006_A_G_b38	0.0538873457948603
ENSG00000181045.14	chr17_80220775_C_A_b38	chr17_80220032_T_C_b38	0.413442851304124
ENSG00000181045.14	chr17_80220775_C_A_b38	chr17_80186413_A_G_b38	-0.0493041866032812
ENSG00000181045.14	chr17_80220775_C_A_b38	chr17_80226104_A_G_b38	0.312922786911226
ENSG00000181045.14	chr17_80220775_C_A_b38	chr17_80170310_T_C_b38	-0.0415509346145184
ENSG00000181045.14	chr17_80220775_C_A_b38	chr17_80219453_T_C_b38	0.414725287557659
ENSG00000181045.14	chr17_80220775_C_A_b38	chr17_80190272_G_A_b38	-0.0576783524760402
ENSG00000181045.14	chr17_80220775_C_A_b38	chr17_80173296_A_G_b38	-0.0507928166887703
ENSG00000181045.14	chr17_80220775_C_A_b38	chr17_80230373_C_T_b38	-0.018706887203997
ENSG00000181045.14	chr17_80220775_C_A_b38	chr17_80265733_T_C_b38	-0.021144558716813
ENSG00000181045.14	chr17_80220775_C_A_b38	chr17_80172630_G_C_b38	-0.0552677893718356
ENSG00000181045.14	chr17_80220775_C_A_b38	chr17_80221321_C_CG_b38	0.438570221593534
ENSG00000181045.14	chr17_80221973_C_T_b38	chr17_80221973_C_T_b38	0.437809140121278
ENSG00000181045.14	chr17_80221973_C_T_b38	chr17_80220458_C_T_b38	-0.391979247470577
ENSG00000181045.14	chr17_80221973_C_T_b38	chr17_80226475_C_A_b38	-0.0768085479068137
ENSG00000181045.14	chr17_80221973_C_T_b38	chr17_80215164_G_A_b38	-0.24620899331882
ENSG00000181045.14	chr17_80221973_C_T_b38	chr17_80288006_A_G_b38	0.0556514776167956
ENSG00000181045.14	chr17_80221973_C_T_b38	chr17_80220032_T_C_b38	0.412254251849627
ENSG00000181045.14	chr17_80221973_C_T_b38	chr17_80186413_A_G_b38	-0.048681880478597
ENSG00000181045.14	chr17_80221973_C_T_b38	chr17_80226104_A_G_b38	0.31499345227669
ENSG00000181045.14	chr17_80221973_C_T_b38	chr17_80170310_T_C_b38	-0.0423579310862549
ENSG00000181045.14	chr17_80221973_C_T_b38	chr17_80219453_T_C_b38	0.413499153383547
ENSG00000181045.14	chr17_80221973_C_T_b38	chr17_80190272_G_A_b38	-0.0583164427095063
ENSG00000181045.14	chr17_80221973_C_T_b38	chr17_80173296_A_G_b38	-0.0498419371251741
ENSG00000181045.14	chr17_80221973_C_T_b38	chr17_80230373_C_T_b38	-0.0196890457006064
ENSG00000181045.14	chr17_80221973_C_T_b38	chr17_80265733_T_C_b38	-0.017353552035633
ENSG00000181045.14	chr17_80221973_C_T_b38	chr17_80172630_G_C_b38	-0.0563500404540866
ENSG00000181045.14	chr17_80221973_C_T_b38	chr17_80221321_C_CG_b38	0.437026843896817
ENSG00000181045.14	chr17_80220458_C_T_b38	chr17_80220458_C_T_b38	0.477445804035399
ENSG00000181045.14	chr17_80220458_C_T_b38	chr17_80226475_C_A_b38	0.0970397617796463
ENSG00000181045.14	chr17_80220458_C_T_b38	chr17_80215164_G_A_b38	0.260453419412957
ENSG00000181045.14	chr17_80220458_C_T_b38	chr17_80288006_A_G_b38	-0.0436779020594051
ENSG00000181045.14	chr17_80220458_C_T_b38	chr17_80220032_T_C_b38	-0.441362426911559
ENSG00000181045.14	chr17_80220458_C_T_b38	chr17_80186413_A_G_b38	0.0489867687203467
ENSG00000181045.14	chr17_80220458_C_T_b38	chr17_80226104_A_G_b38	-0.279898489436061
ENSG00000181045.14	chr17_80220458_C_T_b38	chr17_80170310_T_C_b38	0.0475189550334059
ENSG00000181045.14	chr17_80220458_C_T_b38	chr17_80219453_T_C_b38	-0.440955800782391
ENSG00000181045.14	chr17_80220458_C_T_b38	chr17_80190272_G_A_b38	0.0517103320571527
ENSG00000181045.14	chr17_80220458_C_T_b38	chr17_80173296_A_G_b38	0.0407585349781881
ENSG00000181045.14	chr17_80220458_C_T_b38	chr17_80230373_C_T_b38	0.0248500696477575
ENSG00000181045.14	chr17_80220458_C_T_b38	chr17_80265733_T_C_b38	0.0485261366764257
ENSG00000181045.14	chr17_80220458_C_T_b38	chr17_80172630_G_C_b38	0.058208009075061
ENSG00000181045.14	chr17_80220458_C_T_b38	chr17_80221321_C_CG_b38	-0.395472758755548
ENSG00000181045.14	chr17_80226475_C_A_b38	chr17_80226475_C_A_b38	0.26353126642144
ENSG00000181045.14	chr17_80226475_C_A_b38	chr17_80215164_G_A_b38	0.124014713610089
ENSG00000181045.14	chr17_80226475_C_A_b38	chr17_80288006_A_G_b38	0.0528113504992118
ENSG00000181045.14	chr17_80226475_C_A_b38	chr17_80220032_T_C_b38	-0.0873182693991943
ENSG00000181045.14	chr17_80226475_C_A_b38	chr17_80186413_A_G_b38	-0.0247753015602715
ENSG00000181045.14	chr17_80226475_C_A_b38	chr17_80226104_A_G_b38	-0.062576633385882
ENSG00000181045.14	chr17_80226475_C_A_b38	chr17_80170310_T_C_b38	-0.0518917498686285
ENSG00000181045.14	chr17_80226475_C_A_b38	chr17_80219453_T_C_b38	-0.0846908390260992
ENSG00000181045.14	chr17_80226475_C_A_b38	chr17_80190272_G_A_b38	0.0258801891749868
ENSG00000181045.14	chr17_80226475_C_A_b38	chr17_80173296_A_G_b38	-0.0275442284112804
ENSG00000181045.14	chr17_80226475_C_A_b38	chr17_80230373_C_T_b38	0.0976528288667015
ENSG00000181045.14	chr17_80226475_C_A_b38	chr17_80265733_T_C_b38	0.0193116132422491
ENSG00000181045.14	chr17_80226475_C_A_b38	chr17_80172630_G_C_b38	-0.0456297074794185
ENSG00000181045.14	chr17_80226475_C_A_b38	chr17_80221321_C_CG_b38	-0.0769346594956651
ENSG00000181045.14	chr17_80215164_G_A_b38	chr17_80215164_G_A_b38	0.485474063508744
ENSG00000181045.14	chr17_80215164_G_A_b38	chr17_80288006_A_G_b38	-0.0231026199234291
ENSG00000181045.14	chr17_80215164_G_A_b38	chr17_80220032_T_C_b38	-0.26964942571879
ENSG00000181045.14	chr17_80215164_G_A_b38	chr17_80186413_A_G_b38	0.0420871061495177
ENSG00000181045.14	chr17_80215164_G_A_b38	chr17_80226104_A_G_b38	-0.142913444936566
ENSG00000181045.14	chr17_80215164_G_A_b38	chr17_80170310_T_C_b38	0.024604008708055
ENSG00000181045.14	chr17_80215164_G_A_b38	chr17_80219453_T_C_b38	-0.273646873357856
ENSG00000181045.14	chr17_80215164_G_A_b38	chr17_80190272_G_A_b38	0.0910029277081301
ENSG00000181045.14	chr17_80215164_G_A_b38	chr17_80173296_A_G_b38	0.00444786427445382
ENSG00000181045.14	chr17_80215164_G_A_b38	chr17_80230373_C_T_b38	0.0406313339839351
ENSG00000181045.14	chr17_80215164_G_A_b38	chr17_80265733_T_C_b38	0.0164589745514601
ENSG00000181045.14	chr17_80215164_G_A_b38	chr17_80172630_G_C_b38	0.0184107799714736
ENSG00000181045.14	chr17_80215164_G_A_b38	chr17_80221321_C_CG_b38	-0.24767029437116
ENSG00000181045.14	chr17_80288006_A_G_b38	chr17_80288006_A_G_b38	0.311050221454846
ENSG00000181045.14	chr17_80288006_A_G_b38	chr17_80220032_T_C_b38	0.0553699672196782
ENSG00000181045.14	chr17_80288006_A_G_b38	chr17_80226104_A_G_b38	0.004779420964392
ENSG00000181045.14	chr17_80288006_A_G_b38	chr17_80219453_T_C_b38	0.0516727973375373
ENSG00000181045.14	chr17_80288006_A_G_b38	chr17_80190272_G_A_b38	0.0180729674949328
ENSG00000181045.14	chr17_80288006_A_G_b38	chr17_80230373_C_T_b38	-0.00160773715687011
ENSG00000181045.14	chr17_80288006_A_G_b38	chr17_80265733_T_C_b38	0.150870805495083
ENSG00000181045.14	chr17_80288006_A_G_b38	chr17_80221321_C_CG_b38	0.0540370410637069
ENSG00000181045.14	chr17_80220032_T_C_b38	chr17_80220032_T_C_b38	0.468074635704693
ENSG00000181045.14	chr17_80220032_T_C_b38	chr17_80186413_A_G_b38	-0.0214883558071362
ENSG00000181045.14	chr17_80220032_T_C_b38	chr17_80226104_A_G_b38	0.294436937500522
ENSG00000181045.14	chr17_80220032_T_C_b38	chr17_80170310_T_C_b38	-0.0226897380076571
ENSG00000181045.14	chr17_80220032_T_C_b38	chr17_80219453_T_C_b38	0.462807263385298
ENSG00000181045.14	chr17_80220032_T_C_b38	chr17_80190272_G_A_b38	-0.0230713409904162
ENSG00000181045.14	chr17_80220032_T_C_b38	chr17_80173296_A_G_b38	-0.0288913077930418
ENSG00000181045.14	chr17_80220032_T_C_b38	chr17_80230373_C_T_b38	-0.0227043348430632
ENSG00000181045.14	chr17_80220032_T_C_b38	chr17_80265733_T_C_b38	-0.0460300778219853
ENSG00000181045.14	chr17_80220032_T_C_b38	chr17_80172630_G_C_b38	-0.0343421831861138
ENSG00000181045.14	chr17_80220032_T_C_b38	chr17_80221321_C_CG_b38	0.415772985452371
ENSG00000181045.14	chr17_80186413_A_G_b38	chr17_80186413_A_G_b38	0.388193725149521
ENSG00000181045.14	chr17_80186413_A_G_b38	chr17_80226104_A_G_b38	-0.0734780647741763
ENSG00000181045.14	chr17_80186413_A_G_b38	chr17_80170310_T_C_b38	0.256757659817608
ENSG00000181045.14	chr17_80186413_A_G_b38	chr17_80219453_T_C_b38	-0.0274691770837793
ENSG00000181045.14	chr17_80186413_A_G_b38	chr17_80190272_G_A_b38	0.140411473784012
ENSG00000181045.14	chr17_80186413_A_G_b38	chr17_80173296_A_G_b38	0.113163654044502
ENSG00000181045.14	chr17_80186413_A_G_b38	chr17_80230373_C_T_b38	-0.0119783487634075
ENSG00000181045.14	chr17_80186413_A_G_b38	chr17_80265733_T_C_b38	-0.00796468307779675
ENSG00000181045.14	chr17_80186413_A_G_b38	chr17_80172630_G_C_b38	0.246616993576948
ENSG00000181045.14	chr17_80186413_A_G_b38	chr17_80221321_C_CG_b38	-0.0499092606750861
ENSG00000181045.14	chr17_80226104_A_G_b38	chr17_80226104_A_G_b38	0.359686877027918
ENSG00000181045.14	chr17_80226104_A_G_b38	chr17_80170310_T_C_b38	-0.0694392312889423
ENSG00000181045.14	chr17_80226104_A_G_b38	chr17_80219453_T_C_b38	0.292797921410637
ENSG00000181045.14	chr17_80226104_A_G_b38	chr17_80190272_G_A_b38	-0.0220829267072042
ENSG00000181045.14	chr17_80226104_A_G_b38	chr17_80173296_A_G_b38	-0.0316959854532107
ENSG00000181045.14	chr17_80226104_A_G_b38	chr17_80230373_C_T_b38	-0.0265099383596493
ENSG00000181045.14	chr17_80226104_A_G_b38	chr17_80265733_T_C_b38	-0.0309911668293171
ENSG00000181045.14	chr17_80226104_A_G_b38	chr17_80172630_G_C_b38	-0.088202420572363
ENSG00000181045.14	chr17_80226104_A_G_b38	chr17_80221321_C_CG_b38	0.314280217160408
ENSG00000181045.14	chr17_80170310_T_C_b38	chr17_80170310_T_C_b38	0.403160423391638
ENSG00000181045.14	chr17_80170310_T_C_b38	chr17_80219453_T_C_b38	-0.0271939043615344
ENSG00000181045.14	chr17_80170310_T_C_b38	chr17_80190272_G_A_b38	0.104065010134374
ENSG00000181045.14	chr17_80170310_T_C_b38	chr17_80173296_A_G_b38	0.135781848209594
ENSG00000181045.14	chr17_80170310_T_C_b38	chr17_80230373_C_T_b38	-0.0094775167029502
ENSG00000181045.14	chr17_80170310_T_C_b38	chr17_80265733_T_C_b38	0.0228398768861197
ENSG00000181045.14	chr17_80170310_T_C_b38	chr17_80172630_G_C_b38	0.390361084002702
ENSG00000181045.14	chr17_80170310_T_C_b38	chr17_80221321_C_CG_b38	-0.0435868264962833
ENSG00000181045.14	chr17_80219453_T_C_b38	chr17_80219453_T_C_b38	0.474805862089097
ENSG00000181045.14	chr17_80219453_T_C_b38	chr17_80190272_G_A_b38	-0.0301278682781573
ENSG00000181045.14	chr17_80219453_T_C_b38	chr17_80173296_A_G_b38	-0.0298797220762539
ENSG00000181045.14	chr17_80219453_T_C_b38	chr17_80230373_C_T_b38	-0.0203333917206749
ENSG00000181045.14	chr17_80219453_T_C_b38	chr17_80265733_T_C_b38	-0.0485636713960414
ENSG00000181045.14	chr17_80219453_T_C_b38	chr17_80172630_G_C_b38	-0.0408419454662229
ENSG00000181045.14	chr17_80219453_T_C_b38	chr17_80221321_C_CG_b38	0.417021490174541
ENSG00000181045.14	chr17_80190272_G_A_b38	chr17_80190272_G_A_b38	0.492755799114182
ENSG00000181045.14	chr17_80190272_G_A_b38	chr17_80173296_A_G_b38	-0.129519805820384
ENSG00000181045.14	chr17_80190272_G_A_b38	chr17_80230373_C_T_b38	-0.0117170883066837
ENSG00000181045.14	chr17_80190272_G_A_b38	chr17_80265733_T_C_b38	0.0132872907439381
ENSG00000181045.14	chr17_80190272_G_A_b38	chr17_80172630_G_C_b38	0.110602307134099
ENSG00000181045.14	chr17_80190272_G_A_b38	chr17_80221321_C_CG_b38	-0.0620759893938176
ENSG00000181045.14	chr17_80173296_A_G_b38	chr17_80173296_A_G_b38	0.394982025039828
ENSG00000181045.14	chr17_80173296_A_G_b38	chr17_80230373_C_T_b38	0.0030382270266663
ENSG00000181045.14	chr17_80173296_A_G_b38	chr17_80265733_T_C_b38	-0.00277131346495507
ENSG00000181045.14	chr17_80173296_A_G_b38	chr17_80172630_G_C_b38	0.160807079882225
ENSG00000181045.14	chr17_80173296_A_G_b38	chr17_80221321_C_CG_b38	-0.0487251449245683
ENSG00000181045.14	chr17_80230373_C_T_b38	chr17_80230373_C_T_b38	0.10707821401463
ENSG00000181045.14	chr17_80230373_C_T_b38	chr17_80265733_T_C_b38	-0.00969646923404148
ENSG00000181045.14	chr17_80230373_C_T_b38	chr17_80172630_G_C_b38	-0.00846824979772957
ENSG00000181045.14	chr17_80230373_C_T_b38	chr17_80221321_C_CG_b38	-0.0197334850223921
ENSG00000181045.14	chr17_80265733_T_C_b38	chr17_80265733_T_C_b38	0.47699121687561
ENSG00000181045.14	chr17_80265733_T_C_b38	chr17_80172630_G_C_b38	0.0480944874008458
ENSG00000181045.14	chr17_80265733_T_C_b38	chr17_80221321_C_CG_b38	-0.0192608517421645
ENSG00000181045.14	chr17_80172630_G_C_b38	chr17_80172630_G_C_b38	0.448669185663404
ENSG00000181045.14	chr17_80172630_G_C_b38	chr17_80221321_C_CG_b38	-0.0575525124835939
ENSG00000181523.12	chr17_80202779_C_G_b38	chr17_80202779_C_G_b38	0.492434668735245
ENSG00000181523.12	chr17_80202779_C_G_b38	chr17_80207505_C_T_b38	-0.0586980456922653
ENSG00000181523.12	chr17_80202779_C_G_b38	chr17_80196100_A_G_b38	0.111619915088123
ENSG00000181523.12	chr17_80202779_C_G_b38	chr17_80211843_G_A_b38	-0.343140321464021
ENSG00000181523.12	chr17_80202779_C_G_b38	chr17_80219235_G_A_b38	-0.0449686793617428
ENSG00000181523.12	chr17_80202779_C_G_b38	chr17_80221321_C_CG_b38	-0.257976209397743
ENSG00000181523.12	chr17_80202779_C_G_b38	chr17_80125435_C_T_b38	-0.0121788232148289
ENSG00000181523.12	chr17_80202779_C_G_b38	chr17_80220458_C_T_b38	0.284559050455004
ENSG00000181523.12	chr17_80202779_C_G_b38	chr17_80218615_G_A_b38	-0.314901700739851
ENSG00000181523.12	chr17_80202779_C_G_b38	chr17_80194019_C_T_b38	-0.040969146460476
ENSG00000181523.12	chr17_80202779_C_G_b38	chr17_80202434_T_A_b38	0.461682855639196
ENSG00000181523.12	chr17_80202779_C_G_b38	chr17_80220032_T_C_b38	-0.305009216858927
ENSG00000181523.12	chr17_80202779_C_G_b38	chr17_80245829_A_G_b38	-0.215789188332541
ENSG00000181523.12	chr17_80202779_C_G_b38	chr17_80253549_G_A_b38	-0.0344631283937642
ENSG00000181523.12	chr17_80202779_C_G_b38	chr17_80226111_C_G_b38	-0.254391562195031
ENSG00000181523.12	chr17_80202779_C_G_b38	chr17_80234405_T_C_b38	-0.252931878654422
ENSG00000181523.12	chr17_80202779_C_G_b38	chr17_80224937_C_T_b38	-0.0250690221788488
ENSG00000181523.12	chr17_80202779_C_G_b38	chr17_80220775_C_A_b38	-0.256983543110711
ENSG00000181523.12	chr17_80202779_C_G_b38	chr17_80233617_G_T_b38	-0.187502606577751
ENSG00000181523.12	chr17_80202779_C_G_b38	chr17_80201684_T_C_b38	0.492434668735245
ENSG00000181523.12	chr17_80202779_C_G_b38	chr17_80212414_C_G_b38	0.0213405733636947
ENSG00000181523.12	chr17_80202779_C_G_b38	chr17_80230094_C_T_b38	-0.226300995087123
ENSG00000181523.12	chr17_80202779_C_G_b38	chr17_80206838_A_C_b38	-0.0250690221788488
ENSG00000181523.12	chr17_80202779_C_G_b38	chr17_80202780_T_C_b38	0.492434668735245
ENSG00000181523.12	chr17_80202779_C_G_b38	chr17_80230713_T_A_b38	-0.119126859011252
ENSG00000181523.12	chr17_80202779_C_G_b38	chr17_80211757_G_A_b38	-0.351087255711533
ENSG00000181523.12	chr17_80202779_C_G_b38	chr17_80207628_C_T_b38	-0.0586980456922653
ENSG00000181523.12	chr17_80202779_C_G_b38	chr17_80202008_TC_T_b38	-0.0852121545763164
ENSG00000181523.12	chr17_80202779_C_G_b38	chr17_80194989_T_C_b38	0.00294439022762723
ENSG00000181523.12	chr17_80202779_C_G_b38	chr17_80254513_G_A_b38	-0.205627705627706
ENSG00000181523.12	chr17_80202779_C_G_b38	chr17_80279737_G_A_b38	0.086826147519789
ENSG00000181523.12	chr17_80202779_C_G_b38	chr17_80277897_C_T_b38	0.0697332532592649
ENSG00000181523.12	chr17_80202779_C_G_b38	chr17_80206444_G_A_b38	-0.0569193170349239
ENSG00000181523.12	chr17_80202779_C_G_b38	chr17_80219090_A_G_b38	-0.314901700739851
ENSG00000181523.12	chr17_80202779_C_G_b38	chr17_80211306_T_C_b38	0.0181167580011511
ENSG00000181523.12	chr17_80202779_C_G_b38	chr17_80292960_A_G_b38	0.00752779654513758
ENSG00000181523.12	chr17_80202779_C_G_b38	chr17_80214085_T_C_b38	0.0122258922836958
ENSG00000181523.12	chr17_80202779_C_G_b38	chr17_80204006_C_G_b38	-0.076374813369033
ENSG00000181523.12	chr17_80202779_C_G_b38	chr17_80157976_A_G_b38	0.000196014646881718
ENSG00000181523.12	chr17_80202779_C_G_b38	chr17_80226114_T_G_b38	-0.254391562195031
ENSG00000181523.12	chr17_80202779_C_G_b38	chr17_80226410_G_A_b38	-0.0165840902835123
ENSG00000181523.12	chr17_80207505_C_T_b38	chr17_80207505_C_T_b38	0.0862923203963667
ENSG00000181523.12	chr17_80207505_C_T_b38	chr17_80196100_A_G_b38	-0.0122488301679053
ENSG00000181523.12	chr17_80207505_C_T_b38	chr17_80211843_G_A_b38	0.0570465180291771
ENSG00000181523.12	chr17_80207505_C_T_b38	chr17_80219235_G_A_b38	0.0678502614918801
ENSG00000181523.12	chr17_80207505_C_T_b38	chr17_80221321_C_CG_b38	-0.00795320512308027
ENSG00000181523.12	chr17_80207505_C_T_b38	chr17_80125435_C_T_b38	-4.17655107775978e-06
ENSG00000181523.12	chr17_80207505_C_T_b38	chr17_80220458_C_T_b38	-0.0536058353977429
ENSG00000181523.12	chr17_80207505_C_T_b38	chr17_80218615_G_A_b38	0.0622075419763282
ENSG00000181523.12	chr17_80207505_C_T_b38	chr17_80194019_C_T_b38	0.000412881915772075
ENSG00000181523.12	chr17_80207505_C_T_b38	chr17_80202434_T_A_b38	-0.0550324772134682
ENSG00000181523.12	chr17_80207505_C_T_b38	chr17_80220032_T_C_b38	0.0579410955133497
ENSG00000181523.12	chr17_80207505_C_T_b38	chr17_80245829_A_G_b38	0.0178915496834572
ENSG00000181523.12	chr17_80207505_C_T_b38	chr17_80253549_G_A_b38	0.0447976878612715
ENSG00000181523.12	chr17_80207505_C_T_b38	chr17_80226111_C_G_b38	0.0392237819983485
ENSG00000181523.12	chr17_80207505_C_T_b38	chr17_80234405_T_C_b38	0.0541563446187723
ENSG00000181523.12	chr17_80207505_C_T_b38	chr17_80224937_C_T_b38	-0.00399119185246353
ENSG00000181523.12	chr17_80207505_C_T_b38	chr17_80220775_C_A_b38	-0.00832645196807047
ENSG00000181523.12	chr17_80207505_C_T_b38	chr17_80233617_G_T_b38	0.0648912744288469
ENSG00000181523.12	chr17_80207505_C_T_b38	chr17_80201684_T_C_b38	-0.0586980456922653
ENSG00000181523.12	chr17_80207505_C_T_b38	chr17_80212414_C_G_b38	-0.00385356454720616
ENSG00000181523.12	chr17_80207505_C_T_b38	chr17_80230094_C_T_b38	-0.0088081475364712
ENSG00000181523.12	chr17_80207505_C_T_b38	chr17_80206838_A_C_b38	-0.00399119185246353
ENSG00000181523.12	chr17_80207505_C_T_b38	chr17_80202780_T_C_b38	-0.0586980456922653
ENSG00000181523.12	chr17_80207505_C_T_b38	chr17_80230713_T_A_b38	0.0522983759977979
ENSG00000181523.12	chr17_80207505_C_T_b38	chr17_80211757_G_A_b38	0.0588356729975227
ENSG00000181523.12	chr17_80207505_C_T_b38	chr17_80207628_C_T_b38	0.0862923203963667
ENSG00000181523.12	chr17_80207505_C_T_b38	chr17_80202008_TC_T_b38	0.0823011285439033
ENSG00000181523.12	chr17_80207505_C_T_b38	chr17_80194989_T_C_b38	-0.00233966418937518
ENSG00000181523.12	chr17_80207505_C_T_b38	chr17_80254513_G_A_b38	-0.00454170107349296
ENSG00000181523.12	chr17_80207505_C_T_b38	chr17_80279737_G_A_b38	-0.0381227635562895
ENSG00000181523.12	chr17_80207505_C_T_b38	chr17_80277897_C_T_b38	-0.0270437654830718
ENSG00000181523.12	chr17_80207505_C_T_b38	chr17_80206444_G_A_b38	0.0836774015964766
ENSG00000181523.12	chr17_80207505_C_T_b38	chr17_80219090_A_G_b38	0.0607624552711259
ENSG00000181523.12	chr17_80207505_C_T_b38	chr17_80211306_T_C_b38	-0.00412881915772091
ENSG00000181523.12	chr17_80207505_C_T_b38	chr17_80292960_A_G_b38	-0.00571153316818063
ENSG00000181523.12	chr17_80207505_C_T_b38	chr17_80214085_T_C_b38	-0.00302780071566198
ENSG00000181523.12	chr17_80207505_C_T_b38	chr17_80204006_C_G_b38	-0.00137627305257362
ENSG00000181523.12	chr17_80207505_C_T_b38	chr17_80157976_A_G_b38	0.0112166253784751
ENSG00000181523.12	chr17_80207505_C_T_b38	chr17_80226114_T_G_b38	0.0392237819983485
ENSG00000181523.12	chr17_80207505_C_T_b38	chr17_80226410_G_A_b38	0.0474814203137903
ENSG00000181523.12	chr17_80196100_A_G_b38	chr17_80196100_A_G_b38	0.478534310904254
ENSG00000181523.12	chr17_80196100_A_G_b38	chr17_80211843_G_A_b38	-0.120459341557608
ENSG00000181523.12	chr17_80196100_A_G_b38	chr17_80219235_G_A_b38	-0.00712117041596809
ENSG00000181523.12	chr17_80196100_A_G_b38	chr17_80221321_C_CG_b38	-0.103747187206435
ENSG00000181523.12	chr17_80196100_A_G_b38	chr17_80125435_C_T_b38	-0.00489282969818992
ENSG00000181523.12	chr17_80196100_A_G_b38	chr17_80220458_C_T_b38	0.117479501872565
ENSG00000181523.12	chr17_80196100_A_G_b38	chr17_80218615_G_A_b38	-0.11141972991684
ENSG00000181523.12	chr17_80196100_A_G_b38	chr17_80194019_C_T_b38	0.07876660911343
ENSG00000181523.12	chr17_80196100_A_G_b38	chr17_80202434_T_A_b38	0.0888802813009448
ENSG00000181523.12	chr17_80196100_A_G_b38	chr17_80220032_T_C_b38	-0.107582847467241
ENSG00000181523.12	chr17_80196100_A_G_b38	chr17_80245829_A_G_b38	0.000216867268890418
ENSG00000181523.12	chr17_80196100_A_G_b38	chr17_80253549_G_A_b38	-0.00700648099492029
ENSG00000181523.12	chr17_80196100_A_G_b38	chr17_80226111_C_G_b38	-0.11504391562195
ENSG00000181523.12	chr17_80196100_A_G_b38	chr17_80234405_T_C_b38	-0.0533722860312453
ENSG00000181523.12	chr17_80196100_A_G_b38	chr17_80224937_C_T_b38	-0.00332390794818541
ENSG00000181523.12	chr17_80196100_A_G_b38	chr17_80220775_C_A_b38	-0.0965101051806254
ENSG00000181523.12	chr17_80196100_A_G_b38	chr17_80233617_G_T_b38	-0.0294376464896696
ENSG00000181523.12	chr17_80196100_A_G_b38	chr17_80201684_T_C_b38	0.111619915088123
ENSG00000181523.12	chr17_80196100_A_G_b38	chr17_80212414_C_G_b38	0.00785309744847318
ENSG00000181523.12	chr17_80196100_A_G_b38	chr17_80230094_C_T_b38	-0.0841319887562661
ENSG00000181523.12	chr17_80196100_A_G_b38	chr17_80206838_A_C_b38	-0.0119944281793993
ENSG00000181523.12	chr17_80196100_A_G_b38	chr17_80202780_T_C_b38	0.111619915088123
ENSG00000181523.12	chr17_80196100_A_G_b38	chr17_80230713_T_A_b38	-0.0248521549099583
ENSG00000181523.12	chr17_80196100_A_G_b38	chr17_80211757_G_A_b38	-0.129782548857693
ENSG00000181523.12	chr17_80196100_A_G_b38	chr17_80207628_C_T_b38	-0.0122488301679053
ENSG00000181523.12	chr17_80196100_A_G_b38	chr17_80202008_TC_T_b38	-0.0170178248212931
ENSG00000181523.12	chr17_80196100_A_G_b38	chr17_80194989_T_C_b38	-0.0108183402981091
ENSG00000181523.12	chr17_80196100_A_G_b38	chr17_80254513_G_A_b38	-0.073299051622751
ENSG00000181523.12	chr17_80196100_A_G_b38	chr17_80279737_G_A_b38	0.0456755832478374
ENSG00000181523.12	chr17_80196100_A_G_b38	chr17_80277897_C_T_b38	0.0232840377349048
ENSG00000181523.12	chr17_80196100_A_G_b38	chr17_80206444_G_A_b38	-0.0101260332474205
ENSG00000181523.12	chr17_80196100_A_G_b38	chr17_80219090_A_G_b38	-0.112864816622042
ENSG00000181523.12	chr17_80196100_A_G_b38	chr17_80211306_T_C_b38	0.0100655606435953
ENSG00000181523.12	chr17_80196100_A_G_b38	chr17_80292960_A_G_b38	-0.0115335852330072
ENSG00000181523.12	chr17_80196100_A_G_b38	chr17_80214085_T_C_b38	0.0127764015047252
ENSG00000181523.12	chr17_80196100_A_G_b38	chr17_80204006_C_G_b38	0.0418470418470418
ENSG00000181523.12	chr17_80196100_A_G_b38	chr17_80157976_A_G_b38	0.14174569810408
ENSG00000181523.12	chr17_80196100_A_G_b38	chr17_80226114_T_G_b38	-0.11504391562195
ENSG00000181523.12	chr17_80196100_A_G_b38	chr17_80226410_G_A_b38	-0.0229837599779796
ENSG00000181523.12	chr17_80211843_G_A_b38	chr17_80211843_G_A_b38	0.466272969163144
ENSG00000181523.12	chr17_80211843_G_A_b38	chr17_80219235_G_A_b38	0.0457006063942479
ENSG00000181523.12	chr17_80211843_G_A_b38	chr17_80221321_C_CG_b38	0.348102774734324
ENSG00000181523.12	chr17_80211843_G_A_b38	chr17_80125435_C_T_b38	0.01389120919488
ENSG00000181523.12	chr17_80211843_G_A_b38	chr17_80220458_C_T_b38	-0.375055259448323
ENSG00000181523.12	chr17_80211843_G_A_b38	chr17_80218615_G_A_b38	0.403371034873924
ENSG00000181523.12	chr17_80211843_G_A_b38	chr17_80194019_C_T_b38	-0.0422453269274079
ENSG00000181523.12	chr17_80211843_G_A_b38	chr17_80202434_T_A_b38	-0.339923127298077
ENSG00000181523.12	chr17_80211843_G_A_b38	chr17_80220032_T_C_b38	0.396425026482831
ENSG00000181523.12	chr17_80211843_G_A_b38	chr17_80245829_A_G_b38	0.187600613901192
ENSG00000181523.12	chr17_80211843_G_A_b38	chr17_80253549_G_A_b38	0.0393238745839903
ENSG00000181523.12	chr17_80211843_G_A_b38	chr17_80226111_C_G_b38	0.291869979731252
ENSG00000181523.12	chr17_80211843_G_A_b38	chr17_80234405_T_C_b38	0.31655322840294
ENSG00000181523.12	chr17_80211843_G_A_b38	chr17_80224937_C_T_b38	-0.00959429138619889
ENSG00000181523.12	chr17_80211843_G_A_b38	chr17_80220775_C_A_b38	0.347517286823645
ENSG00000181523.12	chr17_80211843_G_A_b38	chr17_80233617_G_T_b38	0.209723160590213
ENSG00000181523.12	chr17_80211843_G_A_b38	chr17_80201684_T_C_b38	-0.343140321464021
ENSG00000181523.12	chr17_80211843_G_A_b38	chr17_80212414_C_G_b38	0.0218806562737198
ENSG00000181523.12	chr17_80211843_G_A_b38	chr17_80230094_C_T_b38	0.312630850203104
ENSG00000181523.12	chr17_80211843_G_A_b38	chr17_80206838_A_C_b38	0.0207525294230497
ENSG00000181523.12	chr17_80211843_G_A_b38	chr17_80202780_T_C_b38	-0.343140321464021
ENSG00000181523.12	chr17_80211843_G_A_b38	chr17_80230713_T_A_b38	0.178075136167622
ENSG00000181523.12	chr17_80211843_G_A_b38	chr17_80211757_G_A_b38	0.454927057528214
ENSG00000181523.12	chr17_80211843_G_A_b38	chr17_80207628_C_T_b38	0.0570465180291771
ENSG00000181523.12	chr17_80211843_G_A_b38	chr17_80202008_TC_T_b38	0.0358915330013596
ENSG00000181523.12	chr17_80211843_G_A_b38	chr17_80194989_T_C_b38	-0.00328220270416802
ENSG00000181523.12	chr17_80211843_G_A_b38	chr17_80254513_G_A_b38	0.236068363235994
ENSG00000181523.12	chr17_80211843_G_A_b38	chr17_80279737_G_A_b38	-0.0430043623685242
ENSG00000181523.12	chr17_80211843_G_A_b38	chr17_80277897_C_T_b38	-0.0482446262793083
ENSG00000181523.12	chr17_80211843_G_A_b38	chr17_80206444_G_A_b38	0.0564125983201126
ENSG00000181523.12	chr17_80211843_G_A_b38	chr17_80219090_A_G_b38	0.404816121579126
ENSG00000181523.12	chr17_80211843_G_A_b38	chr17_80211306_T_C_b38	0.022514575982784
ENSG00000181523.12	chr17_80211843_G_A_b38	chr17_80292960_A_G_b38	0.0203792674890941
ENSG00000181523.12	chr17_80211843_G_A_b38	chr17_80214085_T_C_b38	0.0141985503257179
ENSG00000181523.12	chr17_80211843_G_A_b38	chr17_80204006_C_G_b38	-0.0540208025757159
ENSG00000181523.12	chr17_80211843_G_A_b38	chr17_80157976_A_G_b38	0.00280676292236986
ENSG00000181523.12	chr17_80211843_G_A_b38	chr17_80226114_T_G_b38	0.291869979731252
ENSG00000181523.12	chr17_80211843_G_A_b38	chr17_80226410_G_A_b38	-0.0377098816405175
ENSG00000181523.12	chr17_80219235_G_A_b38	chr17_80219235_G_A_b38	0.0707320938534812
ENSG00000181523.12	chr17_80219235_G_A_b38	chr17_80221321_C_CG_b38	-0.0218666086682013
ENSG00000181523.12	chr17_80219235_G_A_b38	chr17_80125435_C_T_b38	0.000565922683759699
ENSG00000181523.12	chr17_80219235_G_A_b38	chr17_80220458_C_T_b38	-0.0438134441024616
ENSG00000181523.12	chr17_80219235_G_A_b38	chr17_80218615_G_A_b38	0.0495604267280566
ENSG00000181523.12	chr17_80219235_G_A_b38	chr17_80194019_C_T_b38	-0.000281510397117322
ENSG00000181523.12	chr17_80219235_G_A_b38	chr17_80202434_T_A_b38	-0.0423097550858548
ENSG00000181523.12	chr17_80219235_G_A_b38	chr17_80220032_T_C_b38	0.047010151056394
ENSG00000181523.12	chr17_80219235_G_A_b38	chr17_80245829_A_G_b38	0.0138857609955876
ENSG00000181523.12	chr17_80219235_G_A_b38	chr17_80253549_G_A_b38	0.0473813277281484
ENSG00000181523.12	chr17_80219235_G_A_b38	chr17_80226111_C_G_b38	0.0322423241498385
ENSG00000181523.12	chr17_80219235_G_A_b38	chr17_80234405_T_C_b38	0.0436862431082086
ENSG00000181523.12	chr17_80219235_G_A_b38	chr17_80224937_C_T_b38	-0.00320504800273585
ENSG00000181523.12	chr17_80219235_G_A_b38	chr17_80220775_C_A_b38	-0.0221663371952389
ENSG00000181523.12	chr17_80219235_G_A_b38	chr17_80233617_G_T_b38	0.0520439740092917
ENSG00000181523.12	chr17_80219235_G_A_b38	chr17_80201684_T_C_b38	-0.0449686793617428
ENSG00000181523.12	chr17_80219235_G_A_b38	chr17_80212414_C_G_b38	-0.0030945291060898
ENSG00000181523.12	chr17_80219235_G_A_b38	chr17_80230094_C_T_b38	-0.0219619814995538
ENSG00000181523.12	chr17_80219235_G_A_b38	chr17_80206838_A_C_b38	-0.00320504800273585
ENSG00000181523.12	chr17_80219235_G_A_b38	chr17_80202780_T_C_b38	-0.0449686793617428
ENSG00000181523.12	chr17_80219235_G_A_b38	chr17_80230713_T_A_b38	0.057061114864583
ENSG00000181523.12	chr17_80219235_G_A_b38	chr17_80211757_G_A_b38	0.047137352050647
ENSG00000181523.12	chr17_80219235_G_A_b38	chr17_80207628_C_T_b38	0.0678502614918801
ENSG00000181523.12	chr17_80219235_G_A_b38	chr17_80202008_TC_T_b38	0.0632001267839416
ENSG00000181523.12	chr17_80219235_G_A_b38	chr17_80194989_T_C_b38	-0.00187882124298308
ENSG00000181523.12	chr17_80219235_G_A_b38	chr17_80254513_G_A_b38	-0.0197182393714186
ENSG00000181523.12	chr17_80219235_G_A_b38	chr17_80279737_G_A_b38	-0.026979122354845
ENSG00000181523.12	chr17_80219235_G_A_b38	chr17_80277897_C_T_b38	-0.0188486850336561
ENSG00000181523.12	chr17_80219235_G_A_b38	chr17_80206444_G_A_b38	0.0651811258747676
ENSG00000181523.12	chr17_80219235_G_A_b38	chr17_80219090_A_G_b38	0.0495604267280566
ENSG00000181523.12	chr17_80219235_G_A_b38	chr17_80211306_T_C_b38	-0.00331556689938191
ENSG00000181523.12	chr17_80219235_G_A_b38	chr17_80292960_A_G_b38	-0.00386399085821046
ENSG00000181523.12	chr17_80219235_G_A_b38	chr17_80214085_T_C_b38	-0.00243141572621341
ENSG00000181523.12	chr17_80219235_G_A_b38	chr17_80204006_C_G_b38	-0.00171825605351617
ENSG00000181523.12	chr17_80219235_G_A_b38	chr17_80157976_A_G_b38	0.0042122296457557
ENSG00000181523.12	chr17_80219235_G_A_b38	chr17_80226114_T_G_b38	0.0322423241498385
ENSG00000181523.12	chr17_80219235_G_A_b38	chr17_80226410_G_A_b38	0.0546380401871733
ENSG00000181523.12	chr17_80221321_C_CG_b38	chr17_80125435_C_T_b38	0.0194897763100224
ENSG00000181523.12	chr17_80221321_C_CG_b38	chr17_80220458_C_T_b38	-0.395472758755548
ENSG00000181523.12	chr17_80221321_C_CG_b38	chr17_80218615_G_A_b38	0.403402959603967
ENSG00000181523.12	chr17_80221321_C_CG_b38	chr17_80194019_C_T_b38	-0.0320282241539431
ENSG00000181523.12	chr17_80221321_C_CG_b38	chr17_80202434_T_A_b38	-0.246375781051976
ENSG00000181523.12	chr17_80221321_C_CG_b38	chr17_80220032_T_C_b38	0.415772985452371
ENSG00000181523.12	chr17_80221321_C_CG_b38	chr17_80245829_A_G_b38	0.165020118282603
ENSG00000181523.12	chr17_80221321_C_CG_b38	chr17_80253549_G_A_b38	-0.0130747931708094
ENSG00000181523.12	chr17_80221321_C_CG_b38	chr17_80226111_C_G_b38	0.325953840876062
ENSG00000181523.12	chr17_80221321_C_CG_b38	chr17_80234405_T_C_b38	0.336368503383096
ENSG00000181523.12	chr17_80221321_C_CG_b38	chr17_80224937_C_T_b38	-0.00820206954830038
ENSG00000181523.12	chr17_80221321_C_CG_b38	chr17_80220775_C_A_b38	0.438570221593534
ENSG00000181523.12	chr17_80221321_C_CG_b38	chr17_80233617_G_T_b38	0.210361543544884
ENSG00000181523.12	chr17_80221321_C_CG_b38	chr17_80201684_T_C_b38	-0.257976209397743
ENSG00000181523.12	chr17_80221321_C_CG_b38	chr17_80212414_C_G_b38	0.0129597717974951
ENSG00000181523.12	chr17_80221321_C_CG_b38	chr17_80230094_C_T_b38	0.405379235923207
ENSG00000181523.12	chr17_80221321_C_CG_b38	chr17_80206838_A_C_b38	0.0279250980817574
ENSG00000181523.12	chr17_80221321_C_CG_b38	chr17_80202780_T_C_b38	-0.257976209397743
ENSG00000181523.12	chr17_80221321_C_CG_b38	chr17_80230713_T_A_b38	0.132262031234799
ENSG00000181523.12	chr17_80221321_C_CG_b38	chr17_80211757_G_A_b38	0.337079544599608
ENSG00000181523.12	chr17_80221321_C_CG_b38	chr17_80207628_C_T_b38	-0.00795320512308027
ENSG00000181523.12	chr17_80221321_C_CG_b38	chr17_80254513_G_A_b38	0.313974887695684
ENSG00000181523.12	chr17_80221321_C_CG_b38	chr17_80279737_G_A_b38	-0.0116715324201044
ENSG00000181523.12	chr17_80221321_C_CG_b38	chr17_80277897_C_T_b38	-0.0409747956811112
ENSG00000181523.12	chr17_80221321_C_CG_b38	chr17_80206444_G_A_b38	-0.00609195017715401
ENSG00000181523.12	chr17_80221321_C_CG_b38	chr17_80219090_A_G_b38	0.404848046309169
ENSG00000181523.12	chr17_80221321_C_CG_b38	chr17_80211306_T_C_b38	0.0110985168515688
ENSG00000181523.12	chr17_80221321_C_CG_b38	chr17_80292960_A_G_b38	0.00978936449630809
ENSG00000181523.12	chr17_80221321_C_CG_b38	chr17_80214085_T_C_b38	0.0127631898144646
ENSG00000181523.12	chr17_80221321_C_CG_b38	chr17_80204006_C_G_b38	-0.0470165547128684
ENSG00000181523.12	chr17_80221321_C_CG_b38	chr17_80157976_A_G_b38	-0.018188016027639
ENSG00000181523.12	chr17_80221321_C_CG_b38	chr17_80226114_T_G_b38	0.325953840876062
ENSG00000181523.12	chr17_80221321_C_CG_b38	chr17_80226410_G_A_b38	-0.0953966355212229
ENSG00000181523.12	chr17_80125435_C_T_b38	chr17_80125435_C_T_b38	0.0323160646864246
ENSG00000181523.12	chr17_80125435_C_T_b38	chr17_80220458_C_T_b38	-0.0180510541613063
ENSG00000181523.12	chr17_80125435_C_T_b38	chr17_80218615_G_A_b38	0.020331451100656
ENSG00000181523.12	chr17_80125435_C_T_b38	chr17_80194019_C_T_b38	-0.00206321627939148
ENSG00000181523.12	chr17_80125435_C_T_b38	chr17_80202434_T_A_b38	-0.0119927298751726
ENSG00000181523.12	chr17_80125435_C_T_b38	chr17_80220032_T_C_b38	0.0184478265225018
ENSG00000181523.12	chr17_80125435_C_T_b38	chr17_80224937_C_T_b38	0.000173326873641868
ENSG00000181523.12	chr17_80125435_C_T_b38	chr17_80220775_C_A_b38	0.0193708443312396
ENSG00000181523.12	chr17_80125435_C_T_b38	chr17_80201684_T_C_b38	-0.0121788232148289
ENSG00000181523.12	chr17_80125435_C_T_b38	chr17_80212414_C_G_b38	-0.00122790604426525
ENSG00000181523.12	chr17_80125435_C_T_b38	chr17_80206838_A_C_b38	0.00017332687364187
ENSG00000181523.12	chr17_80125435_C_T_b38	chr17_80202780_T_C_b38	-0.0121788232148289
ENSG00000181523.12	chr17_80125435_C_T_b38	chr17_80211757_G_A_b38	0.0144174546434011
ENSG00000181523.12	chr17_80125435_C_T_b38	chr17_80207628_C_T_b38	-4.17655107775978e-06
ENSG00000181523.12	chr17_80125435_C_T_b38	chr17_80202008_TC_T_b38	0.000169150322564109
ENSG00000181523.12	chr17_80125435_C_T_b38	chr17_80194989_T_C_b38	-0.000745514384018187
ENSG00000181523.12	chr17_80125435_C_T_b38	chr17_80206444_G_A_b38	8.35310235126201e-05
ENSG00000181523.12	chr17_80125435_C_T_b38	chr17_80219090_A_G_b38	0.020331451100656
ENSG00000181523.12	chr17_80125435_C_T_b38	chr17_80211306_T_C_b38	-0.00131561361885563
ENSG00000181523.12	chr17_80125435_C_T_b38	chr17_80214085_T_C_b38	-0.000964783320494127
ENSG00000181523.12	chr17_80125435_C_T_b38	chr17_80204006_C_G_b38	-0.00263331551422893
ENSG00000181523.12	chr17_80125435_C_T_b38	chr17_80157976_A_G_b38	-0.00715860870680993
ENSG00000181523.12	chr17_80220458_C_T_b38	chr17_80220458_C_T_b38	0.477445804035399
ENSG00000181523.12	chr17_80220458_C_T_b38	chr17_80218615_G_A_b38	-0.431050805328261
ENSG00000181523.12	chr17_80220458_C_T_b38	chr17_80194019_C_T_b38	0.031360258238871
ENSG00000181523.12	chr17_80220458_C_T_b38	chr17_80202434_T_A_b38	0.269471425969623
ENSG00000181523.12	chr17_80220458_C_T_b38	chr17_80220032_T_C_b38	-0.441362426911559
ENSG00000181523.12	chr17_80220458_C_T_b38	chr17_80245829_A_G_b38	-0.151594391478785
ENSG00000181523.12	chr17_80220458_C_T_b38	chr17_80253549_G_A_b38	-0.0303030303030304
ENSG00000181523.12	chr17_80220458_C_T_b38	chr17_80226111_C_G_b38	-0.325031904511673
ENSG00000181523.12	chr17_80220458_C_T_b38	chr17_80234405_T_C_b38	-0.358458657591606
ENSG00000181523.12	chr17_80220458_C_T_b38	chr17_80224937_C_T_b38	0.00983618180149974
ENSG00000181523.12	chr17_80220458_C_T_b38	chr17_80220775_C_A_b38	-0.392905103887762
ENSG00000181523.12	chr17_80220458_C_T_b38	chr17_80233617_G_T_b38	-0.247024330839359
ENSG00000181523.12	chr17_80220458_C_T_b38	chr17_80201684_T_C_b38	0.284559050455004
ENSG00000181523.12	chr17_80220458_C_T_b38	chr17_80212414_C_G_b38	-0.00864132656040171
ENSG00000181523.12	chr17_80220458_C_T_b38	chr17_80230094_C_T_b38	-0.364032563454528
ENSG00000181523.12	chr17_80220458_C_T_b38	chr17_80206838_A_C_b38	-0.0234008124181535
ENSG00000181523.12	chr17_80220458_C_T_b38	chr17_80202780_T_C_b38	0.284559050455004
ENSG00000181523.12	chr17_80220458_C_T_b38	chr17_80230713_T_A_b38	-0.177610122696828
ENSG00000181523.12	chr17_80220458_C_T_b38	chr17_80211757_G_A_b38	-0.36381778144784
ENSG00000181523.12	chr17_80220458_C_T_b38	chr17_80207628_C_T_b38	-0.0536058353977429
ENSG00000181523.12	chr17_80220458_C_T_b38	chr17_80202008_TC_T_b38	-0.0365442200702315
ENSG00000181523.12	chr17_80220458_C_T_b38	chr17_80194989_T_C_b38	0.00486908723902942
ENSG00000181523.12	chr17_80220458_C_T_b38	chr17_80254513_G_A_b38	-0.274197382578885
ENSG00000181523.12	chr17_80220458_C_T_b38	chr17_80279737_G_A_b38	0.0419867544145001
ENSG00000181523.12	chr17_80220458_C_T_b38	chr17_80277897_C_T_b38	0.0517666341365763
ENSG00000181523.12	chr17_80220458_C_T_b38	chr17_80206444_G_A_b38	-0.0529885977862855
ENSG00000181523.12	chr17_80220458_C_T_b38	chr17_80219090_A_G_b38	-0.433940978738666
ENSG00000181523.12	chr17_80220458_C_T_b38	chr17_80211306_T_C_b38	-0.009258564171859
ENSG00000181523.12	chr17_80220458_C_T_b38	chr17_80292960_A_G_b38	0.00453336002468947
ENSG00000181523.12	chr17_80220458_C_T_b38	chr17_80214085_T_C_b38	-0.0125699605468392
ENSG00000181523.12	chr17_80220458_C_T_b38	chr17_80204006_C_G_b38	0.0446892542268265
ENSG00000181523.12	chr17_80220458_C_T_b38	chr17_80157976_A_G_b38	0.0216054016632051
ENSG00000181523.12	chr17_80220458_C_T_b38	chr17_80226114_T_G_b38	-0.325031904511673
ENSG00000181523.12	chr17_80220458_C_T_b38	chr17_80226410_G_A_b38	0.0514726121662539
ENSG00000181523.12	chr17_80218615_G_A_b38	chr17_80218615_G_A_b38	0.462832286531708
ENSG00000181523.12	chr17_80218615_G_A_b38	chr17_80194019_C_T_b38	-0.0326927407852263
ENSG00000181523.12	chr17_80218615_G_A_b38	chr17_80202434_T_A_b38	-0.301129253279371
ENSG00000181523.12	chr17_80218615_G_A_b38	chr17_80220032_T_C_b38	0.453997030586625
ENSG00000181523.12	chr17_80218615_G_A_b38	chr17_80245829_A_G_b38	0.177478751178174
ENSG00000181523.12	chr17_80218615_G_A_b38	chr17_80253549_G_A_b38	0.0348572429497285
ENSG00000181523.12	chr17_80218615_G_A_b38	chr17_80226111_C_G_b38	0.354909541325726
ENSG00000181523.12	chr17_80218615_G_A_b38	chr17_80234405_T_C_b38	0.36715628623143
ENSG00000181523.12	chr17_80218615_G_A_b38	chr17_80224937_C_T_b38	-0.00669160640258905
ENSG00000181523.12	chr17_80218615_G_A_b38	chr17_80220775_C_A_b38	0.40112937800799
ENSG00000181523.12	chr17_80218615_G_A_b38	chr17_80233617_G_T_b38	0.246213163843222
ENSG00000181523.12	chr17_80218615_G_A_b38	chr17_80201684_T_C_b38	-0.314901700739851
ENSG00000181523.12	chr17_80218615_G_A_b38	chr17_80212414_C_G_b38	0.0116774683248672
ENSG00000181523.12	chr17_80218615_G_A_b38	chr17_80230094_C_T_b38	0.369220695810292
ENSG00000181523.12	chr17_80218615_G_A_b38	chr17_80206838_A_C_b38	0.0251003011118618
ENSG00000181523.12	chr17_80218615_G_A_b38	chr17_80202780_T_C_b38	-0.314901700739851
ENSG00000181523.12	chr17_80218615_G_A_b38	chr17_80230713_T_A_b38	0.196661078163969
ENSG00000181523.12	chr17_80218615_G_A_b38	chr17_80211757_G_A_b38	0.393614093036059
ENSG00000181523.12	chr17_80218615_G_A_b38	chr17_80207628_C_T_b38	0.0622075419763282
ENSG00000181523.12	chr17_80218615_G_A_b38	chr17_80202008_TC_T_b38	0.0497355887529296
ENSG00000181523.12	chr17_80218615_G_A_b38	chr17_80194989_T_C_b38	-0.00302571545346112
ENSG00000181523.12	chr17_80218615_G_A_b38	chr17_80254513_G_A_b38	0.278520131121287
ENSG00000181523.12	chr17_80218615_G_A_b38	chr17_80279737_G_A_b38	-0.0479902242908023
ENSG00000181523.12	chr17_80218615_G_A_b38	chr17_80277897_C_T_b38	-0.0724545204313989
ENSG00000181523.12	chr17_80218615_G_A_b38	chr17_80206444_G_A_b38	0.0613734370959803
ENSG00000181523.12	chr17_80218615_G_A_b38	chr17_80219090_A_G_b38	0.462832286531708
ENSG00000181523.12	chr17_80218615_G_A_b38	chr17_80211306_T_C_b38	0.0125115732052148
ENSG00000181523.12	chr17_80218615_G_A_b38	chr17_80292960_A_G_b38	0.0100822427412024
ENSG00000181523.12	chr17_80218615_G_A_b38	chr17_80214085_T_C_b38	0.0149555005046335
ENSG00000181523.12	chr17_80218615_G_A_b38	chr17_80204006_C_G_b38	-0.0460571862305967
ENSG00000181523.12	chr17_80218615_G_A_b38	chr17_80157976_A_G_b38	-0.00482529673281118
ENSG00000181523.12	chr17_80218615_G_A_b38	chr17_80226114_T_G_b38	0.354909541325726
ENSG00000181523.12	chr17_80218615_G_A_b38	chr17_80226410_G_A_b38	-0.0300715661987339
ENSG00000181523.12	chr17_80194019_C_T_b38	chr17_80194019_C_T_b38	0.114931311463103
ENSG00000181523.12	chr17_80194019_C_T_b38	chr17_80202434_T_A_b38	-0.0360526786280255
ENSG00000181523.12	chr17_80194019_C_T_b38	chr17_80220032_T_C_b38	-0.0343818031679303
ENSG00000181523.12	chr17_80194019_C_T_b38	chr17_80245829_A_G_b38	0.0147323774491404
ENSG00000181523.12	chr17_80194019_C_T_b38	chr17_80253549_G_A_b38	0.000131371518654767
ENSG00000181523.12	chr17_80194019_C_T_b38	chr17_80226111_C_G_b38	-0.0246415434276706
ENSG00000181523.12	chr17_80194019_C_T_b38	chr17_80234405_T_C_b38	-0.0112416485248855
ENSG00000181523.12	chr17_80194019_C_T_b38	chr17_80224937_C_T_b38	0.00810749943697919
ENSG00000181523.12	chr17_80194019_C_T_b38	chr17_80220775_C_A_b38	-0.0324862998273403
ENSG00000181523.12	chr17_80194019_C_T_b38	chr17_80233617_G_T_b38	-0.000431649275579909
ENSG00000181523.12	chr17_80194019_C_T_b38	chr17_80201684_T_C_b38	-0.040969146460476
ENSG00000181523.12	chr17_80194019_C_T_b38	chr17_80212414_C_G_b38	-0.00328428796636889
ENSG00000181523.12	chr17_80194019_C_T_b38	chr17_80230094_C_T_b38	-0.0263118384505668
ENSG00000181523.12	chr17_80194019_C_T_b38	chr17_80206838_A_C_b38	-0.00200810749943698
ENSG00000181523.12	chr17_80194019_C_T_b38	chr17_80202780_T_C_b38	-0.040969146460476
ENSG00000181523.12	chr17_80194019_C_T_b38	chr17_80230713_T_A_b38	-0.0141130545754823
ENSG00000181523.12	chr17_80194019_C_T_b38	chr17_80211757_G_A_b38	-0.041494632535095
ENSG00000181523.12	chr17_80194019_C_T_b38	chr17_80207628_C_T_b38	0.000412881915772075
ENSG00000181523.12	chr17_80194019_C_T_b38	chr17_80202008_TC_T_b38	-0.000150138878462595
ENSG00000181523.12	chr17_80194019_C_T_b38	chr17_80194989_T_C_b38	-0.00142631934539449
ENSG00000181523.12	chr17_80194019_C_T_b38	chr17_80254513_G_A_b38	-0.0100405374971849
ENSG00000181523.12	chr17_80194019_C_T_b38	chr17_80279737_G_A_b38	-0.011185346445462
ENSG00000181523.12	chr17_80194019_C_T_b38	chr17_80277897_C_T_b38	-0.00159522558366489
ENSG00000181523.12	chr17_80194019_C_T_b38	chr17_80206444_G_A_b38	0.000750694392312867
ENSG00000181523.12	chr17_80194019_C_T_b38	chr17_80219090_A_G_b38	-0.0326927407852263
ENSG00000181523.12	chr17_80194019_C_T_b38	chr17_80211306_T_C_b38	-0.00362210044290971
ENSG00000181523.12	chr17_80194019_C_T_b38	chr17_80292960_A_G_b38	-0.0149575857668344
ENSG00000181523.12	chr17_80194019_C_T_b38	chr17_80214085_T_C_b38	-0.00227085053674649
ENSG00000181523.12	chr17_80194019_C_T_b38	chr17_80204006_C_G_b38	0.0780534494407324
ENSG00000181523.12	chr17_80194019_C_T_b38	chr17_80157976_A_G_b38	-0.0120486449966219
ENSG00000181523.12	chr17_80194019_C_T_b38	chr17_80226114_T_G_b38	-0.0246415434276706
ENSG00000181523.12	chr17_80194019_C_T_b38	chr17_80226410_G_A_b38	0.00743187448389758
ENSG00000181523.12	chr17_80202434_T_A_b38	chr17_80202434_T_A_b38	0.481794887074669
ENSG00000181523.12	chr17_80202434_T_A_b38	chr17_80220032_T_C_b38	-0.288927954186866
ENSG00000181523.12	chr17_80202434_T_A_b38	chr17_80245829_A_G_b38	-0.217999523247493
ENSG00000181523.12	chr17_80202434_T_A_b38	chr17_80253549_G_A_b38	-0.0339222930634078
ENSG00000181523.12	chr17_80202434_T_A_b38	chr17_80226111_C_G_b38	-0.228681246622324
ENSG00000181523.12	chr17_80202434_T_A_b38	chr17_80234405_T_C_b38	-0.235534235101632
ENSG00000181523.12	chr17_80202434_T_A_b38	chr17_80224937_C_T_b38	-0.0256242178632366
ENSG00000181523.12	chr17_80202434_T_A_b38	chr17_80220775_C_A_b38	-0.245173112401028
ENSG00000181523.12	chr17_80202434_T_A_b38	chr17_80233617_G_T_b38	-0.17415529463938
ENSG00000181523.12	chr17_80202434_T_A_b38	chr17_80201684_T_C_b38	0.461682855639196
ENSG00000181523.12	chr17_80202434_T_A_b38	chr17_80212414_C_G_b38	0.00914724986823391
ENSG00000181523.12	chr17_80202434_T_A_b38	chr17_80230094_C_T_b38	-0.213768547711763
ENSG00000181523.12	chr17_80202434_T_A_b38	chr17_80206838_A_C_b38	-0.0228234312646672
ENSG00000181523.12	chr17_80202434_T_A_b38	chr17_80202780_T_C_b38	0.461682855639196
ENSG00000181523.12	chr17_80202434_T_A_b38	chr17_80230713_T_A_b38	-0.118839759196265
ENSG00000181523.12	chr17_80202434_T_A_b38	chr17_80211757_G_A_b38	-0.339923127365939
ENSG00000181523.12	chr17_80202434_T_A_b38	chr17_80207628_C_T_b38	-0.0550324772134682
ENSG00000181523.12	chr17_80202434_T_A_b38	chr17_80202008_TC_T_b38	-0.0778559084781353
ENSG00000181523.12	chr17_80202434_T_A_b38	chr17_80194989_T_C_b38	0.00426077110835437
ENSG00000181523.12	chr17_80202434_T_A_b38	chr17_80254513_G_A_b38	-0.189529825371939
ENSG00000181523.12	chr17_80202434_T_A_b38	chr17_80279737_G_A_b38	0.0748465526832718
ENSG00000181523.12	chr17_80202434_T_A_b38	chr17_80277897_C_T_b38	0.0577587748100053
ENSG00000181523.12	chr17_80202434_T_A_b38	chr17_80206444_G_A_b38	-0.0534086168950357
ENSG00000181523.12	chr17_80202434_T_A_b38	chr17_80219090_A_G_b38	-0.301039866467536
ENSG00000181523.12	chr17_80202434_T_A_b38	chr17_80211306_T_C_b38	0.00607830284459928
ENSG00000181523.12	chr17_80202434_T_A_b38	chr17_80292960_A_G_b38	-0.000283058193106224
ENSG00000181523.12	chr17_80202434_T_A_b38	chr17_80214085_T_C_b38	0.0110392706012909
ENSG00000181523.12	chr17_80202434_T_A_b38	chr17_80204006_C_G_b38	-0.0732524879322429
ENSG00000181523.12	chr17_80202434_T_A_b38	chr17_80157976_A_G_b38	-0.0057505512273046
ENSG00000181523.12	chr17_80202434_T_A_b38	chr17_80226114_T_G_b38	-0.228681246622324
ENSG00000181523.12	chr17_80202434_T_A_b38	chr17_80226410_G_A_b38	-0.0018324295564883
ENSG00000181523.12	chr17_80220032_T_C_b38	chr17_80220032_T_C_b38	0.468074635704693
ENSG00000181523.12	chr17_80220032_T_C_b38	chr17_80245829_A_G_b38	0.180671287607704
ENSG00000181523.12	chr17_80220032_T_C_b38	chr17_80253549_G_A_b38	0.0339814328253634
ENSG00000181523.12	chr17_80220032_T_C_b38	chr17_80226111_C_G_b38	0.360502214548456
ENSG00000181523.12	chr17_80220032_T_C_b38	chr17_80234405_T_C_b38	0.379434310070148
ENSG00000181523.12	chr17_80220032_T_C_b38	chr17_80224937_C_T_b38	-0.00874141914604343
ENSG00000181523.12	chr17_80220032_T_C_b38	chr17_80220775_C_A_b38	0.413442851304124
ENSG00000181523.12	chr17_80220032_T_C_b38	chr17_80233617_G_T_b38	0.258541233974759
ENSG00000181523.12	chr17_80220032_T_C_b38	chr17_80201684_T_C_b38	-0.305009216858927
ENSG00000181523.12	chr17_80220032_T_C_b38	chr17_80212414_C_G_b38	0.0110935949086238
ENSG00000181523.12	chr17_80220032_T_C_b38	chr17_80230094_C_T_b38	0.382118042522666
ENSG00000181523.12	chr17_80220032_T_C_b38	chr17_80206838_A_C_b38	0.0244955750736098
ENSG00000181523.12	chr17_80220032_T_C_b38	chr17_80202780_T_C_b38	-0.305009216858927
ENSG00000181523.12	chr17_80220032_T_C_b38	chr17_80230713_T_A_b38	0.19333091442918
ENSG00000181523.12	chr17_80220032_T_C_b38	chr17_80211757_G_A_b38	0.385494082025873
ENSG00000181523.12	chr17_80220032_T_C_b38	chr17_80207628_C_T_b38	0.0579410955133497
ENSG00000181523.12	chr17_80220032_T_C_b38	chr17_80202008_TC_T_b38	0.0448644162516996
ENSG00000181523.12	chr17_80220032_T_C_b38	chr17_80194989_T_C_b38	-0.00338021002760888
ENSG00000181523.12	chr17_80220032_T_C_b38	chr17_80254513_G_A_b38	0.290750193929384
ENSG00000181523.12	chr17_80220032_T_C_b38	chr17_80279737_G_A_b38	-0.0353305974693258
ENSG00000181523.12	chr17_80220032_T_C_b38	chr17_80277897_C_T_b38	-0.0588606961439333
ENSG00000181523.12	chr17_80220032_T_C_b38	chr17_80206444_G_A_b38	0.0571486958770196
ENSG00000181523.12	chr17_80220032_T_C_b38	chr17_80219090_A_G_b38	0.45688720399703
ENSG00000181523.12	chr17_80220032_T_C_b38	chr17_80211306_T_C_b38	0.0118859945449541
ENSG00000181523.12	chr17_80220032_T_C_b38	chr17_80292960_A_G_b38	0.00632668551743689
ENSG00000181523.12	chr17_80220032_T_C_b38	chr17_80214085_T_C_b38	0.0144967428204423
ENSG00000181523.12	chr17_80220032_T_C_b38	chr17_80204006_C_G_b38	-0.0480173326994136
ENSG00000181523.12	chr17_80220032_T_C_b38	chr17_80157976_A_G_b38	-0.00877478334125735
ENSG00000181523.12	chr17_80220032_T_C_b38	chr17_80226114_T_G_b38	0.360502214548456
ENSG00000181523.12	chr17_80220032_T_C_b38	chr17_80226410_G_A_b38	-0.0370217451142307
ENSG00000181523.12	chr17_80245829_A_G_b38	chr17_80245829_A_G_b38	0.388651168997989
ENSG00000181523.12	chr17_80245829_A_G_b38	chr17_80253549_G_A_b38	0.0171658784375548
ENSG00000181523.12	chr17_80245829_A_G_b38	chr17_80226111_C_G_b38	0.259665190301029
ENSG00000181523.12	chr17_80245829_A_G_b38	chr17_80234405_T_C_b38	0.20791940878646
ENSG00000181523.12	chr17_80245829_A_G_b38	chr17_80224937_C_T_b38	0.0146051764548874
ENSG00000181523.12	chr17_80245829_A_G_b38	chr17_80220775_C_A_b38	0.1645876602524
ENSG00000181523.12	chr17_80245829_A_G_b38	chr17_80233617_G_T_b38	0.153800598887304
ENSG00000181523.12	chr17_80245829_A_G_b38	chr17_80201684_T_C_b38	-0.215789188332541
ENSG00000181523.12	chr17_80245829_A_G_b38	chr17_80212414_C_G_b38	0.00373678986395753
ENSG00000181523.12	chr17_80245829_A_G_b38	chr17_80230094_C_T_b38	0.157960696978038
ENSG00000181523.12	chr17_80245829_A_G_b38	chr17_80206838_A_C_b38	0.0117150030444828
ENSG00000181523.12	chr17_80245829_A_G_b38	chr17_80202780_T_C_b38	-0.215789188332541
ENSG00000181523.12	chr17_80245829_A_G_b38	chr17_80230713_T_A_b38	0.0856813385715119
ENSG00000181523.12	chr17_80245829_A_G_b38	chr17_80211757_G_A_b38	0.18214973850812
ENSG00000181523.12	chr17_80245829_A_G_b38	chr17_80207628_C_T_b38	0.0178915496834572
ENSG00000181523.12	chr17_80245829_A_G_b38	chr17_80202008_TC_T_b38	0.02960655272794
ENSG00000181523.12	chr17_80245829_A_G_b38	chr17_80194989_T_C_b38	0.00701690730592464
ENSG00000181523.12	chr17_80245829_A_G_b38	chr17_80254513_G_A_b38	0.16470860546005
ENSG00000181523.12	chr17_80245829_A_G_b38	chr17_80279737_G_A_b38	0.00209151798747177
ENSG00000181523.12	chr17_80245829_A_G_b38	chr17_80277897_C_T_b38	-0.0365463053324326
ENSG00000181523.12	chr17_80245829_A_G_b38	chr17_80206444_G_A_b38	0.017831077079632
ENSG00000181523.12	chr17_80245829_A_G_b38	chr17_80219090_A_G_b38	0.178923837883376
ENSG00000181523.12	chr17_80245829_A_G_b38	chr17_80211306_T_C_b38	0.00524234917298505
ENSG00000181523.12	chr17_80245829_A_G_b38	chr17_80292960_A_G_b38	0.0160669452576966
ENSG00000181523.12	chr17_80245829_A_G_b38	chr17_80214085_T_C_b38	0.00500045875768419
ENSG00000181523.12	chr17_80245829_A_G_b38	chr17_80204006_C_G_b38	0.0288537730734263
ENSG00000181523.12	chr17_80245829_A_G_b38	chr17_80157976_A_G_b38	0.0301487209001659
ENSG00000181523.12	chr17_80245829_A_G_b38	chr17_80226114_T_G_b38	0.259665190301029
ENSG00000181523.12	chr17_80245829_A_G_b38	chr17_80226410_G_A_b38	0.0946875860170656
ENSG00000181523.12	chr17_80253549_G_A_b38	chr17_80253549_G_A_b38	0.0599054125065683
ENSG00000181523.12	chr17_80253549_G_A_b38	chr17_80226111_C_G_b38	0.0194429847609039
ENSG00000181523.12	chr17_80253549_G_A_b38	chr17_80234405_T_C_b38	0.0339376423191453
ENSG00000181523.12	chr17_80253549_G_A_b38	chr17_80224937_C_T_b38	-0.0025398493606586
ENSG00000181523.12	chr17_80253549_G_A_b38	chr17_80220775_C_A_b38	-0.0133123138903486
ENSG00000181523.12	chr17_80253549_G_A_b38	chr17_80233617_G_T_b38	0.0390611315466806
ENSG00000181523.12	chr17_80253549_G_A_b38	chr17_80201684_T_C_b38	-0.0344631283937642
ENSG00000181523.12	chr17_80253549_G_A_b38	chr17_80212414_C_G_b38	-0.0010071816430198
ENSG00000181523.12	chr17_80253549_G_A_b38	chr17_80230094_C_T_b38	-0.0137502189525311
ENSG00000181523.12	chr17_80253549_G_A_b38	chr17_80206838_A_C_b38	-0.0025398493606586
ENSG00000181523.12	chr17_80253549_G_A_b38	chr17_80202780_T_C_b38	-0.0344631283937642
ENSG00000181523.12	chr17_80253549_G_A_b38	chr17_80230713_T_A_b38	0.0435277631809423
ENSG00000181523.12	chr17_80253549_G_A_b38	chr17_80211757_G_A_b38	0.0375722543352602
ENSG00000181523.12	chr17_80253549_G_A_b38	chr17_80207628_C_T_b38	0.0447976878612715
ENSG00000181523.12	chr17_80253549_G_A_b38	chr17_80202008_TC_T_b38	0.0422578385006129
ENSG00000181523.12	chr17_80253549_G_A_b38	chr17_80194989_T_C_b38	-0.00148887721142056
ENSG00000181523.12	chr17_80253549_G_A_b38	chr17_80254513_G_A_b38	-0.0136626379400946
ENSG00000181523.12	chr17_80253549_G_A_b38	chr17_80279737_G_A_b38	-0.0297775442284113
ENSG00000181523.12	chr17_80253549_G_A_b38	chr17_80277897_C_T_b38	-0.0131371518654756
ENSG00000181523.12	chr17_80253549_G_A_b38	chr17_80206444_G_A_b38	0.0420826764757403
ENSG00000181523.12	chr17_80253549_G_A_b38	chr17_80219090_A_G_b38	0.0348572429497285
ENSG00000181523.12	chr17_80253549_G_A_b38	chr17_80211306_T_C_b38	-0.0011823436678928
ENSG00000181523.12	chr17_80253549_G_A_b38	chr17_80292960_A_G_b38	-0.00363461201611497
ENSG00000181523.12	chr17_80253549_G_A_b38	chr17_80214085_T_C_b38	-0.00192678227360308
ENSG00000181523.12	chr17_80253549_G_A_b38	chr17_80204006_C_G_b38	-0.00245226834822211
ENSG00000181523.12	chr17_80253549_G_A_b38	chr17_80157976_A_G_b38	-0.00705027150113856
ENSG00000181523.12	chr17_80253549_G_A_b38	chr17_80226114_T_G_b38	0.0194429847609039
ENSG00000181523.12	chr17_80253549_G_A_b38	chr17_80226410_G_A_b38	0.0332369942196533
ENSG00000181523.12	chr17_80226111_C_G_b38	chr17_80226111_C_G_b38	0.51861722092936
ENSG00000181523.12	chr17_80226111_C_G_b38	chr17_80234405_T_C_b38	0.280703400645598
ENSG00000181523.12	chr17_80226111_C_G_b38	chr17_80224937_C_T_b38	0.0254673072592148
ENSG00000181523.12	chr17_80226111_C_G_b38	chr17_80220775_C_A_b38	0.323943397642819
ENSG00000181523.12	chr17_80226111_C_G_b38	chr17_80233617_G_T_b38	0.179303355603934
ENSG00000181523.12	chr17_80226111_C_G_b38	chr17_80201684_T_C_b38	-0.254391562195031
ENSG00000181523.12	chr17_80226111_C_G_b38	chr17_80212414_C_G_b38	0.00380977404098792
ENSG00000181523.12	chr17_80226111_C_G_b38	chr17_80230094_C_T_b38	0.310018016665415
ENSG00000181523.12	chr17_80226111_C_G_b38	chr17_80206838_A_C_b38	0.0240222205540125
ENSG00000181523.12	chr17_80226111_C_G_b38	chr17_80202780_T_C_b38	-0.254391562195031
ENSG00000181523.12	chr17_80226111_C_G_b38	chr17_80230713_T_A_b38	0.157551985586668
ENSG00000181523.12	chr17_80226111_C_G_b38	chr17_80211757_G_A_b38	0.286333608587944
ENSG00000181523.12	chr17_80226111_C_G_b38	chr17_80207628_C_T_b38	0.0392237819983485
ENSG00000181523.12	chr17_80226111_C_G_b38	chr17_80202008_TC_T_b38	0.0213384881014939
ENSG00000181523.12	chr17_80226111_C_G_b38	chr17_80194989_T_C_b38	0.00979656181968322
ENSG00000181523.12	chr17_80226111_C_G_b38	chr17_80254513_G_A_b38	0.222712258839427
ENSG00000181523.12	chr17_80226111_C_G_b38	chr17_80279737_G_A_b38	-0.00204564221905269
ENSG00000181523.12	chr17_80226111_C_G_b38	chr17_80277897_C_T_b38	-0.0827077546730726
ENSG00000181523.12	chr17_80226111_C_G_b38	chr17_80206444_G_A_b38	0.0392613167179641
ENSG00000181523.12	chr17_80226111_C_G_b38	chr17_80219090_A_G_b38	0.354909541325726
ENSG00000181523.12	chr17_80226111_C_G_b38	chr17_80211306_T_C_b38	0.00666241273177689
ENSG00000181523.12	chr17_80226111_C_G_b38	chr17_80292960_A_G_b38	0.0635275129494782
ENSG00000181523.12	chr17_80226111_C_G_b38	chr17_80214085_T_C_b38	0.0125928984310487
ENSG00000181523.12	chr17_80226111_C_G_b38	chr17_80204006_C_G_b38	-0.00465430523233991
ENSG00000181523.12	chr17_80226111_C_G_b38	chr17_80157976_A_G_b38	-0.000375347196156516
ENSG00000181523.12	chr17_80226111_C_G_b38	chr17_80226114_T_G_b38	0.51861722092936
ENSG00000181523.12	chr17_80226111_C_G_b38	chr17_80226410_G_A_b38	0.195912469033856
ENSG00000181523.12	chr17_80234405_T_C_b38	chr17_80234405_T_C_b38	0.473717355220245
ENSG00000181523.12	chr17_80234405_T_C_b38	chr17_80224937_C_T_b38	-0.0126596268214765
ENSG00000181523.12	chr17_80234405_T_C_b38	chr17_80220775_C_A_b38	0.333942229895987
ENSG00000181523.12	chr17_80234405_T_C_b38	chr17_80233617_G_T_b38	0.34481687227352
ENSG00000181523.12	chr17_80234405_T_C_b38	chr17_80201684_T_C_b38	-0.252931878654422
ENSG00000181523.12	chr17_80234405_T_C_b38	chr17_80212414_C_G_b38	0.00865592339580782
ENSG00000181523.12	chr17_80234405_T_C_b38	chr17_80230094_C_T_b38	0.328176479910585
ENSG00000181523.12	chr17_80234405_T_C_b38	chr17_80206838_A_C_b38	0.0147970205773674
ENSG00000181523.12	chr17_80234405_T_C_b38	chr17_80202780_T_C_b38	-0.252931878654422
ENSG00000181523.12	chr17_80234405_T_C_b38	chr17_80230713_T_A_b38	0.19966385573322
ENSG00000181523.12	chr17_80234405_T_C_b38	chr17_80211757_G_A_b38	0.306083126892376
ENSG00000181523.12	chr17_80234405_T_C_b38	chr17_80207628_C_T_b38	0.0541563446187723
ENSG00000181523.12	chr17_80234405_T_C_b38	chr17_80202008_TC_T_b38	0.0400516310920936
ENSG00000181523.12	chr17_80234405_T_C_b38	chr17_80194989_T_C_b38	-0.00253776409845774
ENSG00000181523.12	chr17_80234405_T_C_b38	chr17_80254513_G_A_b38	0.362841878737833
ENSG00000181523.12	chr17_80234405_T_C_b38	chr17_80279737_G_A_b38	-0.0151098099074977
ENSG00000181523.12	chr17_80234405_T_C_b38	chr17_80277897_C_T_b38	-0.0647974376298076
ENSG00000181523.12	chr17_80234405_T_C_b38	chr17_80206444_G_A_b38	0.0534348438972718
ENSG00000181523.12	chr17_80234405_T_C_b38	chr17_80219090_A_G_b38	0.370046459641835
ENSG00000181523.12	chr17_80234405_T_C_b38	chr17_80211306_T_C_b38	0.00648725070690384
ENSG00000181523.12	chr17_80234405_T_C_b38	chr17_80292960_A_G_b38	0.00991333650293189
ENSG00000181523.12	chr17_80234405_T_C_b38	chr17_80214085_T_C_b38	0.0108266813469126
ENSG00000181523.12	chr17_80234405_T_C_b38	chr17_80204006_C_G_b38	-0.0238929342975585
ENSG00000181523.12	chr17_80234405_T_C_b38	chr17_80157976_A_G_b38	0.024395482487968
ENSG00000181523.12	chr17_80234405_T_C_b38	chr17_80226114_T_G_b38	0.280703400645598
ENSG00000181523.12	chr17_80234405_T_C_b38	chr17_80226410_G_A_b38	-0.0579410955133497
ENSG00000181523.12	chr17_80224937_C_T_b38	chr17_80224937_C_T_b38	0.0401538089399361
ENSG00000181523.12	chr17_80224937_C_T_b38	chr17_80220775_C_A_b38	-0.008366071949887
ENSG00000181523.12	chr17_80224937_C_T_b38	chr17_80233617_G_T_b38	-0.00846824979772959
ENSG00000181523.12	chr17_80224937_C_T_b38	chr17_80201684_T_C_b38	-0.0250690221788488
ENSG00000181523.12	chr17_80224937_C_T_b38	chr17_80212414_C_G_b38	-0.00169323290710574
ENSG00000181523.12	chr17_80224937_C_T_b38	chr17_80230094_C_T_b38	-0.0110080991583882
ENSG00000181523.12	chr17_80224937_C_T_b38	chr17_80206838_A_C_b38	-0.000308618805728633
ENSG00000181523.12	chr17_80224937_C_T_b38	chr17_80202780_T_C_b38	-0.0250690221788488
ENSG00000181523.12	chr17_80224937_C_T_b38	chr17_80230713_T_A_b38	-0.00373261933955579
ENSG00000181523.12	chr17_80224937_C_T_b38	chr17_80211757_G_A_b38	-0.0102532342416736
ENSG00000181523.12	chr17_80224937_C_T_b38	chr17_80207628_C_T_b38	-0.00399119185246353
ENSG00000181523.12	chr17_80224937_C_T_b38	chr17_80202008_TC_T_b38	-0.00429981065819214
ENSG00000181523.12	chr17_80224937_C_T_b38	chr17_80194989_T_C_b38	-0.00102803426502848
ENSG00000181523.12	chr17_80224937_C_T_b38	chr17_80254513_G_A_b38	-0.00860796236518777
ENSG00000181523.12	chr17_80224937_C_T_b38	chr17_80279737_G_A_b38	-0.0041830359749435
ENSG00000181523.12	chr17_80224937_C_T_b38	chr17_80277897_C_T_b38	0.000838275404749419
ENSG00000181523.12	chr17_80224937_C_T_b38	chr17_80206444_G_A_b38	-0.00387024664481311
ENSG00000181523.12	chr17_80224937_C_T_b38	chr17_80219090_A_G_b38	-0.00669160640258905
ENSG00000181523.12	chr17_80224937_C_T_b38	chr17_80211306_T_C_b38	0.00107599529564847
ENSG00000181523.12	chr17_80224937_C_T_b38	chr17_80292960_A_G_b38	-0.000341983000942529
ENSG00000181523.12	chr17_80224937_C_T_b38	chr17_80214085_T_C_b38	0.00155977612625011
ENSG00000181523.12	chr17_80224937_C_T_b38	chr17_80204006_C_G_b38	0.0333329162808931
ENSG00000181523.12	chr17_80224937_C_T_b38	chr17_80157976_A_G_b38	-0.00827432041304875
ENSG00000181523.12	chr17_80224937_C_T_b38	chr17_80226114_T_G_b38	0.0254673072592148
ENSG00000181523.12	chr17_80224937_C_T_b38	chr17_80226410_G_A_b38	0.0346132672722267
ENSG00000181523.12	chr17_80220775_C_A_b38	chr17_80220775_C_A_b38	0.442325818048361
ENSG00000181523.12	chr17_80220775_C_A_b38	chr17_80233617_G_T_b38	0.207287574339598
ENSG00000181523.12	chr17_80220775_C_A_b38	chr17_80201684_T_C_b38	-0.256983543110711
ENSG00000181523.12	chr17_80220775_C_A_b38	chr17_80212414_C_G_b38	0.014246511356338
ENSG00000181523.12	chr17_80220775_C_A_b38	chr17_80230094_C_T_b38	0.403512832703584
ENSG00000181523.12	chr17_80220775_C_A_b38	chr17_80206838_A_C_b38	0.0277610956801708
ENSG00000181523.12	chr17_80220775_C_A_b38	chr17_80202780_T_C_b38	-0.256983543110711
ENSG00000181523.12	chr17_80220775_C_A_b38	chr17_80230713_T_A_b38	0.13241206449299
ENSG00000181523.12	chr17_80220775_C_A_b38	chr17_80211757_G_A_b38	0.336567575006881
ENSG00000181523.12	chr17_80220775_C_A_b38	chr17_80207628_C_T_b38	-0.00832645196807047
ENSG00000181523.12	chr17_80220775_C_A_b38	chr17_80202008_TC_T_b38	-0.0181376106231598
ENSG00000181523.12	chr17_80220775_C_A_b38	chr17_80194989_T_C_b38	-0.001465939327211
ENSG00000181523.12	chr17_80220775_C_A_b38	chr17_80254513_G_A_b38	0.309967970372594
ENSG00000181523.12	chr17_80220775_C_A_b38	chr17_80279737_G_A_b38	-0.0129411372185939
ENSG00000181523.12	chr17_80220775_C_A_b38	chr17_80277897_C_T_b38	-0.0423829542326652
ENSG00000181523.12	chr17_80220775_C_A_b38	chr17_80206444_G_A_b38	-0.00645388651168996
ENSG00000181523.12	chr17_80220775_C_A_b38	chr17_80219090_A_G_b38	0.402574464713192
ENSG00000181523.12	chr17_80220775_C_A_b38	chr17_80211306_T_C_b38	0.0123739458999574
ENSG00000181523.12	chr17_80220775_C_A_b38	chr17_80292960_A_G_b38	0.00810958469918005
ENSG00000181523.12	chr17_80220775_C_A_b38	chr17_80214085_T_C_b38	0.0140838609046701
ENSG00000181523.12	chr17_80220775_C_A_b38	chr17_80204006_C_G_b38	-0.0461030619990157
ENSG00000181523.12	chr17_80220775_C_A_b38	chr17_80157976_A_G_b38	-0.0166383071007349
ENSG00000181523.12	chr17_80220775_C_A_b38	chr17_80226114_T_G_b38	0.323943397642819
ENSG00000181523.12	chr17_80220775_C_A_b38	chr17_80226410_G_A_b38	-0.0954445361959813
ENSG00000181523.12	chr17_80233617_G_T_b38	chr17_80233617_G_T_b38	0.407118251048886
ENSG00000181523.12	chr17_80233617_G_T_b38	chr17_80201684_T_C_b38	-0.187502606577751
ENSG00000181523.12	chr17_80233617_G_T_b38	chr17_80212414_C_G_b38	-0.0149033689496117
ENSG00000181523.12	chr17_80233617_G_T_b38	chr17_80230094_C_T_b38	0.184618688953949
ENSG00000181523.12	chr17_80233617_G_T_b38	chr17_80206838_A_C_b38	0.0204334843063167
ENSG00000181523.12	chr17_80233617_G_T_b38	chr17_80202780_T_C_b38	-0.187502606577751
ENSG00000181523.12	chr17_80233617_G_T_b38	chr17_80230713_T_A_b38	0.0242203204630951
ENSG00000181523.12	chr17_80233617_G_T_b38	chr17_80211757_G_A_b38	0.19832094687586
ENSG00000181523.12	chr17_80233617_G_T_b38	chr17_80207628_C_T_b38	0.0648912744288469
ENSG00000181523.12	chr17_80233617_G_T_b38	chr17_80202008_TC_T_b38	0.0535328512207123
ENSG00000181523.12	chr17_80233617_G_T_b38	chr17_80194989_T_C_b38	-0.00331973742378368
ENSG00000181523.12	chr17_80233617_G_T_b38	chr17_80254513_G_A_b38	0.282160998924005
ENSG00000181523.12	chr17_80233617_G_T_b38	chr17_80279737_G_A_b38	-0.0466452301712418
ENSG00000181523.12	chr17_80233617_G_T_b38	chr17_80277897_C_T_b38	-0.0421640017015739
ENSG00000181523.12	chr17_80233617_G_T_b38	chr17_80206444_G_A_b38	0.0635817297667007
ENSG00000181523.12	chr17_80233617_G_T_b38	chr17_80219090_A_G_b38	0.246213163843222
ENSG00000181523.12	chr17_80233617_G_T_b38	chr17_80211306_T_C_b38	-0.0164839976978706
ENSG00000181523.12	chr17_80233617_G_T_b38	chr17_80292960_A_G_b38	-0.0364107632893761
ENSG00000181523.12	chr17_80233617_G_T_b38	chr17_80214085_T_C_b38	-0.0130516561152399
ENSG00000181523.12	chr17_80233617_G_T_b38	chr17_80204006_C_G_b38	-0.00781556272885755
ENSG00000181523.12	chr17_80233617_G_T_b38	chr17_80157976_A_G_b38	0.0341294864416251
ENSG00000181523.12	chr17_80233617_G_T_b38	chr17_80226114_T_G_b38	0.179303355603934
ENSG00000181523.12	chr17_80233617_G_T_b38	chr17_80226410_G_A_b38	-0.0222268097990641
ENSG00000181523.12	chr17_80201684_T_C_b38	chr17_80201684_T_C_b38	0.492434668735245
ENSG00000181523.12	chr17_80201684_T_C_b38	chr17_80212414_C_G_b38	0.0213405733636947
ENSG00000181523.12	chr17_80201684_T_C_b38	chr17_80230094_C_T_b38	-0.226300995087123
ENSG00000181523.12	chr17_80201684_T_C_b38	chr17_80206838_A_C_b38	-0.0250690221788488
ENSG00000181523.12	chr17_80201684_T_C_b38	chr17_80202780_T_C_b38	0.492434668735245
ENSG00000181523.12	chr17_80201684_T_C_b38	chr17_80230713_T_A_b38	-0.119126859011252
ENSG00000181523.12	chr17_80201684_T_C_b38	chr17_80211757_G_A_b38	-0.351087255711533
ENSG00000181523.12	chr17_80201684_T_C_b38	chr17_80207628_C_T_b38	-0.0586980456922653
ENSG00000181523.12	chr17_80201684_T_C_b38	chr17_80202008_TC_T_b38	-0.0852121545763164
ENSG00000181523.12	chr17_80201684_T_C_b38	chr17_80194989_T_C_b38	0.00294439022762723
ENSG00000181523.12	chr17_80201684_T_C_b38	chr17_80254513_G_A_b38	-0.205627705627706
ENSG00000181523.12	chr17_80201684_T_C_b38	chr17_80279737_G_A_b38	0.086826147519789
ENSG00000181523.12	chr17_80201684_T_C_b38	chr17_80277897_C_T_b38	0.0697332532592649
ENSG00000181523.12	chr17_80201684_T_C_b38	chr17_80206444_G_A_b38	-0.0569193170349239
ENSG00000181523.12	chr17_80201684_T_C_b38	chr17_80219090_A_G_b38	-0.314901700739851
ENSG00000181523.12	chr17_80201684_T_C_b38	chr17_80211306_T_C_b38	0.0181167580011511
ENSG00000181523.12	chr17_80201684_T_C_b38	chr17_80292960_A_G_b38	0.00752779654513758
ENSG00000181523.12	chr17_80201684_T_C_b38	chr17_80214085_T_C_b38	0.0122258922836958
ENSG00000181523.12	chr17_80201684_T_C_b38	chr17_80204006_C_G_b38	-0.076374813369033
ENSG00000181523.12	chr17_80201684_T_C_b38	chr17_80157976_A_G_b38	0.000196014646881718
ENSG00000181523.12	chr17_80201684_T_C_b38	chr17_80226114_T_G_b38	-0.254391562195031
ENSG00000181523.12	chr17_80201684_T_C_b38	chr17_80226410_G_A_b38	-0.0165840902835123
ENSG00000181523.12	chr17_80212414_C_G_b38	chr17_80212414_C_G_b38	0.0388275821801832
ENSG00000181523.12	chr17_80212414_C_G_b38	chr17_80230094_C_T_b38	0.0129911835114147
ENSG00000181523.12	chr17_80212414_C_G_b38	chr17_80206838_A_C_b38	-0.00169323290710574
ENSG00000181523.12	chr17_80212414_C_G_b38	chr17_80202780_T_C_b38	0.0213405733636947
ENSG00000181523.12	chr17_80212414_C_G_b38	chr17_80230713_T_A_b38	0.0213113796928826
ENSG00000181523.12	chr17_80212414_C_G_b38	chr17_80211757_G_A_b38	0.0211946050096339
ENSG00000181523.12	chr17_80212414_C_G_b38	chr17_80207628_C_T_b38	-0.00385356454720616
ENSG00000181523.12	chr17_80212414_C_G_b38	chr17_80202008_TC_T_b38	-0.0055467974543119
ENSG00000181523.12	chr17_80212414_C_G_b38	chr17_80194989_T_C_b38	0.000452501897588597
ENSG00000181523.12	chr17_80212414_C_G_b38	chr17_80254513_G_A_b38	-0.011998598703801
ENSG00000181523.12	chr17_80212414_C_G_b38	chr17_80279737_G_A_b38	0.00278799556256205
ENSG00000181523.12	chr17_80212414_C_G_b38	chr17_80277897_C_T_b38	0.00858293921877735
ENSG00000181523.12	chr17_80212414_C_G_b38	chr17_80206444_G_A_b38	-0.00373678986395751
ENSG00000181523.12	chr17_80212414_C_G_b38	chr17_80219090_A_G_b38	0.0116774683248672
ENSG00000181523.12	chr17_80212414_C_G_b38	chr17_80211306_T_C_b38	0.0387108074969347
ENSG00000181523.12	chr17_80212414_C_G_b38	chr17_80292960_A_G_b38	0.00335727214339932
ENSG00000181523.12	chr17_80212414_C_G_b38	chr17_80214085_T_C_b38	0.0276172125883109
ENSG00000181523.12	chr17_80212414_C_G_b38	chr17_80204006_C_G_b38	-0.00404332340748527
ENSG00000181523.12	chr17_80212414_C_G_b38	chr17_80157976_A_G_b38	0.00252525252525253
ENSG00000181523.12	chr17_80212414_C_G_b38	chr17_80226114_T_G_b38	0.00380977404098792
ENSG00000181523.12	chr17_80212414_C_G_b38	chr17_80226410_G_A_b38	-0.0110789980732177
ENSG00000181523.12	chr17_80230094_C_T_b38	chr17_80230094_C_T_b38	0.435319337053441
ENSG00000181523.12	chr17_80230094_C_T_b38	chr17_80206838_A_C_b38	0.0207838083560627
ENSG00000181523.12	chr17_80230094_C_T_b38	chr17_80202780_T_C_b38	-0.226300995087123
ENSG00000181523.12	chr17_80230094_C_T_b38	chr17_80230713_T_A_b38	0.121216291736523
ENSG00000181523.12	chr17_80230094_C_T_b38	chr17_80211757_G_A_b38	0.300922102945225
ENSG00000181523.12	chr17_80230094_C_T_b38	chr17_80207628_C_T_b38	-0.0088081475364712
ENSG00000181523.12	chr17_80230094_C_T_b38	chr17_80202008_TC_T_b38	-0.0183711599896571
ENSG00000181523.12	chr17_80230094_C_T_b38	chr17_80194989_T_C_b38	0.000971732185605026
ENSG00000181523.12	chr17_80230094_C_T_b38	chr17_80254513_G_A_b38	0.304625528613969
ENSG00000181523.12	chr17_80230094_C_T_b38	chr17_80279737_G_A_b38	-0.00416843913953732
ENSG00000181523.12	chr17_80230094_C_T_b38	chr17_80277897_C_T_b38	-0.0321797662838126
ENSG00000181523.12	chr17_80230094_C_T_b38	chr17_80206444_G_A_b38	-0.00705235676333943
ENSG00000181523.12	chr17_80230094_C_T_b38	chr17_80219090_A_G_b38	0.370665782515494
ENSG00000181523.12	chr17_80230094_C_T_b38	chr17_80211306_T_C_b38	0.0112353927382829
ENSG00000181523.12	chr17_80230094_C_T_b38	chr17_80292960_A_G_b38	0.0119777460817923
ENSG00000181523.12	chr17_80230094_C_T_b38	chr17_80214085_T_C_b38	0.0139232957152032
ENSG00000181523.12	chr17_80230094_C_T_b38	chr17_80204006_C_G_b38	-0.0420597385915305
ENSG00000181523.12	chr17_80230094_C_T_b38	chr17_80157976_A_G_b38	-0.040839860204022
ENSG00000181523.12	chr17_80230094_C_T_b38	chr17_80226114_T_G_b38	0.310018016665415
ENSG00000181523.12	chr17_80230094_C_T_b38	chr17_80226410_G_A_b38	-0.104596751995596
ENSG00000181523.12	chr17_80206838_A_C_b38	chr17_80206838_A_C_b38	0.0430439823503408
ENSG00000181523.12	chr17_80206838_A_C_b38	chr17_80202780_T_C_b38	-0.0250690221788488
ENSG00000181523.12	chr17_80206838_A_C_b38	chr17_80230713_T_A_b38	-0.0109580528655673
ENSG00000181523.12	chr17_80206838_A_C_b38	chr17_80211757_G_A_b38	0.0215386732727773
ENSG00000181523.12	chr17_80206838_A_C_b38	chr17_80207628_C_T_b38	-0.00399119185246353
ENSG00000181523.12	chr17_80206838_A_C_b38	chr17_80202008_TC_T_b38	-0.00429981065819214
ENSG00000181523.12	chr17_80206838_A_C_b38	chr17_80194989_T_C_b38	0.00041705244017383
ENSG00000181523.12	chr17_80206838_A_C_b38	chr17_80254513_G_A_b38	0.0202937717388585
ENSG00000181523.12	chr17_80206838_A_C_b38	chr17_80279737_G_A_b38	-0.0200789897321689
ENSG00000181523.12	chr17_80206838_A_C_b38	chr17_80277897_C_T_b38	-0.00927733153166677
ENSG00000181523.12	chr17_80206838_A_C_b38	chr17_80206444_G_A_b38	-0.00387024664481311
ENSG00000181523.12	chr17_80206838_A_C_b38	chr17_80219090_A_G_b38	0.0251003011118618
ENSG00000181523.12	chr17_80206838_A_C_b38	chr17_80211306_T_C_b38	-0.00181417811475615
ENSG00000181523.12	chr17_80206838_A_C_b38	chr17_80292960_A_G_b38	-0.00901250323215641
ENSG00000181523.12	chr17_80206838_A_C_b38	chr17_80214085_T_C_b38	-0.00133039728415451
ENSG00000181523.12	chr17_80206838_A_C_b38	chr17_80204006_C_G_b38	-0.00134916464396232
ENSG00000181523.12	chr17_80206838_A_C_b38	chr17_80157976_A_G_b38	-0.00971940711825106
ENSG00000181523.12	chr17_80206838_A_C_b38	chr17_80226114_T_G_b38	0.0240222205540125
ENSG00000181523.12	chr17_80206838_A_C_b38	chr17_80226410_G_A_b38	0.00426644646297825
ENSG00000181523.12	chr17_80202780_T_C_b38	chr17_80202780_T_C_b38	0.492434668735245
ENSG00000181523.12	chr17_80202780_T_C_b38	chr17_80230713_T_A_b38	-0.119126859011252
ENSG00000181523.12	chr17_80202780_T_C_b38	chr17_80211757_G_A_b38	-0.351087255711533
ENSG00000181523.12	chr17_80202780_T_C_b38	chr17_80207628_C_T_b38	-0.0586980456922653
ENSG00000181523.12	chr17_80202780_T_C_b38	chr17_80202008_TC_T_b38	-0.0852121545763164
ENSG00000181523.12	chr17_80202780_T_C_b38	chr17_80194989_T_C_b38	0.00294439022762723
ENSG00000181523.12	chr17_80202780_T_C_b38	chr17_80254513_G_A_b38	-0.205627705627706
ENSG00000181523.12	chr17_80202780_T_C_b38	chr17_80279737_G_A_b38	0.086826147519789
ENSG00000181523.12	chr17_80202780_T_C_b38	chr17_80277897_C_T_b38	0.0697332532592649
ENSG00000181523.12	chr17_80202780_T_C_b38	chr17_80206444_G_A_b38	-0.0569193170349239
ENSG00000181523.12	chr17_80202780_T_C_b38	chr17_80219090_A_G_b38	-0.314901700739851
ENSG00000181523.12	chr17_80202780_T_C_b38	chr17_80211306_T_C_b38	0.0181167580011511
ENSG00000181523.12	chr17_80202780_T_C_b38	chr17_80292960_A_G_b38	0.00752779654513758
ENSG00000181523.12	chr17_80202780_T_C_b38	chr17_80214085_T_C_b38	0.0122258922836958
ENSG00000181523.12	chr17_80202780_T_C_b38	chr17_80204006_C_G_b38	-0.076374813369033
ENSG00000181523.12	chr17_80202780_T_C_b38	chr17_80157976_A_G_b38	0.000196014646881718
ENSG00000181523.12	chr17_80202780_T_C_b38	chr17_80226114_T_G_b38	-0.254391562195031
ENSG00000181523.12	chr17_80202780_T_C_b38	chr17_80226410_G_A_b38	-0.0165840902835123
ENSG00000181523.12	chr17_80230713_T_A_b38	chr17_80230713_T_A_b38	0.27648491521324
ENSG00000181523.12	chr17_80230713_T_A_b38	chr17_80211757_G_A_b38	0.165496834571979
ENSG00000181523.12	chr17_80230713_T_A_b38	chr17_80207628_C_T_b38	0.0522983759977979
ENSG00000181523.12	chr17_80230713_T_A_b38	chr17_80202008_TC_T_b38	0.0442304965426353
ENSG00000181523.12	chr17_80230713_T_A_b38	chr17_80194989_T_C_b38	-0.0023375789271743
ENSG00000181523.12	chr17_80230713_T_A_b38	chr17_80254513_G_A_b38	0.0842591897505192
ENSG00000181523.12	chr17_80230713_T_A_b38	chr17_80279737_G_A_b38	0.0235759744430265
ENSG00000181523.12	chr17_80230713_T_A_b38	chr17_80277897_C_T_b38	-0.0437592272852388
ENSG00000181523.12	chr17_80230713_T_A_b38	chr17_80206444_G_A_b38	0.0503632526753913
ENSG00000181523.12	chr17_80230713_T_A_b38	chr17_80219090_A_G_b38	0.198106164869171
ENSG00000181523.12	chr17_80230713_T_A_b38	chr17_80211306_T_C_b38	0.0232465030152892
ENSG00000181523.12	chr17_80230713_T_A_b38	chr17_80292960_A_G_b38	0.0517145025815547
ENSG00000181523.12	chr17_80230713_T_A_b38	chr17_80214085_T_C_b38	0.0241765299568768
ENSG00000181523.12	chr17_80230713_T_A_b38	chr17_80204006_C_G_b38	-0.0174307067370652
ENSG00000181523.12	chr17_80230713_T_A_b38	chr17_80157976_A_G_b38	0.0153371034873925
ENSG00000181523.12	chr17_80230713_T_A_b38	chr17_80226114_T_G_b38	0.157551985586668
ENSG00000181523.12	chr17_80230713_T_A_b38	chr17_80226410_G_A_b38	0.0169969721992843
ENSG00000181523.12	chr17_80211757_G_A_b38	chr17_80211757_G_A_b38	0.462014863748968
ENSG00000181523.12	chr17_80211757_G_A_b38	chr17_80207628_C_T_b38	0.0588356729975227
ENSG00000181523.12	chr17_80211757_G_A_b38	chr17_80202008_TC_T_b38	0.0384668318194329
ENSG00000181523.12	chr17_80211757_G_A_b38	chr17_80194989_T_C_b38	-0.00282135975777595
ENSG00000181523.12	chr17_80211757_G_A_b38	chr17_80254513_G_A_b38	0.22811725846408
ENSG00000181523.12	chr17_80211757_G_A_b38	chr17_80279737_G_A_b38	-0.0506468483347095
ENSG00000181523.12	chr17_80211757_G_A_b38	chr17_80277897_C_T_b38	-0.0501651527663088
ENSG00000181523.12	chr17_80211757_G_A_b38	chr17_80206444_G_A_b38	0.058147536471236
ENSG00000181523.12	chr17_80211757_G_A_b38	chr17_80219090_A_G_b38	0.393614093036059
ENSG00000181523.12	chr17_80211757_G_A_b38	chr17_80211306_T_C_b38	0.0218827415359207
ENSG00000181523.12	chr17_80211757_G_A_b38	chr17_80292960_A_G_b38	0.0135562895678502
ENSG00000181523.12	chr17_80211757_G_A_b38	chr17_80214085_T_C_b38	0.0147949353151665
ENSG00000181523.12	chr17_80211757_G_A_b38	chr17_80204006_C_G_b38	-0.0543627855766584
ENSG00000181523.12	chr17_80211757_G_A_b38	chr17_80157976_A_G_b38	0.00591797412606664
ENSG00000181523.12	chr17_80211757_G_A_b38	chr17_80226114_T_G_b38	0.286333608587944
ENSG00000181523.12	chr17_80211757_G_A_b38	chr17_80226410_G_A_b38	-0.0319983484723369
ENSG00000181523.12	chr17_80207628_C_T_b38	chr17_80207628_C_T_b38	0.0862923203963667
ENSG00000181523.12	chr17_80207628_C_T_b38	chr17_80202008_TC_T_b38	0.0823011285439033
ENSG00000181523.12	chr17_80207628_C_T_b38	chr17_80194989_T_C_b38	-0.00233966418937518
ENSG00000181523.12	chr17_80207628_C_T_b38	chr17_80254513_G_A_b38	-0.00454170107349296
ENSG00000181523.12	chr17_80207628_C_T_b38	chr17_80279737_G_A_b38	-0.0381227635562895
ENSG00000181523.12	chr17_80207628_C_T_b38	chr17_80277897_C_T_b38	-0.0270437654830718
ENSG00000181523.12	chr17_80207628_C_T_b38	chr17_80206444_G_A_b38	0.0836774015964766
ENSG00000181523.12	chr17_80207628_C_T_b38	chr17_80219090_A_G_b38	0.0607624552711259
ENSG00000181523.12	chr17_80207628_C_T_b38	chr17_80211306_T_C_b38	-0.00412881915772091
ENSG00000181523.12	chr17_80207628_C_T_b38	chr17_80292960_A_G_b38	-0.00571153316818063
ENSG00000181523.12	chr17_80207628_C_T_b38	chr17_80214085_T_C_b38	-0.00302780071566198
ENSG00000181523.12	chr17_80207628_C_T_b38	chr17_80204006_C_G_b38	-0.00137627305257362
ENSG00000181523.12	chr17_80207628_C_T_b38	chr17_80157976_A_G_b38	0.0112166253784751
ENSG00000181523.12	chr17_80207628_C_T_b38	chr17_80226114_T_G_b38	0.0392237819983485
ENSG00000181523.12	chr17_80207628_C_T_b38	chr17_80226410_G_A_b38	0.0474814203137903
ENSG00000181523.12	chr17_80202008_TC_T_b38	chr17_80254513_G_A_b38	-0.0117045767334784
ENSG00000181523.12	chr17_80202008_TC_T_b38	chr17_80279737_G_A_b38	-0.0480861463520422
ENSG00000181523.12	chr17_80202008_TC_T_b38	chr17_80277897_C_T_b38	-0.029095663488727
ENSG00000181523.12	chr17_80202008_TC_T_b38	chr17_80206444_G_A_b38	0.0783620682464616
ENSG00000181523.12	chr17_80202008_TC_T_b38	chr17_80219090_A_G_b38	0.0482905020477273
ENSG00000181523.12	chr17_80202008_TC_T_b38	chr17_80211306_T_C_b38	-0.00594299727247706
ENSG00000181523.12	chr17_80202008_TC_T_b38	chr17_80292960_A_G_b38	-0.0118338629899323
ENSG00000181523.12	chr17_80202008_TC_T_b38	chr17_80214085_T_C_b38	-0.0043581979998165
ENSG00000181523.12	chr17_80202008_TC_T_b38	chr17_80204006_C_G_b38	-0.0056156111069406
ENSG00000181523.12	chr17_80202008_TC_T_b38	chr17_80157976_A_G_b38	0.024618605543461
ENSG00000181523.12	chr17_80202008_TC_T_b38	chr17_80226114_T_G_b38	0.0213384881014939
ENSG00000181523.12	chr17_80202008_TC_T_b38	chr17_80226410_G_A_b38	0.04018717313515
ENSG00000181523.12	chr17_80194989_T_C_b38	chr17_80254513_G_A_b38	0.0171783900107599
ENSG00000181523.12	chr17_80194989_T_C_b38	chr17_80279737_G_A_b38	0.00143466039419797
ENSG00000181523.12	chr17_80194989_T_C_b38	chr17_80277897_C_T_b38	-0.00593674148587443
ENSG00000181523.12	chr17_80194989_T_C_b38	chr17_80206444_G_A_b38	-0.00226876527454562
ENSG00000181523.12	chr17_80194989_T_C_b38	chr17_80219090_A_G_b38	-0.00302571545346112
ENSG00000181523.12	chr17_80194989_T_C_b38	chr17_80211306_T_C_b38	0.000381602982759055
ENSG00000181523.12	chr17_80194989_T_C_b38	chr17_80292960_A_G_b38	0.00503173769069722
ENSG00000181523.12	chr17_80194989_T_C_b38	chr17_80214085_T_C_b38	0.000665198642077255
ENSG00000181523.12	chr17_80194989_T_C_b38	chr17_80204006_C_G_b38	-0.00188716229178658
ENSG00000181523.12	chr17_80194989_T_C_b38	chr17_80157976_A_G_b38	-0.010182335326844
ENSG00000181523.12	chr17_80194989_T_C_b38	chr17_80226114_T_G_b38	0.00979656181968322
ENSG00000181523.12	chr17_80194989_T_C_b38	chr17_80226410_G_A_b38	0.0108725571153317
ENSG00000181523.12	chr17_80254513_G_A_b38	chr17_80254513_G_A_b38	0.440582538848434
ENSG00000181523.12	chr17_80254513_G_A_b38	chr17_80279737_G_A_b38	0.00541751119785806
ENSG00000181523.12	chr17_80254513_G_A_b38	chr17_80277897_C_T_b38	-0.0516853089107424
ENSG00000181523.12	chr17_80254513_G_A_b38	chr17_80206444_G_A_b38	-0.00265245351950555
ENSG00000181523.12	chr17_80254513_G_A_b38	chr17_80219090_A_G_b38	0.27996521782649
ENSG00000181523.12	chr17_80254513_G_A_b38	chr17_80211306_T_C_b38	-0.0138878462577885
ENSG00000181523.12	chr17_80254513_G_A_b38	chr17_80292960_A_G_b38	0.0164339514050496
ENSG00000181523.12	chr17_80254513_G_A_b38	chr17_80214085_T_C_b38	-0.0106661161574456
ENSG00000181523.12	chr17_80254513_G_A_b38	chr17_80204006_C_G_b38	-0.0223206465981032
ENSG00000181523.12	chr17_80254513_G_A_b38	chr17_80157976_A_G_b38	0.00519230288016416
ENSG00000181523.12	chr17_80254513_G_A_b38	chr17_80226114_T_G_b38	0.222712258839427
ENSG00000181523.12	chr17_80254513_G_A_b38	chr17_80226410_G_A_b38	-0.0918662262592898
ENSG00000181523.12	chr17_80279737_G_A_b38	chr17_80279737_G_A_b38	0.489194171275096
ENSG00000181523.12	chr17_80279737_G_A_b38	chr17_80277897_C_T_b38	0.212190025773841
ENSG00000181523.12	chr17_80279737_G_A_b38	chr17_80206444_G_A_b38	-0.0371864808280993
ENSG00000181523.12	chr17_80279737_G_A_b38	chr17_80219090_A_G_b38	-0.0479902242908023
ENSG00000181523.12	chr17_80279737_G_A_b38	chr17_80211306_T_C_b38	0.00185171283437178
ENSG00000181523.12	chr17_80279737_G_A_b38	chr17_80292960_A_G_b38	0.202754214314908
ENSG00000181523.12	chr17_80279737_G_A_b38	chr17_80214085_T_C_b38	-0.00451876318928343
ENSG00000181523.12	chr17_80279737_G_A_b38	chr17_80204006_C_G_b38	-0.0194388142365021
ENSG00000181523.12	chr17_80279737_G_A_b38	chr17_80226114_T_G_b38	-0.00204564221905269
ENSG00000181523.12	chr17_80279737_G_A_b38	chr17_80226410_G_A_b38	-0.00364712358932007
ENSG00000181523.12	chr17_80277897_C_T_b38	chr17_80277897_C_T_b38	0.291231889497785
ENSG00000181523.12	chr17_80277897_C_T_b38	chr17_80206444_G_A_b38	-0.0260053049070391
ENSG00000181523.12	chr17_80277897_C_T_b38	chr17_80219090_A_G_b38	-0.0724545204313989
ENSG00000181523.12	chr17_80277897_C_T_b38	chr17_80211306_T_C_b38	0.00898956534794684
ENSG00000181523.12	chr17_80277897_C_T_b38	chr17_80292960_A_G_b38	-0.00637464654805697
ENSG00000181523.12	chr17_80277897_C_T_b38	chr17_80214085_T_C_b38	-0.00275254610514726
ENSG00000181523.12	chr17_80277897_C_T_b38	chr17_80204006_C_G_b38	-0.00256487250706901
ENSG00000181523.12	chr17_80277897_C_T_b38	chr17_80226114_T_G_b38	-0.0827077546730726
ENSG00000181523.12	chr17_80277897_C_T_b38	chr17_80226410_G_A_b38	-0.0445912469033857
ENSG00000181523.12	chr17_80206444_G_A_b38	chr17_80206444_G_A_b38	0.0839443151581879
ENSG00000181523.12	chr17_80206444_G_A_b38	chr17_80219090_A_G_b38	0.059928350390778
ENSG00000181523.12	chr17_80206444_G_A_b38	chr17_80211306_T_C_b38	-0.00400370342566874
ENSG00000181523.12	chr17_80206444_G_A_b38	chr17_80292960_A_G_b38	-0.00698354311071075
ENSG00000181523.12	chr17_80206444_G_A_b38	chr17_80214085_T_C_b38	-0.00293604917882375
ENSG00000181523.12	chr17_80206444_G_A_b38	chr17_80204006_C_G_b38	-0.000984243758810249
ENSG00000181523.12	chr17_80206444_G_A_b38	chr17_80157976_A_G_b38	0.0125845573822452
ENSG00000181523.12	chr17_80206444_G_A_b38	chr17_80226114_T_G_b38	0.0392613167179641
ENSG00000181523.12	chr17_80206444_G_A_b38	chr17_80226410_G_A_b38	0.0456922653454446
ENSG00000181523.12	chr17_80219090_A_G_b38	chr17_80219090_A_G_b38	0.465722459942113
ENSG00000181523.12	chr17_80219090_A_G_b38	chr17_80211306_T_C_b38	0.0125115732052148
ENSG00000181523.12	chr17_80219090_A_G_b38	chr17_80292960_A_G_b38	0.0100822427412024
ENSG00000181523.12	chr17_80219090_A_G_b38	chr17_80214085_T_C_b38	0.0149555005046335
ENSG00000181523.12	chr17_80219090_A_G_b38	chr17_80204006_C_G_b38	-0.0460571862305967
ENSG00000181523.12	chr17_80219090_A_G_b38	chr17_80157976_A_G_b38	-0.00338021002760887
ENSG00000181523.12	chr17_80219090_A_G_b38	chr17_80226114_T_G_b38	0.354909541325726
ENSG00000181523.12	chr17_80219090_A_G_b38	chr17_80226410_G_A_b38	-0.0315166529039362
ENSG00000181523.12	chr17_80211306_T_C_b38	chr17_80211306_T_C_b38	0.041475865175287
ENSG00000181523.12	chr17_80211306_T_C_b38	chr17_80292960_A_G_b38	0.00318419538072717
ENSG00000181523.12	chr17_80211306_T_C_b38	chr17_80214085_T_C_b38	0.0304156344618772
ENSG00000181523.12	chr17_80211306_T_C_b38	chr17_80204006_C_G_b38	-0.00154517929084403
ENSG00000181523.12	chr17_80211306_T_C_b38	chr17_80157976_A_G_b38	0.00404749393188698
ENSG00000181523.12	chr17_80211306_T_C_b38	chr17_80226114_T_G_b38	0.00666241273177689
ENSG00000181523.12	chr17_80211306_T_C_b38	chr17_80226410_G_A_b38	-0.00639966969446739
ENSG00000181523.12	chr17_80292960_A_G_b38	chr17_80292960_A_G_b38	0.385498252550274
ENSG00000181523.12	chr17_80292960_A_G_b38	chr17_80214085_T_C_b38	-0.00190384438939352
ENSG00000181523.12	chr17_80292960_A_G_b38	chr17_80204006_C_G_b38	-0.0153600413716021
ENSG00000181523.12	chr17_80292960_A_G_b38	chr17_80226114_T_G_b38	0.0635275129494782
ENSG00000181523.12	chr17_80292960_A_G_b38	chr17_80226410_G_A_b38	0.0494082025873931
ENSG00000181523.12	chr17_80214085_T_C_b38	chr17_80214085_T_C_b38	0.0307826406092302
ENSG00000181523.12	chr17_80214085_T_C_b38	chr17_80204006_C_G_b38	2.29378842095694e-05
ENSG00000181523.12	chr17_80214085_T_C_b38	chr17_80157976_A_G_b38	-0.000596384989448575
ENSG00000181523.12	chr17_80214085_T_C_b38	chr17_80226114_T_G_b38	0.0125928984310487
ENSG00000181523.12	chr17_80214085_T_C_b38	chr17_80226410_G_A_b38	-0.00199559592623175
ENSG00000181523.12	chr17_80204006_C_G_b38	chr17_80204006_C_G_b38	0.128973467123756
ENSG00000181523.12	chr17_80204006_C_G_b38	chr17_80157976_A_G_b38	-0.016604942905521
ENSG00000181523.12	chr17_80204006_C_G_b38	chr17_80226114_T_G_b38	-0.00465430523233991
ENSG00000181523.12	chr17_80204006_C_G_b38	chr17_80226410_G_A_b38	0.0421827690613818
ENSG00000181523.12	chr17_80157976_A_G_b38	chr17_80157976_A_G_b38	0.362364353693834
ENSG00000181523.12	chr17_80157976_A_G_b38	chr17_80226114_T_G_b38	-0.000375347196156516
ENSG00000181523.12	chr17_80157976_A_G_b38	chr17_80226410_G_A_b38	0.0159647674098542
ENSG00000181523.12	chr17_80226114_T_G_b38	chr17_80226114_T_G_b38	0.51861722092936
ENSG00000181523.12	chr17_80226114_T_G_b38	chr17_80226410_G_A_b38	0.195912469033856
ENSG00000181523.12	chr17_80226410_G_A_b38	chr17_80226410_G_A_b38	0.305532617671346
ENSG00000173821.19	chr17_80292165_A_G_b38	chr17_80292165_A_G_b38	0.0837816647065199
ENSG00000173821.19	chr17_80292165_A_G_b38	chr17_80275844_G_A_b38	0.0394510755782432
ENSG00000173821.19	chr17_80292165_A_G_b38	chr17_80263005_A_G_b38	0.0469788721233807
ENSG00000173821.19	chr17_80292165_A_G_b38	chr17_80297914_C_T_b38	0.0437696535962431
ENSG00000173821.19	chr17_80292165_A_G_b38	chr17_80264902_G_A_b38	-0.00135542043056495
ENSG00000173821.19	chr17_80292165_A_G_b38	chr17_80303733_G_A_b38	-0.00526111653279285
ENSG00000173821.19	chr17_80292165_A_G_b38	chr17_80262637_T_C_b38	0.0423725279216608
ENSG00000173821.19	chr17_80292165_A_G_b38	chr17_80261999_CTG_C_b38	-0.00276922820275421
ENSG00000173821.19	chr17_80292165_A_G_b38	chr17_80261661_A_G_b38	0.038802559033773
ENSG00000173821.19	chr17_80292165_A_G_b38	chr17_80325408_T_G_b38	-0.00769253225900624
ENSG00000173821.19	chr17_80292165_A_G_b38	chr17_80371767_T_TAC_b38	0.0167002328087773
ENSG00000173821.19	chr17_80292165_A_G_b38	chr17_80296001_T_C_b38	-0.00187673598078222
ENSG00000173821.19	chr17_80292165_A_G_b38	chr17_80261121_G_A_b38	-0.00101760795402415
ENSG00000173821.19	chr17_80292165_A_G_b38	chr17_80285687_G_T_b38	0.0360061505119283
ENSG00000173821.19	chr17_80292165_A_G_b38	chr17_80304135_T_G_b38	-0.00101760795402415
ENSG00000173821.19	chr17_80292165_A_G_b38	chr17_80261796_G_A_b38	0.0422494974518095
ENSG00000173821.19	chr17_80292165_A_G_b38	chr17_80277897_C_T_b38	0.0170532742787078
ENSG00000173821.19	chr17_80292165_A_G_b38	chr17_80279737_G_A_b38	-0.00666658325617862
ENSG00000173821.19	chr17_80292165_A_G_b38	chr17_80248088_C_T_b38	-0.00741310712408979
ENSG00000173821.19	chr17_80292165_A_G_b38	chr17_80261501_A_G_b38	0.0391132631017024
ENSG00000173821.19	chr17_80292165_A_G_b38	chr17_80289016_G_A_b38	0.0755990958303099
ENSG00000173821.19	chr17_80275844_G_A_b38	chr17_80275844_G_A_b38	0.488581104188042
ENSG00000173821.19	chr17_80275844_G_A_b38	chr17_80263005_A_G_b38	0.025112812685067
ENSG00000173821.19	chr17_80275844_G_A_b38	chr17_80297914_C_T_b38	0.182439589954041
ENSG00000173821.19	chr17_80275844_G_A_b38	chr17_80264902_G_A_b38	0.0494123731117951
ENSG00000173821.19	chr17_80275844_G_A_b38	chr17_80303733_G_A_b38	-0.0443222480794735
ENSG00000173821.19	chr17_80275844_G_A_b38	chr17_80262637_T_C_b38	0.460717830660026
ENSG00000173821.19	chr17_80275844_G_A_b38	chr17_80261999_CTG_C_b38	0.0446704868670186
ENSG00000173821.19	chr17_80275844_G_A_b38	chr17_80261661_A_G_b38	0.421867310595634
ENSG00000173821.19	chr17_80275844_G_A_b38	chr17_80325408_T_G_b38	-0.0473959245635546
ENSG00000173821.19	chr17_80275844_G_A_b38	chr17_80371767_T_TAC_b38	0.0364998823132164
ENSG00000173821.19	chr17_80275844_G_A_b38	chr17_80296001_T_C_b38	-0.0175099467006981
ENSG00000173821.19	chr17_80275844_G_A_b38	chr17_80261121_G_A_b38	0.0623618513791922
ENSG00000173821.19	chr17_80275844_G_A_b38	chr17_80285687_G_T_b38	0.387219169206501
ENSG00000173821.19	chr17_80275844_G_A_b38	chr17_80304135_T_G_b38	-0.022898264227744
ENSG00000173821.19	chr17_80275844_G_A_b38	chr17_80261796_G_A_b38	0.45942705335769
ENSG00000173821.19	chr17_80275844_G_A_b38	chr17_80277897_C_T_b38	0.195937492180267
ENSG00000173821.19	chr17_80275844_G_A_b38	chr17_80279737_G_A_b38	0.455162692156912
ENSG00000173821.19	chr17_80275844_G_A_b38	chr17_80248088_C_T_b38	-0.0192365438030177
ENSG00000173821.19	chr17_80275844_G_A_b38	chr17_80261501_A_G_b38	0.426498677943764
ENSG00000173821.19	chr17_80275844_G_A_b38	chr17_80289016_G_A_b38	0.109697303338922
ENSG00000173821.19	chr17_80263005_A_G_b38	chr17_80263005_A_G_b38	0.0586334025640384
ENSG00000173821.19	chr17_80263005_A_G_b38	chr17_80297914_C_T_b38	0.0131976244693007
ENSG00000173821.19	chr17_80263005_A_G_b38	chr17_80264902_G_A_b38	-0.000623493398059888
ENSG00000173821.19	chr17_80263005_A_G_b38	chr17_80303733_G_A_b38	-0.000888321697570261
ENSG00000173821.19	chr17_80263005_A_G_b38	chr17_80262637_T_C_b38	0.0290289350982992
ENSG00000173821.19	chr17_80263005_A_G_b38	chr17_80261999_CTG_C_b38	-0.00248771780563688
ENSG00000173821.19	chr17_80263005_A_G_b38	chr17_80261661_A_G_b38	0.0283116049012002
ENSG00000173821.19	chr17_80263005_A_G_b38	chr17_80325408_T_G_b38	-0.00559058796053014
ENSG00000173821.19	chr17_80263005_A_G_b38	chr17_80296001_T_C_b38	0.000581788154042499
ENSG00000173821.19	chr17_80263005_A_G_b38	chr17_80261121_G_A_b38	-0.00139295515018059
ENSG00000173821.19	chr17_80263005_A_G_b38	chr17_80285687_G_T_b38	0.0215624020872413
ENSG00000173821.19	chr17_80263005_A_G_b38	chr17_80304135_T_G_b38	5.21315550217234e-05
ENSG00000173821.19	chr17_80263005_A_G_b38	chr17_80261796_G_A_b38	0.0289434393480637
ENSG00000173821.19	chr17_80263005_A_G_b38	chr17_80277897_C_T_b38	-0.0126179215774591
ENSG00000173821.19	chr17_80263005_A_G_b38	chr17_80279737_G_A_b38	-0.0314770329221196
ENSG00000173821.19	chr17_80263005_A_G_b38	chr17_80248088_C_T_b38	-0.00471060731176338
ENSG00000173821.19	chr17_80263005_A_G_b38	chr17_80261501_A_G_b38	0.0273273611423901
ENSG00000173821.19	chr17_80263005_A_G_b38	chr17_80289016_G_A_b38	0.045064601422983
ENSG00000173821.19	chr17_80297914_C_T_b38	chr17_80297914_C_T_b38	0.327156786694358
ENSG00000173821.19	chr17_80297914_C_T_b38	chr17_80264902_G_A_b38	-0.0119589787219845
ENSG00000173821.19	chr17_80297914_C_T_b38	chr17_80303733_G_A_b38	-0.0187736155944248
ENSG00000173821.19	chr17_80297914_C_T_b38	chr17_80262637_T_C_b38	0.188551493464788
ENSG00000173821.19	chr17_80297914_C_T_b38	chr17_80261999_CTG_C_b38	-0.00584707521123705
ENSG00000173821.19	chr17_80297914_C_T_b38	chr17_80261661_A_G_b38	0.173927549650093
ENSG00000173821.19	chr17_80297914_C_T_b38	chr17_80325408_T_G_b38	-0.0187277398260057
ENSG00000173821.19	chr17_80297914_C_T_b38	chr17_80371767_T_TAC_b38	-0.0284004219538897
ENSG00000173821.19	chr17_80297914_C_T_b38	chr17_80296001_T_C_b38	-0.00255236093386384
ENSG00000173821.19	chr17_80297914_C_T_b38	chr17_80261121_G_A_b38	0.0112750127200994
ENSG00000173821.19	chr17_80297914_C_T_b38	chr17_80285687_G_T_b38	0.141689683949956
ENSG00000173821.19	chr17_80297914_C_T_b38	chr17_80304135_T_G_b38	-0.0161816346787445
ENSG00000173821.19	chr17_80297914_C_T_b38	chr17_80261796_G_A_b38	0.19081191769053
ENSG00000173821.19	chr17_80297914_C_T_b38	chr17_80277897_C_T_b38	-0.0310850036283562
ENSG00000173821.19	chr17_80297914_C_T_b38	chr17_80279737_G_A_b38	0.170760036366973
ENSG00000173821.19	chr17_80297914_C_T_b38	chr17_80248088_C_T_b38	-0.00487951355003374
ENSG00000173821.19	chr17_80297914_C_T_b38	chr17_80261501_A_G_b38	0.166431032037968
ENSG00000173821.19	chr17_80297914_C_T_b38	chr17_80289016_G_A_b38	0.0217743079014755
ENSG00000173821.19	chr17_80016038_T_C_b38	chr17_80016038_T_C_b38	0.461868895394907
ENSG00000173821.19	chr17_80264902_G_A_b38	chr17_80264902_G_A_b38	0.0768002068580104
ENSG00000173821.19	chr17_80264902_G_A_b38	chr17_80303733_G_A_b38	0.000681880739684212
ENSG00000173821.19	chr17_80264902_G_A_b38	chr17_80262637_T_C_b38	0.0494186288983976
ENSG00000173821.19	chr17_80264902_G_A_b38	chr17_80261999_CTG_C_b38	-0.00267330614151425
ENSG00000173821.19	chr17_80264902_G_A_b38	chr17_80261661_A_G_b38	0.0488973133481805
ENSG00000173821.19	chr17_80264902_G_A_b38	chr17_80325408_T_G_b38	0.00414550125532785
ENSG00000173821.19	chr17_80264902_G_A_b38	chr17_80296001_T_C_b38	-0.00182043390135876
ENSG00000173821.19	chr17_80264902_G_A_b38	chr17_80261121_G_A_b38	-0.00521315550217283
ENSG00000173821.19	chr17_80264902_G_A_b38	chr17_80285687_G_T_b38	0.0417864973043991
ENSG00000173821.19	chr17_80264902_G_A_b38	chr17_80304135_T_G_b38	-0.000877895386565903
ENSG00000173821.19	chr17_80264902_G_A_b38	chr17_80261796_G_A_b38	0.0507427703959496
ENSG00000173821.19	chr17_80264902_G_A_b38	chr17_80277897_C_T_b38	0.0652603658384005
ENSG00000173821.19	chr17_80264902_G_A_b38	chr17_80279737_G_A_b38	0.0508824829634078
ENSG00000173821.19	chr17_80264902_G_A_b38	chr17_80248088_C_T_b38	-0.0072629682456272
ENSG00000173821.19	chr17_80264902_G_A_b38	chr17_80261501_A_G_b38	0.0519459666858511
ENSG00000173821.19	chr17_80264902_G_A_b38	chr17_80289016_G_A_b38	-0.00790522900349489
ENSG00000173821.19	chr17_80303733_G_A_b38	chr17_80303733_G_A_b38	0.102920201186097
ENSG00000173821.19	chr17_80303733_G_A_b38	chr17_80262637_T_C_b38	-0.0394802692490553
ENSG00000173821.19	chr17_80303733_G_A_b38	chr17_80261999_CTG_C_b38	-0.00459174736631386
ENSG00000173821.19	chr17_80303733_G_A_b38	chr17_80261661_A_G_b38	-0.0417260966393915
ENSG00000173821.19	chr17_80303733_G_A_b38	chr17_80325408_T_G_b38	0.0621825188299177
ENSG00000173821.19	chr17_80303733_G_A_b38	chr17_80371767_T_TAC_b38	-0.00779431381661371
ENSG00000173821.19	chr17_80303733_G_A_b38	chr17_80296001_T_C_b38	0.0331806921402298
ENSG00000173821.19	chr17_80303733_G_A_b38	chr17_80261121_G_A_b38	-0.00656232014613516
ENSG00000173821.19	chr17_80303733_G_A_b38	chr17_80285687_G_T_b38	-0.0321122468497766
ENSG00000173821.19	chr17_80303733_G_A_b38	chr17_80304135_T_G_b38	-0.00656232014613516
ENSG00000173821.19	chr17_80303733_G_A_b38	chr17_80261796_G_A_b38	-0.0396429197007233
ENSG00000173821.19	chr17_80303733_G_A_b38	chr17_80277897_C_T_b38	-0.0188236618872457
ENSG00000173821.19	chr17_80303733_G_A_b38	chr17_80279737_G_A_b38	-0.0422953732202287
ENSG00000173821.19	chr17_80303733_G_A_b38	chr17_80248088_C_T_b38	-0.0044853989940695
ENSG00000173821.19	chr17_80303733_G_A_b38	chr17_80261501_A_G_b38	-0.0414133073092611
ENSG00000173821.19	chr17_80303733_G_A_b38	chr17_80289016_G_A_b38	-0.0112291369516803
ENSG00000173821.19	chr17_80262637_T_C_b38	chr17_80262637_T_C_b38	0.478797053941562
ENSG00000173821.19	chr17_80262637_T_C_b38	chr17_80261999_CTG_C_b38	0.0414862914862914
ENSG00000173821.19	chr17_80262637_T_C_b38	chr17_80261661_A_G_b38	0.438958119593958
ENSG00000173821.19	chr17_80262637_T_C_b38	chr17_80325408_T_G_b38	-0.0455129327961699
ENSG00000173821.19	chr17_80262637_T_C_b38	chr17_80296001_T_C_b38	-0.0153892350424142
ENSG00000173821.19	chr17_80262637_T_C_b38	chr17_80261121_G_A_b38	0.0597031420730842
ENSG00000173821.19	chr17_80262637_T_C_b38	chr17_80285687_G_T_b38	0.366703209135024
ENSG00000173821.19	chr17_80262637_T_C_b38	chr17_80304135_T_G_b38	-0.0197766267130429
ENSG00000173821.19	chr17_80262637_T_C_b38	chr17_80261796_G_A_b38	0.477531299785634
ENSG00000173821.19	chr17_80262637_T_C_b38	chr17_80277897_C_T_b38	0.197832995520857
ENSG00000173821.19	chr17_80262637_T_C_b38	chr17_80279737_G_A_b38	0.426098307601197
ENSG00000173821.19	chr17_80262637_T_C_b38	chr17_80248088_C_T_b38	-0.0376660911342993
ENSG00000173821.19	chr17_80262637_T_C_b38	chr17_80261501_A_G_b38	0.446098057369735
ENSG00000173821.19	chr17_80262637_T_C_b38	chr17_80289016_G_A_b38	0.107645405333266
ENSG00000173821.19	chr17_80261999_CTG_C_b38	chr17_80261661_A_G_b38	0.0356413015372552
ENSG00000173821.19	chr17_80261999_CTG_C_b38	chr17_80325408_T_G_b38	-0.00553220061890583
ENSG00000173821.19	chr17_80261999_CTG_C_b38	chr17_80296001_T_C_b38	-0.00258989565347946
ENSG00000173821.19	chr17_80261999_CTG_C_b38	chr17_80261121_G_A_b38	0.0586021236310256
ENSG00000173821.19	chr17_80261999_CTG_C_b38	chr17_80285687_G_T_b38	0.0336997067251474
ENSG00000173821.19	chr17_80261999_CTG_C_b38	chr17_80304135_T_G_b38	-0.00353660469267404
ENSG00000173821.19	chr17_80261999_CTG_C_b38	chr17_80261796_G_A_b38	0.0399452827198492
ENSG00000173821.19	chr17_80261999_CTG_C_b38	chr17_80277897_C_T_b38	-0.0108788129019343
ENSG00000173821.19	chr17_80261999_CTG_C_b38	chr17_80279737_G_A_b38	0.0463845723961331
ENSG00000173821.19	chr17_80261999_CTG_C_b38	chr17_80248088_C_T_b38	0.00320921852713761
ENSG00000173821.19	chr17_80261999_CTG_C_b38	chr17_80261501_A_G_b38	0.0440886987129761
ENSG00000173821.19	chr17_80261999_CTG_C_b38	chr17_80289016_G_A_b38	0.0521816013145495
ENSG00000173821.19	chr17_80425730_G_A_b38	chr17_80425730_G_A_b38	0.0267038677443302
ENSG00000173821.19	chr17_80425730_G_A_b38	chr17_80371767_T_TAC_b38	-0.00406716710509328
ENSG00000173821.19	chr17_80261661_A_G_b38	chr17_80261661_A_G_b38	0.502681647190318
ENSG00000173821.19	chr17_80261661_A_G_b38	chr17_80325408_T_G_b38	-0.0564751561861389
ENSG00000173821.19	chr17_80261661_A_G_b38	chr17_80296001_T_C_b38	-0.0182231063733954
ENSG00000173821.19	chr17_80261661_A_G_b38	chr17_80261121_G_A_b38	0.0534202470618655
ENSG00000173821.19	chr17_80261661_A_G_b38	chr17_80285687_G_T_b38	0.335167573083167
ENSG00000173821.19	chr17_80261661_A_G_b38	chr17_80304135_T_G_b38	0.0375242933046401
ENSG00000173821.19	chr17_80261661_A_G_b38	chr17_80261796_G_A_b38	0.440424058921167
ENSG00000173821.19	chr17_80261661_A_G_b38	chr17_80277897_C_T_b38	0.185828141030453
ENSG00000173821.19	chr17_80261661_A_G_b38	chr17_80279737_G_A_b38	0.389074477224766
ENSG00000173821.19	chr17_80261661_A_G_b38	chr17_80248088_C_T_b38	-0.0418512123714435
ENSG00000173821.19	chr17_80261661_A_G_b38	chr17_80261501_A_G_b38	0.40578368324033
ENSG00000173821.19	chr17_80261661_A_G_b38	chr17_80289016_G_A_b38	0.0927024164018383
ENSG00000173821.19	chr17_80325408_T_G_b38	chr17_80325408_T_G_b38	0.163980848951947
ENSG00000173821.19	chr17_80325408_T_G_b38	chr17_80371767_T_TAC_b38	-0.0176527258590557
ENSG00000173821.19	chr17_80325408_T_G_b38	chr17_80296001_T_C_b38	0.0257488176563321
ENSG00000173821.19	chr17_80325408_T_G_b38	chr17_80261121_G_A_b38	-0.00991125124073098
ENSG00000173821.19	chr17_80325408_T_G_b38	chr17_80285687_G_T_b38	-0.0324254676994581
ENSG00000173821.19	chr17_80325408_T_G_b38	chr17_80304135_T_G_b38	-0.0128014246511356
ENSG00000173821.19	chr17_80325408_T_G_b38	chr17_80261796_G_A_b38	-0.0457902726688853
ENSG00000173821.19	chr17_80325408_T_G_b38	chr17_80277897_C_T_b38	-0.0141443335084953
ENSG00000173821.19	chr17_80325408_T_G_b38	chr17_80279737_G_A_b38	-0.0398639574940153
ENSG00000173821.19	chr17_80325408_T_G_b38	chr17_80248088_C_T_b38	-0.00407251707829743
ENSG00000173821.19	chr17_80325408_T_G_b38	chr17_80261501_A_G_b38	-0.0477900391195189
ENSG00000173821.19	chr17_80325408_T_G_b38	chr17_80289016_G_A_b38	-0.0182022537513867
ENSG00000173821.19	chr17_80371767_T_TAC_b38	chr17_80296001_T_C_b38	-0.00410857984988989
ENSG00000173821.19	chr17_80371767_T_TAC_b38	chr17_80285687_G_T_b38	0.0324272285535931
ENSG00000173821.19	chr17_80371767_T_TAC_b38	chr17_80304135_T_G_b38	-0.00177638863355883
ENSG00000173821.19	chr17_80371767_T_TAC_b38	chr17_80277897_C_T_b38	0.060741593247225
ENSG00000173821.19	chr17_80371767_T_TAC_b38	chr17_80279737_G_A_b38	0.046667800070947
ENSG00000173821.19	chr17_80371767_T_TAC_b38	chr17_80289016_G_A_b38	0.0393660799192625
ENSG00000173821.19	chr17_80296001_T_C_b38	chr17_80296001_T_C_b38	0.0374971848960288
ENSG00000173821.19	chr17_80296001_T_C_b38	chr17_80261121_G_A_b38	-0.00377223932137227
ENSG00000173821.19	chr17_80296001_T_C_b38	chr17_80285687_G_T_b38	-0.011667473391722
ENSG00000173821.19	chr17_80296001_T_C_b38	chr17_80304135_T_G_b38	-0.00377223932137227
ENSG00000173821.19	chr17_80296001_T_C_b38	chr17_80261796_G_A_b38	-0.0154455371218377
ENSG00000173821.19	chr17_80296001_T_C_b38	chr17_80277897_C_T_b38	-0.00968395766083627
ENSG00000173821.19	chr17_80296001_T_C_b38	chr17_80279737_G_A_b38	-0.016252533593574
ENSG00000173821.19	chr17_80296001_T_C_b38	chr17_80248088_C_T_b38	-0.0026086630132873
ENSG00000173821.19	chr17_80296001_T_C_b38	chr17_80261501_A_G_b38	-0.0155581412806846
ENSG00000173821.19	chr17_80296001_T_C_b38	chr17_80289016_G_A_b38	-0.00694392312889419
ENSG00000173821.19	chr17_80261121_G_A_b38	chr17_80261121_G_A_b38	0.0903502406392584
ENSG00000173821.19	chr17_80261121_G_A_b38	chr17_80285687_G_T_b38	0.0414946325634334
ENSG00000173821.19	chr17_80261121_G_A_b38	chr17_80304135_T_G_b38	-0.00502548190409462
ENSG00000173821.19	chr17_80261121_G_A_b38	chr17_80261796_G_A_b38	0.059563429505626
ENSG00000173821.19	chr17_80261121_G_A_b38	chr17_80277897_C_T_b38	-0.0174473888346721
ENSG00000173821.19	chr17_80261121_G_A_b38	chr17_80279737_G_A_b38	0.0546171875651645
ENSG00000173821.19	chr17_80261121_G_A_b38	chr17_80248088_C_T_b38	0.00583664890023274
ENSG00000173821.19	chr17_80261121_G_A_b38	chr17_80261501_A_G_b38	0.028937183561461
ENSG00000173821.19	chr17_80261121_G_A_b38	chr17_80289016_G_A_b38	0.0485469892984344
ENSG00000173821.19	chr17_80285687_G_T_b38	chr17_80285687_G_T_b38	0.393391041886158
ENSG00000173821.19	chr17_80285687_G_T_b38	chr17_80304135_T_G_b38	-0.0140949344666629
ENSG00000173821.19	chr17_80285687_G_T_b38	chr17_80261796_G_A_b38	0.367087616399759
ENSG00000173821.19	chr17_80285687_G_T_b38	chr17_80277897_C_T_b38	0.165793445234533
ENSG00000173821.19	chr17_80285687_G_T_b38	chr17_80279737_G_A_b38	0.368646601709109
ENSG00000173821.19	chr17_80285687_G_T_b38	chr17_80248088_C_T_b38	-0.01640849688078
ENSG00000173821.19	chr17_80285687_G_T_b38	chr17_80261501_A_G_b38	0.348878100143403
ENSG00000173821.19	chr17_80285687_G_T_b38	chr17_80289016_G_A_b38	0.0930977533509315
ENSG00000173821.19	chr17_80304135_T_G_b38	chr17_80304135_T_G_b38	0.0903502406392583
ENSG00000173821.19	chr17_80304135_T_G_b38	chr17_80261796_G_A_b38	-0.0199163392805011
ENSG00000173821.19	chr17_80304135_T_G_b38	chr17_80277897_C_T_b38	-0.00155143507744664
ENSG00000173821.19	chr17_80304135_T_G_b38	chr17_80279737_G_A_b38	-0.0219724078105581
ENSG00000173821.19	chr17_80304135_T_G_b38	chr17_80248088_C_T_b38	-0.00572404474138579
ENSG00000173821.19	chr17_80304135_T_G_b38	chr17_80261501_A_G_b38	-0.0230859378258222
ENSG00000173821.19	chr17_80304135_T_G_b38	chr17_80289016_G_A_b38	-0.00347613208884883
ENSG00000173821.19	chr17_80261796_G_A_b38	chr17_80261796_G_A_b38	0.480598720483114
ENSG00000173821.19	chr17_80261796_G_A_b38	chr17_80277897_C_T_b38	0.19731376523284
ENSG00000173821.19	chr17_80261796_G_A_b38	chr17_80279737_G_A_b38	0.424907622884501
ENSG00000173821.19	chr17_80261796_G_A_b38	chr17_80248088_C_T_b38	-0.0378162300127618
ENSG00000173821.19	chr17_80261796_G_A_b38	chr17_80261501_A_G_b38	0.447716220837607
ENSG00000173821.19	chr17_80261796_G_A_b38	chr17_80289016_G_A_b38	0.105889614560135
ENSG00000173821.19	chr17_80277897_C_T_b38	chr17_80277897_C_T_b38	0.291231889497785
ENSG00000173821.19	chr17_80277897_C_T_b38	chr17_80279737_G_A_b38	0.212190025773841
ENSG00000173821.19	chr17_80277897_C_T_b38	chr17_80248088_C_T_b38	-0.0243788003903611
ENSG00000173821.19	chr17_80277897_C_T_b38	chr17_80261501_A_G_b38	0.196275304656808
ENSG00000173821.19	chr17_80277897_C_T_b38	chr17_80289016_G_A_b38	0.055582663964167
ENSG00000173821.19	chr17_80279737_G_A_b38	chr17_80279737_G_A_b38	0.489194171275096
ENSG00000173821.19	chr17_80279737_G_A_b38	chr17_80248088_C_T_b38	-0.0149200510472186
ENSG00000173821.19	chr17_80279737_G_A_b38	chr17_80261501_A_G_b38	0.402295039578277
ENSG00000173821.19	chr17_80279737_G_A_b38	chr17_80289016_G_A_b38	0.0668076303914454
ENSG00000173821.19	chr17_80248088_C_T_b38	chr17_80248088_C_T_b38	0.096126416935666
ENSG00000173821.19	chr17_80248088_C_T_b38	chr17_80261501_A_G_b38	-0.0308910742436754
ENSG00000173821.19	chr17_80248088_C_T_b38	chr17_80289016_G_A_b38	-0.00647473913369868
ENSG00000173821.19	chr17_80261501_A_G_b38	chr17_80261501_A_G_b38	0.48996988881382
ENSG00000173821.19	chr17_80261501_A_G_b38	chr17_80289016_G_A_b38	0.10815837983468
ENSG00000173821.19	chr17_80289016_G_A_b38	chr17_80289016_G_A_b38	0.183473880005672
ENSG00000173818.16	chr17_80452152_T_C_b38	chr17_80452152_T_C_b38	0.327982550525902
ENSG00000173818.16	chr17_80452152_T_C_b38	chr17_80427208_C_A_b38	0.00685365976251918
ENSG00000173818.16	chr17_80452152_T_C_b38	chr17_80453940_C_T_b38	0.294776835239264
ENSG00000173818.16	chr17_80452152_T_C_b38	chr17_80435119_TTA_T_b38	0.195414091367849
ENSG00000173818.16	chr17_80452152_T_C_b38	chr17_80498808_C_T_b38	0.0145384480644596
ENSG00000173818.16	chr17_80452152_T_C_b38	chr17_80438056_T_C_b38	0.0281239313031221
ENSG00000173818.16	chr17_80452152_T_C_b38	chr17_80414625_C_T_b38	-0.0589065719123524
ENSG00000173818.16	chr17_80452152_T_C_b38	chr17_80410969_C_T_b38	0.00562186689354318
ENSG00000173818.16	chr17_80452152_T_C_b38	chr17_80419015_C_A_b38	-0.071595392404641
ENSG00000173818.16	chr17_80452152_T_C_b38	chr17_80415640_GTCC_G_b38	0.00267122087931338
ENSG00000173818.16	chr17_80452152_T_C_b38	chr17_80413395_G_A_b38	0.013704343184112
ENSG00000173818.16	chr17_80452152_T_C_b38	chr17_80366604_T_C_b38	0.0394010292854224
ENSG00000173818.16	chr17_80452152_T_C_b38	chr17_80443422_C_T_b38	0.0206378400020019
ENSG00000173818.16	chr17_80452152_T_C_b38	chr17_80418434_G_A_b38	-0.00481278515960597
ENSG00000173818.16	chr17_80452152_T_C_b38	chr17_80415678_G_A_b38	0.00497752087347465
ENSG00000173818.16	chr17_80452152_T_C_b38	chr17_80401297_T_TC_b38	0.0220182835789773
ENSG00000173818.16	chr17_80452152_T_C_b38	chr17_80425204_A_C_b38	-0.00283178606878029
ENSG00000173818.16	chr17_80452152_T_C_b38	chr17_80423956_C_T_b38	0.00321755957594116
ENSG00000173818.16	chr17_80452152_T_C_b38	chr17_80416395_G_A_b38	-0.0393238745839901
ENSG00000173818.16	chr17_80452152_T_C_b38	chr17_80366319_T_C_b38	0.0147365479735422
ENSG00000173818.16	chr17_80452152_T_C_b38	chr17_80418261_T_C_b38	0.0732490053299301
ENSG00000173818.16	chr17_80452152_T_C_b38	chr17_80417033_G_T_b38	0.00648725070690392
ENSG00000173818.16	chr17_80452152_T_C_b38	chr17_80417249_T_G_b38	-0.0393238745839901
ENSG00000173818.16	chr17_80452152_T_C_b38	chr17_80424722_G_A_b38	-0.00448748425627043
ENSG00000173818.16	chr17_80452152_T_C_b38	chr17_80431275_G_A_b38	0.0054237669844606
ENSG00000173818.16	chr17_80427208_C_A_b38	chr17_80427208_C_A_b38	0.0632792546041132
ENSG00000173818.16	chr17_80427208_C_A_b38	chr17_80453940_C_T_b38	-0.0109284682247475
ENSG00000173818.16	chr17_80427208_C_A_b38	chr17_80435119_TTA_T_b38	0.0153603474904163
ENSG00000173818.16	chr17_80427208_C_A_b38	chr17_80498808_C_T_b38	-0.00571943473160255
ENSG00000173818.16	chr17_80427208_C_A_b38	chr17_80438056_T_C_b38	-0.00600299099728636
ENSG00000173818.16	chr17_80427208_C_A_b38	chr17_80414625_C_T_b38	-0.0346001646791632
ENSG00000173818.16	chr17_80427208_C_A_b38	chr17_80410969_C_T_b38	-0.0125436886774281
ENSG00000173818.16	chr17_80427208_C_A_b38	chr17_80419015_C_A_b38	-0.00258351256821151
ENSG00000173818.16	chr17_80427208_C_A_b38	chr17_80415640_GTCC_G_b38	-0.00207311130588997
ENSG00000173818.16	chr17_80427208_C_A_b38	chr17_80413395_G_A_b38	-0.000268853341427706
ENSG00000173818.16	chr17_80427208_C_A_b38	chr17_80366604_T_C_b38	-0.00486246471823087
ENSG00000173818.16	chr17_80427208_C_A_b38	chr17_80443422_C_T_b38	-0.00303300174928101
ENSG00000173818.16	chr17_80427208_C_A_b38	chr17_80418434_G_A_b38	-0.0051145147233335
ENSG00000173818.16	chr17_80427208_C_A_b38	chr17_80415678_G_A_b38	-0.00471123471119193
ENSG00000173818.16	chr17_80427208_C_A_b38	chr17_80349101_G_A_b38	-0.0213402339072161
ENSG00000173818.16	chr17_80427208_C_A_b38	chr17_80401297_T_TC_b38	0.0598240691088475
ENSG00000173818.16	chr17_80427208_C_A_b38	chr17_80425204_A_C_b38	-0.00445918470608929
ENSG00000173818.16	chr17_80427208_C_A_b38	chr17_80423956_C_T_b38	0.0561189340059971
ENSG00000173818.16	chr17_80427208_C_A_b38	chr17_80416395_G_A_b38	0.0270638694788659
ENSG00000173818.16	chr17_80427208_C_A_b38	chr17_80366319_T_C_b38	0.05837058073946
ENSG00000173818.16	chr17_80427208_C_A_b38	chr17_80418261_T_C_b38	-0.0223358314313488
ENSG00000173818.16	chr17_80427208_C_A_b38	chr17_80417033_G_T_b38	0.0632792546186645
ENSG00000173818.16	chr17_80427208_C_A_b38	chr17_80417249_T_G_b38	0.0270638694788659
ENSG00000173818.16	chr17_80427208_C_A_b38	chr17_80424722_G_A_b38	-0.00696288144067739
ENSG00000173818.16	chr17_80427208_C_A_b38	chr17_80431275_G_A_b38	0.0630818154506521
ENSG00000173818.16	chr17_80320777_C_T_b38	chr17_80320777_C_T_b38	0.0334809698971548
ENSG00000173818.16	chr17_80320777_C_T_b38	chr17_80414625_C_T_b38	-0.0158646748242124
ENSG00000173818.16	chr17_80320777_C_T_b38	chr17_80410969_C_T_b38	-0.00360958886970446
ENSG00000173818.16	chr17_80320777_C_T_b38	chr17_80419015_C_A_b38	-0.00142006355879189
ENSG00000173818.16	chr17_80320777_C_T_b38	chr17_80415640_GTCC_G_b38	-0.00105097214923804
ENSG00000173818.16	chr17_80320777_C_T_b38	chr17_80413395_G_A_b38	-0.000156394665065181
ENSG00000173818.16	chr17_80320777_C_T_b38	chr17_80366604_T_C_b38	-0.00327803217976627
ENSG00000173818.16	chr17_80320777_C_T_b38	chr17_80418434_G_A_b38	0.000969646923404141
ENSG00000173818.16	chr17_80320777_C_T_b38	chr17_80415678_G_A_b38	-0.000963391136801546
ENSG00000173818.16	chr17_80320777_C_T_b38	chr17_80349101_G_A_b38	-0.00659359907914821
ENSG00000173818.16	chr17_80320777_C_T_b38	chr17_80401297_T_TC_b38	0.0245977529214523
ENSG00000173818.16	chr17_80320777_C_T_b38	chr17_80416395_G_A_b38	0.0103783499737257
ENSG00000173818.16	chr17_80320777_C_T_b38	chr17_80366319_T_C_b38	0.0223456697445136
ENSG00000173818.16	chr17_80320777_C_T_b38	chr17_80418261_T_C_b38	-0.00934614518429548
ENSG00000173818.16	chr17_80320777_C_T_b38	chr17_80417033_G_T_b38	0.0263493731701823
ENSG00000173818.16	chr17_80320777_C_T_b38	chr17_80417249_T_G_b38	0.0103783499737257
ENSG00000173818.16	chr17_80453940_C_T_b38	chr17_80453940_C_T_b38	0.413286456639057
ENSG00000173818.16	chr17_80453940_C_T_b38	chr17_80435119_TTA_T_b38	0.174119393772573
ENSG00000173818.16	chr17_80453940_C_T_b38	chr17_80498808_C_T_b38	0.0035032404974601
ENSG00000173818.16	chr17_80453940_C_T_b38	chr17_80438056_T_C_b38	0.0407293413073761
ENSG00000173818.16	chr17_80453940_C_T_b38	chr17_80414625_C_T_b38	-0.0276088715395073
ENSG00000173818.16	chr17_80453940_C_T_b38	chr17_80410969_C_T_b38	-0.019138536479577
ENSG00000173818.16	chr17_80453940_C_T_b38	chr17_80419015_C_A_b38	-0.0644763072508736
ENSG00000173818.16	chr17_80453940_C_T_b38	chr17_80415640_GTCC_G_b38	0.00280259239796811
ENSG00000173818.16	chr17_80453940_C_T_b38	chr17_80413395_G_A_b38	-0.0213968754431182
ENSG00000173818.16	chr17_80453940_C_T_b38	chr17_80366604_T_C_b38	-0.00158062874825881
ENSG00000173818.16	chr17_80453940_C_T_b38	chr17_80443422_C_T_b38	0.0261742111453094
ENSG00000173818.16	chr17_80453940_C_T_b38	chr17_80418434_G_A_b38	0.0087685275546547
ENSG00000173818.16	chr17_80453940_C_T_b38	chr17_80415678_G_A_b38	0.00545921644187538
ENSG00000173818.16	chr17_80453940_C_T_b38	chr17_80401297_T_TC_b38	-0.0333892183603166
ENSG00000173818.16	chr17_80453940_C_T_b38	chr17_80425204_A_C_b38	0.0124511006013896
ENSG00000173818.16	chr17_80453940_C_T_b38	chr17_80423956_C_T_b38	-0.0238574848401439
ENSG00000173818.16	chr17_80453940_C_T_b38	chr17_80416395_G_A_b38	-0.0642844631283938
ENSG00000173818.16	chr17_80453940_C_T_b38	chr17_80366319_T_C_b38	-0.0238741669377507
ENSG00000173818.16	chr17_80453940_C_T_b38	chr17_80418261_T_C_b38	0.0862360183169431
ENSG00000173818.16	chr17_80453940_C_T_b38	chr17_80417033_G_T_b38	-0.0144571228386257
ENSG00000173818.16	chr17_80453940_C_T_b38	chr17_80417249_T_G_b38	-0.0642844631283938
ENSG00000173818.16	chr17_80453940_C_T_b38	chr17_80424722_G_A_b38	-0.00959846191060056
ENSG00000173818.16	chr17_80453940_C_T_b38	chr17_80431275_G_A_b38	-0.0163276030328053
ENSG00000173818.16	chr17_80435119_TTA_T_b38	chr17_80498808_C_T_b38	-0.0188737081800665
ENSG00000173818.16	chr17_80435119_TTA_T_b38	chr17_80438056_T_C_b38	0.0582372027458733
ENSG00000173818.16	chr17_80435119_TTA_T_b38	chr17_80414625_C_T_b38	-0.0145175954424509
ENSG00000173818.16	chr17_80435119_TTA_T_b38	chr17_80410969_C_T_b38	0.0993189533651962
ENSG00000173818.16	chr17_80435119_TTA_T_b38	chr17_80419015_C_A_b38	-0.0888780455254445
ENSG00000173818.16	chr17_80435119_TTA_T_b38	chr17_80413395_G_A_b38	0.0210465513933722
ENSG00000173818.16	chr17_80435119_TTA_T_b38	chr17_80366604_T_C_b38	0.0823303222147155
ENSG00000173818.16	chr17_80435119_TTA_T_b38	chr17_80443422_C_T_b38	0.0309723994695092
ENSG00000173818.16	chr17_80435119_TTA_T_b38	chr17_80418434_G_A_b38	0.0436924988948111
ENSG00000173818.16	chr17_80435119_TTA_T_b38	chr17_80415678_G_A_b38	0.0258509955041747
ENSG00000173818.16	chr17_80435119_TTA_T_b38	chr17_80349101_G_A_b38	0.139499870713744
ENSG00000173818.16	chr17_80435119_TTA_T_b38	chr17_80425204_A_C_b38	0.0471477783616513
ENSG00000173818.16	chr17_80435119_TTA_T_b38	chr17_80423956_C_T_b38	0.05100759869546
ENSG00000173818.16	chr17_80435119_TTA_T_b38	chr17_80416395_G_A_b38	0.0190926607111578
ENSG00000173818.16	chr17_80435119_TTA_T_b38	chr17_80366319_T_C_b38	0.0408648833504325
ENSG00000173818.16	chr17_80435119_TTA_T_b38	chr17_80418261_T_C_b38	0.167048269649426
ENSG00000173818.16	chr17_80435119_TTA_T_b38	chr17_80417033_G_T_b38	0.0149826089132447
ENSG00000173818.16	chr17_80435119_TTA_T_b38	chr17_80417249_T_G_b38	0.0190926607111578
ENSG00000173818.16	chr17_80435119_TTA_T_b38	chr17_80424722_G_A_b38	0.0369675282970081
ENSG00000173818.16	chr17_80435119_TTA_T_b38	chr17_80431275_G_A_b38	0.0150138878462578
ENSG00000173818.16	chr17_80498808_C_T_b38	chr17_80498808_C_T_b38	0.473725696269049
ENSG00000173818.16	chr17_80498808_C_T_b38	chr17_80438056_T_C_b38	0.00494832720266245
ENSG00000173818.16	chr17_80498808_C_T_b38	chr17_80414625_C_T_b38	0.00324049746015054
ENSG00000173818.16	chr17_80498808_C_T_b38	chr17_80410969_C_T_b38	0.00494832720266253
ENSG00000173818.16	chr17_80498808_C_T_b38	chr17_80419015_C_A_b38	0.0309160973900858
ENSG00000173818.16	chr17_80498808_C_T_b38	chr17_80415640_GTCC_G_b38	-0.00801366263794012
ENSG00000173818.16	chr17_80498808_C_T_b38	chr17_80413395_G_A_b38	0.00402872657207918
ENSG00000173818.16	chr17_80498808_C_T_b38	chr17_80443422_C_T_b38	-0.0191802417235943
ENSG00000173818.16	chr17_80498808_C_T_b38	chr17_80418434_G_A_b38	-0.00937116833070589
ENSG00000173818.16	chr17_80498808_C_T_b38	chr17_80415678_G_A_b38	0.00915221579961466
ENSG00000173818.16	chr17_80498808_C_T_b38	chr17_80401297_T_TC_b38	0.00179541075494834
ENSG00000173818.16	chr17_80498808_C_T_b38	chr17_80425204_A_C_b38	-0.0112541600980908
ENSG00000173818.16	chr17_80498808_C_T_b38	chr17_80423956_C_T_b38	0.00713785251357508
ENSG00000173818.16	chr17_80498808_C_T_b38	chr17_80416395_G_A_b38	0.00236468733578555
ENSG00000173818.16	chr17_80498808_C_T_b38	chr17_80418261_T_C_b38	-0.0211508145034158
ENSG00000173818.16	chr17_80498808_C_T_b38	chr17_80417033_G_T_b38	-0.00315291644771413
ENSG00000173818.16	chr17_80498808_C_T_b38	chr17_80417249_T_G_b38	0.00236468733578555
ENSG00000173818.16	chr17_80498808_C_T_b38	chr17_80424722_G_A_b38	0.0111227885794359
ENSG00000173818.16	chr17_80498808_C_T_b38	chr17_80431275_G_A_b38	-0.00367840252233316
ENSG00000173818.16	chr17_80438056_T_C_b38	chr17_80438056_T_C_b38	0.170649517470327
ENSG00000173818.16	chr17_80438056_T_C_b38	chr17_80414625_C_T_b38	-0.0760536829900991
ENSG00000173818.16	chr17_80438056_T_C_b38	chr17_80410969_C_T_b38	0.0763059997164043
ENSG00000173818.16	chr17_80438056_T_C_b38	chr17_80419015_C_A_b38	-0.0104575899373587
ENSG00000173818.16	chr17_80438056_T_C_b38	chr17_80415640_GTCC_G_b38	0.0186985461551936
ENSG00000173818.16	chr17_80438056_T_C_b38	chr17_80413395_G_A_b38	-0.00316125749651762
ENSG00000173818.16	chr17_80438056_T_C_b38	chr17_80366604_T_C_b38	0.0982679812159582
ENSG00000173818.16	chr17_80438056_T_C_b38	chr17_80443422_C_T_b38	0.0684946075119485
ENSG00000173818.16	chr17_80438056_T_C_b38	chr17_80418434_G_A_b38	-0.0190321881073326
ENSG00000173818.16	chr17_80438056_T_C_b38	chr17_80415678_G_A_b38	-0.0171804752729609
ENSG00000173818.16	chr17_80438056_T_C_b38	chr17_80349101_G_A_b38	-0.0389818915830476
ENSG00000173818.16	chr17_80438056_T_C_b38	chr17_80401297_T_TC_b38	-0.0110247812559951
ENSG00000173818.16	chr17_80438056_T_C_b38	chr17_80425204_A_C_b38	-0.019822502481462
ENSG00000173818.16	chr17_80438056_T_C_b38	chr17_80423956_C_T_b38	0.0943643703759312
ENSG00000173818.16	chr17_80438056_T_C_b38	chr17_80416395_G_A_b38	-0.0874058504116306
ENSG00000173818.16	chr17_80438056_T_C_b38	chr17_80366319_T_C_b38	-0.0120382186856176
ENSG00000173818.16	chr17_80438056_T_C_b38	chr17_80418261_T_C_b38	-0.0413444936566324
ENSG00000173818.16	chr17_80438056_T_C_b38	chr17_80417033_G_T_b38	-0.00702524835472811
ENSG00000173818.16	chr17_80438056_T_C_b38	chr17_80417249_T_G_b38	-0.0874058504116306
ENSG00000173818.16	chr17_80438056_T_C_b38	chr17_80424722_G_A_b38	0.101948469000492
ENSG00000173818.16	chr17_80438056_T_C_b38	chr17_80431275_G_A_b38	-0.00786352375947753
ENSG00000173818.16	chr17_80414625_C_T_b38	chr17_80414625_C_T_b38	0.473016707120753
ENSG00000173818.16	chr17_80414625_C_T_b38	chr17_80410969_C_T_b38	-0.257515284971932
ENSG00000173818.16	chr17_80414625_C_T_b38	chr17_80419015_C_A_b38	0.066081959145543
ENSG00000173818.16	chr17_80414625_C_T_b38	chr17_80415640_GTCC_G_b38	-0.0167717638815905
ENSG00000173818.16	chr17_80414625_C_T_b38	chr17_80413395_G_A_b38	-0.0274149421548264
ENSG00000173818.16	chr17_80414625_C_T_b38	chr17_80366604_T_C_b38	-0.142285781014105
ENSG00000173818.16	chr17_80414625_C_T_b38	chr17_80443422_C_T_b38	-0.020875559892901
ENSG00000173818.16	chr17_80414625_C_T_b38	chr17_80418434_G_A_b38	-0.0932258172142565
ENSG00000173818.16	chr17_80414625_C_T_b38	chr17_80415678_G_A_b38	0.0555555555555557
ENSG00000173818.16	chr17_80414625_C_T_b38	chr17_80349101_G_A_b38	0.182297792124381
ENSG00000173818.16	chr17_80414625_C_T_b38	chr17_80401297_T_TC_b38	-0.0645555472145068
ENSG00000173818.16	chr17_80414625_C_T_b38	chr17_80425204_A_C_b38	-0.0903252174928474
ENSG00000173818.16	chr17_80414625_C_T_b38	chr17_80423956_C_T_b38	-0.176367306425109
ENSG00000173818.16	chr17_80414625_C_T_b38	chr17_80416395_G_A_b38	0.406288316692941
ENSG00000173818.16	chr17_80414625_C_T_b38	chr17_80366319_T_C_b38	-0.024937650660194
ENSG00000173818.16	chr17_80414625_C_T_b38	chr17_80418261_T_C_b38	0.224457623301554
ENSG00000173818.16	chr17_80414625_C_T_b38	chr17_80417033_G_T_b38	-0.036602607411856
ENSG00000173818.16	chr17_80414625_C_T_b38	chr17_80417249_T_G_b38	0.406288316692941
ENSG00000173818.16	chr17_80414625_C_T_b38	chr17_80424722_G_A_b38	-0.137960947209502
ENSG00000173818.16	chr17_80414625_C_T_b38	chr17_80431275_G_A_b38	-0.035695518354478
ENSG00000173818.16	chr17_80410969_C_T_b38	chr17_80410969_C_T_b38	0.353969088073135
ENSG00000173818.16	chr17_80410969_C_T_b38	chr17_80419015_C_A_b38	-0.0377077963783167
ENSG00000173818.16	chr17_80410969_C_T_b38	chr17_80415640_GTCC_G_b38	-0.00731301453844809
ENSG00000173818.16	chr17_80410969_C_T_b38	chr17_80413395_G_A_b38	0.0327594691756541
ENSG00000173818.16	chr17_80410969_C_T_b38	chr17_80366604_T_C_b38	0.189721325559476
ENSG00000173818.16	chr17_80410969_C_T_b38	chr17_80443422_C_T_b38	0.00759452493556543
ENSG00000173818.16	chr17_80410969_C_T_b38	chr17_80418434_G_A_b38	0.133114797854682
ENSG00000173818.16	chr17_80410969_C_T_b38	chr17_80415678_G_A_b38	-0.0301862556197816
ENSG00000173818.16	chr17_80410969_C_T_b38	chr17_80349101_G_A_b38	-0.0883212805178122
ENSG00000173818.16	chr17_80410969_C_T_b38	chr17_80401297_T_TC_b38	0.0156061023113046
ENSG00000173818.16	chr17_80410969_C_T_b38	chr17_80425204_A_C_b38	0.130466514859579
ENSG00000173818.16	chr17_80410969_C_T_b38	chr17_80423956_C_T_b38	0.168683115214907
ENSG00000173818.16	chr17_80410969_C_T_b38	chr17_80416395_G_A_b38	-0.240585041163076
ENSG00000173818.16	chr17_80410969_C_T_b38	chr17_80366319_T_C_b38	-0.00543210803326408
ENSG00000173818.16	chr17_80410969_C_T_b38	chr17_80418261_T_C_b38	-0.114837474664065
ENSG00000173818.16	chr17_80410969_C_T_b38	chr17_80417033_G_T_b38	-0.0150764457122838
ENSG00000173818.16	chr17_80410969_C_T_b38	chr17_80417249_T_G_b38	-0.240585041163076
ENSG00000173818.16	chr17_80410969_C_T_b38	chr17_80424722_G_A_b38	0.183699088323366
ENSG00000173818.16	chr17_80410969_C_T_b38	chr17_80431275_G_A_b38	-0.0157082801591472
ENSG00000173818.16	chr17_80419015_C_A_b38	chr17_80419015_C_A_b38	0.161728765775008
ENSG00000173818.16	chr17_80419015_C_A_b38	chr17_80415640_GTCC_G_b38	-0.00214573480469434
ENSG00000173818.16	chr17_80419015_C_A_b38	chr17_80413395_G_A_b38	-0.00622867819399611
ENSG00000173818.16	chr17_80419015_C_A_b38	chr17_80366604_T_C_b38	-0.0231735188382588
ENSG00000173818.16	chr17_80419015_C_A_b38	chr17_80443422_C_T_b38	-0.00716287565998547
ENSG00000173818.16	chr17_80419015_C_A_b38	chr17_80418434_G_A_b38	-0.00974443026466149
ENSG00000173818.16	chr17_80419015_C_A_b38	chr17_80415678_G_A_b38	-0.0112395632626846
ENSG00000173818.16	chr17_80419015_C_A_b38	chr17_80349101_G_A_b38	-0.0456839242966411
ENSG00000173818.16	chr17_80419015_C_A_b38	chr17_80401297_T_TC_b38	-0.00906254952497727
ENSG00000173818.16	chr17_80419015_C_A_b38	chr17_80425204_A_C_b38	-0.0116628714894611
ENSG00000173818.16	chr17_80419015_C_A_b38	chr17_80423956_C_T_b38	-0.0252942304965426
ENSG00000173818.16	chr17_80419015_C_A_b38	chr17_80416395_G_A_b38	0.0579786302329656
ENSG00000173818.16	chr17_80419015_C_A_b38	chr17_80366319_T_C_b38	0.00326760586876193
ENSG00000173818.16	chr17_80419015_C_A_b38	chr17_80418261_T_C_b38	-0.0516477741911269
ENSG00000173818.16	chr17_80419015_C_A_b38	chr17_80417033_G_T_b38	-0.0021144558716813
ENSG00000173818.16	chr17_80419015_C_A_b38	chr17_80417249_T_G_b38	0.0579786302329656
ENSG00000173818.16	chr17_80419015_C_A_b38	chr17_80424722_G_A_b38	-0.0227001643186615
ENSG00000173818.16	chr17_80419015_C_A_b38	chr17_80431275_G_A_b38	-0.00283387133098117
ENSG00000173818.16	chr17_80415640_GTCC_G_b38	chr17_80413395_G_A_b38	0.00148887721142056
ENSG00000173818.16	chr17_80415640_GTCC_G_b38	chr17_80366604_T_C_b38	-0.00359082150989666
ENSG00000173818.16	chr17_80415640_GTCC_G_b38	chr17_80443422_C_T_b38	0.0147136100893326
ENSG00000173818.16	chr17_80415640_GTCC_G_b38	chr17_80418434_G_A_b38	-0.00258363986687685
ENSG00000173818.16	chr17_80415640_GTCC_G_b38	chr17_80415678_G_A_b38	-0.00192678227360308
ENSG00000173818.16	chr17_80415640_GTCC_G_b38	chr17_80349101_G_A_b38	-0.00613067087055524
ENSG00000173818.16	chr17_80415640_GTCC_G_b38	chr17_80425204_A_C_b38	-0.00293396391662288
ENSG00000173818.16	chr17_80415640_GTCC_G_b38	chr17_80423956_C_T_b38	-0.00845156770012261
ENSG00000173818.16	chr17_80415640_GTCC_G_b38	chr17_80416395_G_A_b38	-0.0174724119810825
ENSG00000173818.16	chr17_80415640_GTCC_G_b38	chr17_80366319_T_C_b38	-0.00284638290418638
ENSG00000173818.16	chr17_80415640_GTCC_G_b38	chr17_80418261_T_C_b38	-0.00709406200735679
ENSG00000173818.16	chr17_80415640_GTCC_G_b38	chr17_80417033_G_T_b38	-0.00223331581713084
ENSG00000173818.16	chr17_80415640_GTCC_G_b38	chr17_80417249_T_G_b38	-0.0174724119810825
ENSG00000173818.16	chr17_80415640_GTCC_G_b38	chr17_80424722_G_A_b38	-0.00613067087055527
ENSG00000173818.16	chr17_80415640_GTCC_G_b38	chr17_80431275_G_A_b38	-0.0023646873357856
ENSG00000173818.16	chr17_80413395_G_A_b38	chr17_80413395_G_A_b38	0.0469976394831887
ENSG00000173818.16	chr17_80413395_G_A_b38	chr17_80366604_T_C_b38	0.0399452827198491
ENSG00000173818.16	chr17_80413395_G_A_b38	chr17_80443422_C_T_b38	-0.00111353001526412
ENSG00000173818.16	chr17_80413395_G_A_b38	chr17_80418434_G_A_b38	-0.00545087539307194
ENSG00000173818.16	chr17_80413395_G_A_b38	chr17_80415678_G_A_b38	-0.00513808606294154
ENSG00000173818.16	chr17_80413395_G_A_b38	chr17_80349101_G_A_b38	-0.0102365521440666
ENSG00000173818.16	chr17_80413395_G_A_b38	chr17_80401297_T_TC_b38	0.0448393931052892
ENSG00000173818.16	chr17_80413395_G_A_b38	chr17_80425204_A_C_b38	-0.00598470251649443
ENSG00000173818.16	chr17_80413395_G_A_b38	chr17_80423956_C_T_b38	-0.00930026941587634
ENSG00000173818.16	chr17_80413395_G_A_b38	chr17_80416395_G_A_b38	0.0176913645121737
ENSG00000173818.16	chr17_80413395_G_A_b38	chr17_80366319_T_C_b38	0.0302759218944189
ENSG00000173818.16	chr17_80413395_G_A_b38	chr17_80418261_T_C_b38	-0.00812626679678704
ENSG00000173818.16	chr17_80413395_G_A_b38	chr17_80417033_G_T_b38	-0.00051297450141381
ENSG00000173818.16	chr17_80413395_G_A_b38	chr17_80417249_T_G_b38	0.0176913645121737
ENSG00000173818.16	chr17_80413395_G_A_b38	chr17_80424722_G_A_b38	-0.00865383813360691
ENSG00000173818.16	chr17_80413395_G_A_b38	chr17_80431275_G_A_b38	-0.000713159672697252
ENSG00000173818.16	chr17_80366604_T_C_b38	chr17_80366604_T_C_b38	0.216366805962182
ENSG00000173818.16	chr17_80366604_T_C_b38	chr17_80443422_C_T_b38	0.0192615669494283
ENSG00000173818.16	chr17_80366604_T_C_b38	chr17_80418434_G_A_b38	-0.0240576700114273
ENSG00000173818.16	chr17_80366604_T_C_b38	chr17_80415678_G_A_b38	-0.0203917790622994
ENSG00000173818.16	chr17_80366604_T_C_b38	chr17_80349101_G_A_b38	-0.0602036050012928
ENSG00000173818.16	chr17_80366604_T_C_b38	chr17_80401297_T_TC_b38	0.032569710315375
ENSG00000173818.16	chr17_80366604_T_C_b38	chr17_80425204_A_C_b38	-0.024186956267881
ENSG00000173818.16	chr17_80366604_T_C_b38	chr17_80423956_C_T_b38	0.164700264411247
ENSG00000173818.16	chr17_80366604_T_C_b38	chr17_80416395_G_A_b38	-0.109651427570503
ENSG00000173818.16	chr17_80366604_T_C_b38	chr17_80366319_T_C_b38	0.0155852496892959
ENSG00000173818.16	chr17_80366604_T_C_b38	chr17_80418261_T_C_b38	-0.0607311763381127
ENSG00000173818.16	chr17_80366604_T_C_b38	chr17_80417033_G_T_b38	-0.00624327502940221
ENSG00000173818.16	chr17_80366604_T_C_b38	chr17_80417249_T_G_b38	-0.109651427570503
ENSG00000173818.16	chr17_80366604_T_C_b38	chr17_80424722_G_A_b38	0.171698404357363
ENSG00000173818.16	chr17_80366604_T_C_b38	chr17_80431275_G_A_b38	-0.00737557240447412
ENSG00000173818.16	chr17_80443422_C_T_b38	chr17_80443422_C_T_b38	0.0878687786202237
ENSG00000173818.16	chr17_80443422_C_T_b38	chr17_80418434_G_A_b38	-0.00841403298050696
ENSG00000173818.16	chr17_80443422_C_T_b38	chr17_80415678_G_A_b38	-0.00674373795761078
ENSG00000173818.16	chr17_80443422_C_T_b38	chr17_80349101_G_A_b38	-0.00492330405625204
ENSG00000173818.16	chr17_80443422_C_T_b38	chr17_80401297_T_TC_b38	-0.00208943272527089
ENSG00000173818.16	chr17_80443422_C_T_b38	chr17_80425204_A_C_b38	-0.00796987213172183
ENSG00000173818.16	chr17_80443422_C_T_b38	chr17_80423956_C_T_b38	0.0165215324174862
ENSG00000173818.16	chr17_80443422_C_T_b38	chr17_80416395_G_A_b38	-0.0267997898055701
ENSG00000173818.16	chr17_80443422_C_T_b38	chr17_80366319_T_C_b38	-0.0033843805520106
ENSG00000173818.16	chr17_80443422_C_T_b38	chr17_80418261_T_C_b38	-0.00746940920351324
ENSG00000173818.16	chr17_80443422_C_T_b38	chr17_80417033_G_T_b38	-0.00349072892425495
ENSG00000173818.16	chr17_80443422_C_T_b38	chr17_80417249_T_G_b38	-0.0267997898055701
ENSG00000173818.16	chr17_80443422_C_T_b38	chr17_80424722_G_A_b38	0.0188174061006432
ENSG00000173818.16	chr17_80443422_C_T_b38	chr17_80431275_G_A_b38	-0.00386607612041138
ENSG00000173818.16	chr17_80418434_G_A_b38	chr17_80418434_G_A_b38	0.165394656724137
ENSG00000173818.16	chr17_80418434_G_A_b38	chr17_80415678_G_A_b38	-0.00561978163134236
ENSG00000173818.16	chr17_80418434_G_A_b38	chr17_80349101_G_A_b38	-0.0173618930844364
ENSG00000173818.16	chr17_80418434_G_A_b38	chr17_80401297_T_TC_b38	-0.012300961722927
ENSG00000173818.16	chr17_80418434_G_A_b38	chr17_80425204_A_C_b38	0.163309394523268
ENSG00000173818.16	chr17_80418434_G_A_b38	chr17_80423956_C_T_b38	-0.0314520097757091
ENSG00000173818.16	chr17_80418434_G_A_b38	chr17_80416395_G_A_b38	-0.104484147836749
ENSG00000173818.16	chr17_80418434_G_A_b38	chr17_80366319_T_C_b38	-0.0182502147820068
ENSG00000173818.16	chr17_80418434_G_A_b38	chr17_80418261_T_C_b38	-0.041813677651828
ENSG00000173818.16	chr17_80418434_G_A_b38	chr17_80417033_G_T_b38	-0.00606811300452918
ENSG00000173818.16	chr17_80418434_G_A_b38	chr17_80417249_T_G_b38	-0.104484147836749
ENSG00000173818.16	chr17_80418434_G_A_b38	chr17_80424722_G_A_b38	-0.0263076679261652
ENSG00000173818.16	chr17_80418434_G_A_b38	chr17_80431275_G_A_b38	-0.00540499962465282
ENSG00000173818.16	chr17_80415678_G_A_b38	chr17_80415678_G_A_b38	0.107578676942838
ENSG00000173818.16	chr17_80415678_G_A_b38	chr17_80349101_G_A_b38	0.0883108542068082
ENSG00000173818.16	chr17_80415678_G_A_b38	chr17_80401297_T_TC_b38	-0.00947334617854852
ENSG00000173818.16	chr17_80415678_G_A_b38	chr17_80425204_A_C_b38	-0.0054592164418754
ENSG00000173818.16	chr17_80415678_G_A_b38	chr17_80423956_C_T_b38	-0.0247270391779063
ENSG00000173818.16	chr17_80415678_G_A_b38	chr17_80416395_G_A_b38	0.0452793834296725
ENSG00000173818.16	chr17_80415678_G_A_b38	chr17_80366319_T_C_b38	-0.0138086062941554
ENSG00000173818.16	chr17_80415678_G_A_b38	chr17_80418261_T_C_b38	0.0895953757225435
ENSG00000173818.16	chr17_80415678_G_A_b38	chr17_80417033_G_T_b38	-0.00529865125240845
ENSG00000173818.16	chr17_80415678_G_A_b38	chr17_80417249_T_G_b38	0.0452793834296725
ENSG00000173818.16	chr17_80415678_G_A_b38	chr17_80424722_G_A_b38	-0.0191072575465639
ENSG00000173818.16	chr17_80415678_G_A_b38	chr17_80431275_G_A_b38	-0.00433526011560694
ENSG00000173818.16	chr17_80349101_G_A_b38	chr17_80349101_G_A_b38	0.365267038677443
ENSG00000173818.16	chr17_80349101_G_A_b38	chr17_80401297_T_TC_b38	-0.0301299535403582
ENSG00000173818.16	chr17_80349101_G_A_b38	chr17_80425204_A_C_b38	-0.0195597594441525
ENSG00000173818.16	chr17_80349101_G_A_b38	chr17_80423956_C_T_b38	-0.0758180483614011
ENSG00000173818.16	chr17_80349101_G_A_b38	chr17_80416395_G_A_b38	0.151821685058679
ENSG00000173818.16	chr17_80349101_G_A_b38	chr17_80366319_T_C_b38	-0.0471894836056687
ENSG00000173818.16	chr17_80349101_G_A_b38	chr17_80418261_T_C_b38	0.321616245026649
ENSG00000173818.16	chr17_80349101_G_A_b38	chr17_80417033_G_T_b38	-0.0223206465981032
ENSG00000173818.16	chr17_80349101_G_A_b38	chr17_80417249_T_G_b38	0.151821685058679
ENSG00000173818.16	chr17_80349101_G_A_b38	chr17_80424722_G_A_b38	-0.055115565231172
ENSG00000173818.16	chr17_80349101_G_A_b38	chr17_80431275_G_A_b38	-0.0198934013962916
ENSG00000173818.16	chr17_80401297_T_TC_b38	chr17_80425204_A_C_b38	-0.00940036200151803
ENSG00000173818.16	chr17_80401297_T_TC_b38	chr17_80423956_C_T_b38	0.0490662195864506
ENSG00000173818.16	chr17_80401297_T_TC_b38	chr17_80416395_G_A_b38	0.0450166403923631
ENSG00000173818.16	chr17_80401297_T_TC_b38	chr17_80366319_T_C_b38	0.0950045458715981
ENSG00000173818.16	chr17_80401297_T_TC_b38	chr17_80418261_T_C_b38	-0.0313227235192554
ENSG00000173818.16	chr17_80401297_T_TC_b38	chr17_80417033_G_T_b38	0.0645534619523056
ENSG00000173818.16	chr17_80401297_T_TC_b38	chr17_80417249_T_G_b38	0.0450166403923631
ENSG00000173818.16	chr17_80401297_T_TC_b38	chr17_80424722_G_A_b38	-0.0180187506777102
ENSG00000173818.16	chr17_80401297_T_TC_b38	chr17_80431275_G_A_b38	0.0640154643044814
ENSG00000173818.16	chr17_80425204_A_C_b38	chr17_80425204_A_C_b38	0.172651369183161
ENSG00000173818.16	chr17_80425204_A_C_b38	chr17_80423956_C_T_b38	-0.0323319904244759
ENSG00000173818.16	chr17_80425204_A_C_b38	chr17_80416395_G_A_b38	-0.101506393413908
ENSG00000173818.16	chr17_80425204_A_C_b38	chr17_80366319_T_C_b38	-0.0161003094529106
ENSG00000173818.16	chr17_80425204_A_C_b38	chr17_80418261_T_C_b38	-0.0449290593799263
ENSG00000173818.16	chr17_80425204_A_C_b38	chr17_80417033_G_T_b38	-0.0054738132772815
ENSG00000173818.16	chr17_80425204_A_C_b38	chr17_80417249_T_G_b38	-0.101506393413908
ENSG00000173818.16	chr17_80425204_A_C_b38	chr17_80424722_G_A_b38	-0.0277485841069654
ENSG00000173818.16	chr17_80425204_A_C_b38	chr17_80431275_G_A_b38	-0.00486074619022597
ENSG00000173818.16	chr17_80423956_C_T_b38	chr17_80423956_C_T_b38	0.277886211412223
ENSG00000173818.16	chr17_80423956_C_T_b38	chr17_80416395_G_A_b38	-0.128306183219479
ENSG00000173818.16	chr17_80423956_C_T_b38	chr17_80366319_T_C_b38	0.0466452301712419
ENSG00000173818.16	chr17_80423956_C_T_b38	chr17_80418261_T_C_b38	-0.0887320771713832
ENSG00000173818.16	chr17_80423956_C_T_b38	chr17_80417033_G_T_b38	0.0597802967745162
ENSG00000173818.16	chr17_80423956_C_T_b38	chr17_80417249_T_G_b38	-0.128306183219479
ENSG00000173818.16	chr17_80423956_C_T_b38	chr17_80424722_G_A_b38	0.216158279742094
ENSG00000173818.16	chr17_80423956_C_T_b38	chr17_80431275_G_A_b38	0.058366489002327
ENSG00000173818.16	chr17_80416395_G_A_b38	chr17_80416395_G_A_b38	0.455596426694695
ENSG00000173818.16	chr17_80416395_G_A_b38	chr17_80366319_T_C_b38	0.0668243124890525
ENSG00000173818.16	chr17_80416395_G_A_b38	chr17_80418261_T_C_b38	0.194692590646348
ENSG00000173818.16	chr17_80416395_G_A_b38	chr17_80417033_G_T_b38	0.0298213347346296
ENSG00000173818.16	chr17_80416395_G_A_b38	chr17_80417249_T_G_b38	0.455596426694695
ENSG00000173818.16	chr17_80416395_G_A_b38	chr17_80424722_G_A_b38	-0.155981783149413
ENSG00000173818.16	chr17_80416395_G_A_b38	chr17_80431275_G_A_b38	0.0302154492905937
ENSG00000173818.16	chr17_80366319_T_C_b38	chr17_80366319_T_C_b38	0.17375238762522
ENSG00000173818.16	chr17_80366319_T_C_b38	chr17_80418261_T_C_b38	0.0143757976127918
ENSG00000173818.16	chr17_80366319_T_C_b38	chr17_80417033_G_T_b38	0.0626579586117156
ENSG00000173818.16	chr17_80366319_T_C_b38	chr17_80417249_T_G_b38	0.0668243124890525
ENSG00000173818.16	chr17_80366319_T_C_b38	chr17_80424722_G_A_b38	-0.0169114764490487
ENSG00000173818.16	chr17_80366319_T_C_b38	chr17_80431275_G_A_b38	0.0632835372719765
ENSG00000173818.16	chr17_80418261_T_C_b38	chr17_80418261_T_C_b38	0.397380076570829
ENSG00000173818.16	chr17_80418261_T_C_b38	chr17_80417033_G_T_b38	-0.0238345469559343
ENSG00000173818.16	chr17_80418261_T_C_b38	chr17_80417249_T_G_b38	0.194692590646348
ENSG00000173818.16	chr17_80418261_T_C_b38	chr17_80424722_G_A_b38	-0.0648412281360259
ENSG00000173818.16	chr17_80418261_T_C_b38	chr17_80431275_G_A_b38	-0.0203062833120637
ENSG00000173818.16	chr17_80417033_G_T_b38	chr17_80417033_G_T_b38	0.0682756549808569
ENSG00000173818.16	chr17_80417033_G_T_b38	chr17_80417249_T_G_b38	0.0298213347346296
ENSG00000173818.16	chr17_80417033_G_T_b38	chr17_80424722_G_A_b38	-0.0082826614618522
ENSG00000173818.16	chr17_80417033_G_T_b38	chr17_80431275_G_A_b38	0.0679566098641245
ENSG00000173818.16	chr17_80417249_T_G_b38	chr17_80417249_T_G_b38	0.455596426694695
ENSG00000173818.16	chr17_80417249_T_G_b38	chr17_80424722_G_A_b38	-0.155981783149413
ENSG00000173818.16	chr17_80417249_T_G_b38	chr17_80431275_G_A_b38	0.0302154492905937
ENSG00000173818.16	chr17_80424722_G_A_b38	chr17_80424722_G_A_b38	0.225162441925448
ENSG00000173818.16	chr17_80424722_G_A_b38	chr17_80431275_G_A_b38	-0.0093649125441033
ENSG00000173818.16	chr17_80431275_G_A_b38	chr17_80431275_G_A_b38	0.0719540575031906
ENSG00000260369.2	chr17_80443020_G_A_b38	chr17_80443020_G_A_b38	0.214277373236911
ENSG00000260369.2	chr17_80443020_G_A_b38	chr17_80455627_A_AAAAT_b38	-0.0306927977688399
ENSG00000260369.2	chr17_80443020_G_A_b38	chr17_80452732_C_T_b38	-0.0410379601131046
ENSG00000260369.2	chr17_80443020_G_A_b38	chr17_80455148_C_T_b38	0.000133456780855615
ENSG00000260369.2	chr17_80443020_G_A_b38	chr17_80448744_C_T_b38	-0.0381477867027
ENSG00000260369.2	chr17_80443020_G_A_b38	chr17_80455230_T_C_b38	-0.0195451626087464
ENSG00000260369.2	chr17_80443020_G_A_b38	chr17_80445606_C_T_b38	-0.0566670003086188
ENSG00000260369.2	chr17_80455627_A_AAAAT_b38	chr17_80452732_C_T_b38	0.0127209818242677
ENSG00000260369.2	chr17_80455627_A_AAAAT_b38	chr17_80455148_C_T_b38	0.0114826378798741
ENSG00000260369.2	chr17_80455627_A_AAAAT_b38	chr17_80448744_C_T_b38	0.0127209818242677
ENSG00000260369.2	chr17_80455627_A_AAAAT_b38	chr17_80455230_T_C_b38	0.028591620730332
ENSG00000260369.2	chr17_80455627_A_AAAAT_b38	chr17_80445606_C_T_b38	0.0414666044048251
ENSG00000260369.2	chr17_80452732_C_T_b38	chr17_80452732_C_T_b38	0.26293071090759
ENSG00000260369.2	chr17_80452732_C_T_b38	chr17_80455148_C_T_b38	-0.00544879013087106
ENSG00000260369.2	chr17_80452732_C_T_b38	chr17_80448744_C_T_b38	0.257150364086781
ENSG00000260369.2	chr17_80452732_C_T_b38	chr17_80455230_T_C_b38	-0.00757575757575757
ENSG00000260369.2	chr17_80452732_C_T_b38	chr17_80445606_C_T_b38	0.240472437004228
ENSG00000260369.2	chr17_80455148_C_T_b38	chr17_80455148_C_T_b38	0.0321338905153933
ENSG00000260369.2	chr17_80455148_C_T_b38	chr17_80448744_C_T_b38	-0.00689387683607337
ENSG00000260369.2	chr17_80455148_C_T_b38	chr17_80455230_T_C_b38	0.00491913353185029
ENSG00000260369.2	chr17_80455148_C_T_b38	chr17_80445606_C_T_b38	-0.0062099108341883
ENSG00000260369.2	chr17_80448744_C_T_b38	chr17_80448744_C_T_b38	0.265820884317994
ENSG00000260369.2	chr17_80448744_C_T_b38	chr17_80455230_T_C_b38	-0.0104659309861622
ENSG00000260369.2	chr17_80448744_C_T_b38	chr17_80445606_C_T_b38	0.246252783825038
ENSG00000260369.2	chr17_80455230_T_C_b38	chr17_80455230_T_C_b38	0.306650318211011
ENSG00000260369.2	chr17_80455230_T_C_b38	chr17_80445606_C_T_b38	-0.00640801074327092
ENSG00000260369.2	chr17_80445606_C_T_b38	chr17_80445606_C_T_b38	0.314757817647991
ENSG00000175866.15	chr17_80786441_T_C_b38	chr17_80786441_T_C_b38	0.0294272201786652
ENSG00000175866.15	chr17_80786441_T_C_b38	chr17_80830559_G_A_b38	-0.000919600630583292
ENSG00000175866.15	chr17_80786441_T_C_b38	chr17_80729939_G_C_b38	-0.00105097214923805
ENSG00000175866.15	chr17_80729939_G_C_b38	chr17_80729939_G_C_b38	0.194917798964042
ENSG00000178404.9	chr17_78902983_C_A_b38	chr17_78902983_C_A_b38	0.489131613409071
ENSG00000178404.9	chr17_78902983_C_A_b38	chr17_78902830_G_C_b38	0.0892575632460026
ENSG00000178404.9	chr17_78902983_C_A_b38	chr17_78903397_C_T_b38	0.0892575632460026
ENSG00000178404.9	chr17_78902983_C_A_b38	chr17_78901651_G_T_b38	-0.449551251574373
ENSG00000178404.9	chr17_78902983_C_A_b38	chr17_78902353_T_C_b38	-0.0387420864299477
ENSG00000178404.9	chr17_78902983_C_A_b38	chr17_78903445_T_C_b38	0.0885881940795236
ENSG00000178404.9	chr17_78902983_C_A_b38	chr17_78902551_T_C_b38	-0.440976653404399
ENSG00000178404.9	chr17_78902983_C_A_b38	chr17_78902872_C_T_b38	-0.480471519488861
ENSG00000178404.9	chr17_78902983_C_A_b38	chr17_78901373_C_T_b38	-0.025702941887913
ENSG00000178404.9	chr17_78902830_G_C_b38	chr17_78902830_G_C_b38	0.187973875835148
ENSG00000178404.9	chr17_78902830_G_C_b38	chr17_78903397_C_T_b38	0.185083702424743
ENSG00000178404.9	chr17_78902830_G_C_b38	chr17_78901651_G_T_b38	-0.0865550634336761
ENSG00000178404.9	chr17_78902830_G_C_b38	chr17_78902353_T_C_b38	0.0111478117258464
ENSG00000178404.9	chr17_78902830_G_C_b38	chr17_78903445_T_C_b38	0.185627955859169
ENSG00000178404.9	chr17_78902830_G_C_b38	chr17_78902551_T_C_b38	-0.0822948727573004
ENSG00000178404.9	chr17_78902830_G_C_b38	chr17_78902872_C_T_b38	-0.094606260791232
ENSG00000178404.9	chr17_78902830_G_C_b38	chr17_78901373_C_T_b38	-0.00786352375947747
ENSG00000178404.9	chr17_78903397_C_T_b38	chr17_78903397_C_T_b38	0.187973875835148
ENSG00000178404.9	chr17_78903397_C_T_b38	chr17_78901651_G_T_b38	-0.0851099767284738
ENSG00000178404.9	chr17_78903397_C_T_b38	chr17_78902353_T_C_b38	0.0125928984310488
ENSG00000178404.9	chr17_78903397_C_T_b38	chr17_78903445_T_C_b38	0.187073042564372
ENSG00000178404.9	chr17_78903397_C_T_b38	chr17_78902551_T_C_b38	-0.0808497860520981
ENSG00000178404.9	chr17_78903397_C_T_b38	chr17_78902872_C_T_b38	-0.0917160873808274
ENSG00000178404.9	chr17_78903397_C_T_b38	chr17_78901373_C_T_b38	-0.00786352375947747
ENSG00000178404.9	chr17_78901651_G_T_b38	chr17_78901651_G_T_b38	0.47483088523551
ENSG00000178404.9	chr17_78901651_G_T_b38	chr17_78902353_T_C_b38	0.0389485273878338
ENSG00000178404.9	chr17_78901651_G_T_b38	chr17_78903445_T_C_b38	-0.0829392187773691
ENSG00000178404.9	chr17_78901651_G_T_b38	chr17_78902551_T_C_b38	0.441333233240747
ENSG00000178404.9	chr17_78901651_G_T_b38	chr17_78902872_C_T_b38	0.4628114339097
ENSG00000178404.9	chr17_78901651_G_T_b38	chr17_78901373_C_T_b38	0.0277298167471577
ENSG00000178404.9	chr17_78902353_T_C_b38	chr17_78902353_T_C_b38	0.0891824938067715
ENSG00000178404.9	chr17_78902353_T_C_b38	chr17_78903445_T_C_b38	0.0130057803468208
ENSG00000178404.9	chr17_78902353_T_C_b38	chr17_78902551_T_C_b38	0.0406688687035507
ENSG00000178404.9	chr17_78902353_T_C_b38	chr17_78902872_C_T_b38	0.0419763281034957
ENSG00000178404.9	chr17_78902353_T_C_b38	chr17_78901373_C_T_b38	-6.88136526286701e-05
ENSG00000178404.9	chr17_78903445_T_C_b38	chr17_78903445_T_C_b38	0.190488702049396
ENSG00000178404.9	chr17_78903445_T_C_b38	chr17_78902551_T_C_b38	-0.0800052548607462
ENSG00000178404.9	chr17_78903445_T_C_b38	chr17_78902872_C_T_b38	-0.0911280434401821
ENSG00000178404.9	chr17_78903445_T_C_b38	chr17_78901373_C_T_b38	-0.006612366438956
ENSG00000178404.9	chr17_78902551_T_C_b38	chr17_78902551_T_C_b38	0.477892050146384
ENSG00000178404.9	chr17_78902551_T_C_b38	chr17_78902872_C_T_b38	0.456196982208542
ENSG00000178404.9	chr17_78902551_T_C_b38	chr17_78901373_C_T_b38	-0.015839651677802
ENSG00000178404.9	chr17_78902872_C_T_b38	chr17_78902872_C_T_b38	0.496025490245145
ENSG00000178404.9	chr17_78902872_C_T_b38	chr17_78901373_C_T_b38	0.0248625812209627
ENSG00000178404.9	chr17_78901373_C_T_b38	chr17_78901373_C_T_b38	0.0427937508862365
ENSG00000173894.10	chr17_79747750_G_A_b38	chr17_79747750_G_A_b38	0.0820884317994145
ENSG00000173894.10	chr17_79747750_G_A_b38	chr17_79781272_A_C_b38	0.0155769086404924
ENSG00000173894.10	chr17_79747750_G_A_b38	chr17_79778596_G_A_b38	-0.0069814578485099
ENSG00000173894.10	chr17_79747750_G_A_b38	chr17_79786427_G_A_b38	-0.00354703100367839
ENSG00000173894.10	chr17_79747750_G_A_b38	chr17_79778344_G_A_b38	-0.00167029502289616
ENSG00000173894.10	chr17_79747750_G_A_b38	chr17_79778348_T_C_b38	0.00297775442284113
ENSG00000173894.10	chr17_79747750_G_A_b38	chr17_79723327_A_G_b38	0.0440219703225482
ENSG00000173894.10	chr17_79747750_G_A_b38	chr17_79777483_T_A_b38	-0.0239221279683707
ENSG00000173894.10	chr17_79747750_G_A_b38	chr17_79780274_C_A_b38	0.0426894877761931
ENSG00000173894.10	chr17_79781272_A_C_b38	chr17_79781272_A_C_b38	0.272952481044966
ENSG00000173894.10	chr17_79781272_A_C_b38	chr17_79778596_G_A_b38	0.0192553111628257
ENSG00000173894.10	chr17_79781272_A_C_b38	chr17_79786427_G_A_b38	0.00551760378349974
ENSG00000173894.10	chr17_79781272_A_C_b38	chr17_79778344_G_A_b38	0.012461526912394
ENSG00000173894.10	chr17_79781272_A_C_b38	chr17_79778348_T_C_b38	0.00832019618146785
ENSG00000173894.10	chr17_79781272_A_C_b38	chr17_79723327_A_G_b38	0.0464554713109626
ENSG00000173894.10	chr17_79781272_A_C_b38	chr17_79777483_T_A_b38	0.000312789330130375
ENSG00000173894.10	chr17_79781272_A_C_b38	chr17_79780274_C_A_b38	0.064791181843205
ENSG00000173894.10	chr17_79778596_G_A_b38	chr17_79778596_G_A_b38	0.134374296224007
ENSG00000173894.10	chr17_79778596_G_A_b38	chr17_79786427_G_A_b38	-0.0032842879663689
ENSG00000173894.10	chr17_79778596_G_A_b38	chr17_79778344_G_A_b38	-0.00298401020944373
ENSG00000173894.10	chr17_79778596_G_A_b38	chr17_79778348_T_C_b38	-0.042914696093887
ENSG00000173894.10	chr17_79778596_G_A_b38	chr17_79723327_A_G_b38	0.0272939969471761
ENSG00000173894.10	chr17_79778596_G_A_b38	chr17_79777483_T_A_b38	-0.0409566348872706
ENSG00000173894.10	chr17_79778596_G_A_b38	chr17_79780274_C_A_b38	0.0714160598553661
ENSG00000173894.10	chr17_79786427_G_A_b38	chr17_79786427_G_A_b38	0.0827640567524963
ENSG00000173894.10	chr17_79786427_G_A_b38	chr17_79778344_G_A_b38	-0.00197057277982134
ENSG00000173894.10	chr17_79786427_G_A_b38	chr17_79778348_T_C_b38	0.0366526537046769
ENSG00000173894.10	chr17_79786427_G_A_b38	chr17_79723327_A_G_b38	0.0197057277982133
ENSG00000173894.10	chr17_79786427_G_A_b38	chr17_79777483_T_A_b38	0.0387545980031529
ENSG00000173894.10	chr17_79786427_G_A_b38	chr17_79780274_C_A_b38	0.0286389910667367
ENSG00000173894.10	chr17_79778344_G_A_b38	chr17_79778344_G_A_b38	0.0703400645597177
ENSG00000173894.10	chr17_79778344_G_A_b38	chr17_79778348_T_C_b38	0.0546943422665967
ENSG00000173894.10	chr17_79778344_G_A_b38	chr17_79723327_A_G_b38	0.0242349172985011
ENSG00000173894.10	chr17_79778344_G_A_b38	chr17_79777483_T_A_b38	0.0548507369316617
ENSG00000173894.10	chr17_79778344_G_A_b38	chr17_79780274_C_A_b38	0.0410880064059255
ENSG00000173894.10	chr17_80230373_C_T_b38	chr17_80230373_C_T_b38	0.10707821401463
ENSG00000173894.10	chr17_79778348_T_C_b38	chr17_79778348_T_C_b38	0.419454662229228
ENSG00000173894.10	chr17_79778348_T_C_b38	chr17_79723327_A_G_b38	0.0986892041805337
ENSG00000173894.10	chr17_79778348_T_C_b38	chr17_79777483_T_A_b38	0.393516085712618
ENSG00000173894.10	chr17_79778348_T_C_b38	chr17_79780274_C_A_b38	0.293644537864191
ENSG00000173894.10	chr17_79723327_A_G_b38	chr17_79723327_A_G_b38	0.429226200902501
ENSG00000173894.10	chr17_79723327_A_G_b38	chr17_79777483_T_A_b38	0.0809769870463511
ENSG00000173894.10	chr17_79723327_A_G_b38	chr17_79780274_C_A_b38	0.151694484064427
ENSG00000173894.10	chr17_79777483_T_A_b38	chr17_79777483_T_A_b38	0.407506109818248
ENSG00000173894.10	chr17_79777483_T_A_b38	chr17_79780274_C_A_b38	0.274168188908073
ENSG00000173894.10	chr17_79535724_G_C_b38	chr17_79535724_G_C_b38	0.23286957101986
ENSG00000173894.10	chr17_79780274_C_A_b38	chr17_79780274_C_A_b38	0.474117725562811
ENSG00000141564.13	chr17_80544980_C_T_b38	chr17_80544980_C_T_b38	0.362439423133064
ENSG00000141564.13	chr17_80544980_C_T_b38	chr17_80544527_C_T_b38	-0.135517019910084
ENSG00000141564.13	chr17_80544980_C_T_b38	chr17_80537527_C_G_b38	-0.0824867168797804
ENSG00000141564.13	chr17_80544980_C_T_b38	chr17_80545301_T_TA_b38	-0.102455187715303
ENSG00000141564.13	chr17_80544980_C_T_b38	chr17_80551628_G_A_b38	-0.0322152157412273
ENSG00000141564.13	chr17_80544980_C_T_b38	chr17_80544608_G_A_b38	0.361753371868978
ENSG00000141564.13	chr17_80544980_C_T_b38	chr17_80584282_G_A_b38	-0.143238745839902
ENSG00000141564.13	chr17_80544980_C_T_b38	chr17_80544338_T_C_b38	0.361826356046009
ENSG00000141564.13	chr17_80544980_C_T_b38	chr17_80461777_A_G_b38	0.0221433993110294
ENSG00000141564.13	chr17_80544527_C_T_b38	chr17_80544527_C_T_b38	0.406229929351317
ENSG00000141564.13	chr17_80544527_C_T_b38	chr17_80537527_C_G_b38	0.23956326268465
ENSG00000141564.13	chr17_80544527_C_T_b38	chr17_80545301_T_TA_b38	-0.12315350032113
ENSG00000141564.13	chr17_80544527_C_T_b38	chr17_80551628_G_A_b38	-0.0484906872190109
ENSG00000141564.13	chr17_80544527_C_T_b38	chr17_80544608_G_A_b38	-0.134874759152216
ENSG00000141564.13	chr17_80544527_C_T_b38	chr17_80584282_G_A_b38	0.382466281310211
ENSG00000141564.13	chr17_80544527_C_T_b38	chr17_80544338_T_C_b38	-0.135035324341683
ENSG00000141564.13	chr17_80544527_C_T_b38	chr17_80461777_A_G_b38	0.127007064868336
ENSG00000141564.13	chr17_80537527_C_G_b38	chr17_80537527_C_G_b38	0.305874600672289
ENSG00000141564.13	chr17_80537527_C_G_b38	chr17_80545301_T_TA_b38	-0.0751591055059262
ENSG00000141564.13	chr17_80537527_C_G_b38	chr17_80551628_G_A_b38	-0.0263201794993703
ENSG00000141564.13	chr17_80537527_C_G_b38	chr17_80544608_G_A_b38	-0.0830580787228186
ENSG00000141564.13	chr17_80537527_C_G_b38	chr17_80584282_G_A_b38	0.221817681355254
ENSG00000141564.13	chr17_80537527_C_G_b38	chr17_80544338_T_C_b38	-0.0842008024088949
ENSG00000141564.13	chr17_80537527_C_G_b38	chr17_80461777_A_G_b38	0.173694000283595
ENSG00000141564.13	chr17_80545301_T_TA_b38	chr17_80551628_G_A_b38	-0.0479214106381736
ENSG00000141564.13	chr17_80545301_T_TA_b38	chr17_80544608_G_A_b38	-0.103082851637765
ENSG00000141564.13	chr17_80545301_T_TA_b38	chr17_80584282_G_A_b38	-0.129357155368716
ENSG00000141564.13	chr17_80545301_T_TA_b38	chr17_80544338_T_C_b38	-0.104338179482688
ENSG00000141564.13	chr17_80545301_T_TA_b38	chr17_80461777_A_G_b38	-0.0620803409820752
ENSG00000141564.13	chr17_80551628_G_A_b38	chr17_80551628_G_A_b38	0.161453511164494
ENSG00000141564.13	chr17_80551628_G_A_b38	chr17_80544608_G_A_b38	-0.0324800440407377
ENSG00000141564.13	chr17_80551628_G_A_b38	chr17_80584282_G_A_b38	-0.0467057027750669
ENSG00000141564.13	chr17_80551628_G_A_b38	chr17_80544338_T_C_b38	-0.0330097006397584
ENSG00000141564.13	chr17_80551628_G_A_b38	chr17_80461777_A_G_b38	-0.0408794801858387
ENSG00000141564.13	chr17_80544608_G_A_b38	chr17_80544608_G_A_b38	0.362510322047894
ENSG00000141564.13	chr17_80544608_G_A_b38	chr17_80584282_G_A_b38	-0.142650701899257
ENSG00000141564.13	chr17_80544608_G_A_b38	chr17_80544338_T_C_b38	0.362579135700523
ENSG00000141564.13	chr17_80544608_G_A_b38	chr17_80461777_A_G_b38	0.0213322323148913
ENSG00000141564.13	chr17_80787589_A_G_b38	chr17_80787589_A_G_b38	0.479560259907081
ENSG00000141564.13	chr17_80787589_A_G_b38	chr17_80694135_T_C_b38	-0.15962056568993
ENSG00000141564.13	chr17_80584282_G_A_b38	chr17_80584282_G_A_b38	0.426657157871031
ENSG00000141564.13	chr17_80584282_G_A_b38	chr17_80544338_T_C_b38	-0.142919700723169
ENSG00000141564.13	chr17_80584282_G_A_b38	chr17_80668986_CG_C_b38	-0.138046442959737
ENSG00000141564.13	chr17_80544338_T_C_b38	chr17_80544338_T_C_b38	0.365529781714754
ENSG00000141564.13	chr17_80544338_T_C_b38	chr17_80461777_A_G_b38	0.0197098983226151
ENSG00000141564.13	chr17_80694135_T_C_b38	chr17_80694135_T_C_b38	0.318323616011477
ENSG00000141564.13	chr17_80694135_T_C_b38	chr17_80668986_CG_C_b38	-0.0854123397475996
ENSG00000141564.13	chr17_80461777_A_G_b38	chr17_80461777_A_G_b38	0.411334651219044
ENSG00000275479.1	chr17_80149531_T_C_b38	chr17_80149531_T_C_b38	0.359311529831762
ENSG00000275479.1	chr17_80149531_T_C_b38	chr17_80149524_A_G_b38	0.35566023571804
ENSG00000275479.1	chr17_80149531_T_C_b38	chr17_80165979_T_A_b38	0.217549149630075
ENSG00000275479.1	chr17_80149531_T_C_b38	chr17_80147459_CTGAA_C_b38	-0.08018250214782
ENSG00000275479.1	chr17_80149531_T_C_b38	chr17_80147371_G_T_b38	0.139829342141481
ENSG00000275479.1	chr17_80149524_A_G_b38	chr17_80149524_A_G_b38	0.377486675174536
ENSG00000275479.1	chr17_80149524_A_G_b38	chr17_80165979_T_A_b38	0.226240522483297
ENSG00000275479.1	chr17_80149524_A_G_b38	chr17_80147459_CTGAA_C_b38	-0.0843217476165452
ENSG00000275479.1	chr17_80149524_A_G_b38	chr17_80147371_G_T_b38	0.146160198183319
ENSG00000275479.1	chr17_80165979_T_A_b38	chr17_80165979_T_A_b38	0.510588961456013
ENSG00000275479.1	chr17_80165979_T_A_b38	chr17_80147459_CTGAA_C_b38	-0.161157403931971
ENSG00000275479.1	chr17_80165979_T_A_b38	chr17_80147371_G_T_b38	0.317987888797137
ENSG00000275479.1	chr17_80147459_CTGAA_C_b38	chr17_80147371_G_T_b38	0.089664189375172
ENSG00000275479.1	chr17_80147371_G_T_b38	chr17_80147371_G_T_b38	0.402972749793559
ENSG00000262188.1	chr17_79928990_G_C_b38	chr17_79928990_G_C_b38	0.403160423391638
ENSG00000262188.1	chr17_79928990_G_C_b38	chr17_79932325_A_T_b38	0.266534043990691
ENSG00000262188.1	chr17_79928990_G_C_b38	chr17_79938962_C_A_b38	-0.0732114706103146
ENSG00000262188.1	chr17_79928990_G_C_b38	chr17_79919240_C_T_b38	-0.0277381577959612
ENSG00000262188.1	chr17_79928990_G_C_b38	chr17_79919938_A_C_b38	-0.0929922678477591
ENSG00000262188.1	chr17_79928990_G_C_b38	chr17_79984455_G_A_b38	0.0192365438030178
ENSG00000262188.1	chr17_79928990_G_C_b38	chr17_79920912_C_A_b38	-0.0387170632835372
ENSG00000262188.1	chr17_79928990_G_C_b38	chr17_79921512_C_T_b38	-0.1389159972975
ENSG00000262188.1	chr17_79928990_G_C_b38	chr17_79918752_A_C_b38	-0.00651227385331433
ENSG00000262188.1	chr17_79928990_G_C_b38	chr17_79926422_T_C_b38	0.363655130996173
ENSG00000262188.1	chr17_79928990_G_C_b38	chr17_79931600_G_A_b38	0.231101268673523
ENSG00000262188.1	chr17_79928990_G_C_b38	chr17_79939089_T_C_b38	-0.0428646498010659
ENSG00000262188.1	chr17_79928990_G_C_b38	chr17_79930670_C_T_b38	0.211601981833196
ENSG00000262188.1	chr17_79928990_G_C_b38	chr17_79933897_A_G_b38	0.164364537196907
ENSG00000262188.1	chr17_79928990_G_C_b38	chr17_79931223_T_C_b38	-0.117821484873508
ENSG00000262188.1	chr17_79928990_G_C_b38	chr17_79920545_A_G_b38	0.0298213347346295
ENSG00000262188.1	chr17_79928990_G_C_b38	chr17_79938252_C_G_b38	0.0266496509271075
ENSG00000262188.1	chr17_79928990_G_C_b38	chr17_79923927_G_A_b38	-0.140586292320396
ENSG00000262188.1	chr17_79928990_G_C_b38	chr17_79918065_A_G_b38	-0.0478192327903309
ENSG00000262188.1	chr17_79932325_A_T_b38	chr17_79932325_A_T_b38	0.518767359807822
ENSG00000262188.1	chr17_79932325_A_T_b38	chr17_79938962_C_A_b38	0.170307534469384
ENSG00000262188.1	chr17_79932325_A_T_b38	chr17_79919240_C_T_b38	0.0182418737332032
ENSG00000262188.1	chr17_79932325_A_T_b38	chr17_79919938_A_C_b38	-0.0304594249680955
ENSG00000262188.1	chr17_79932325_A_T_b38	chr17_79984455_G_A_b38	-0.00230838525636217
ENSG00000262188.1	chr17_79932325_A_T_b38	chr17_79920912_C_A_b38	0.0471123289042364
ENSG00000262188.1	chr17_79932325_A_T_b38	chr17_79921512_C_T_b38	-0.220497710382103
ENSG00000262188.1	chr17_79932325_A_T_b38	chr17_79918752_A_C_b38	0.0099529564847484
ENSG00000262188.1	chr17_79932325_A_T_b38	chr17_79926422_T_C_b38	0.234954833220729
ENSG00000262188.1	chr17_79932325_A_T_b38	chr17_79931600_G_A_b38	0.224926807296749
ENSG00000262188.1	chr17_79932325_A_T_b38	chr17_79939089_T_C_b38	0.0763768986312338
ENSG00000262188.1	chr17_79932325_A_T_b38	chr17_79930670_C_T_b38	0.110445912469034
ENSG00000262188.1	chr17_79932325_A_T_b38	chr17_79933897_A_G_b38	0.15678877962115
ENSG00000262188.1	chr17_79932325_A_T_b38	chr17_79931223_T_C_b38	-0.146285313915372
ENSG00000262188.1	chr17_79932325_A_T_b38	chr17_79920545_A_G_b38	0.0424330005254862
ENSG00000262188.1	chr17_79932325_A_T_b38	chr17_79938252_C_G_b38	0.0539311363010784
ENSG00000262188.1	chr17_79932325_A_T_b38	chr17_79923927_G_A_b38	-0.226328103495733
ENSG00000262188.1	chr17_79932325_A_T_b38	chr17_79918065_A_G_b38	-0.0244351024697846
ENSG00000262188.1	chr17_79938962_C_A_b38	chr17_79938962_C_A_b38	0.46387074710774
ENSG00000262188.1	chr17_79938962_C_A_b38	chr17_79919240_C_T_b38	0.0328491354502914
ENSG00000262188.1	chr17_79938962_C_A_b38	chr17_79919938_A_C_b38	0.0517103320571528
ENSG00000262188.1	chr17_79938962_C_A_b38	chr17_79984455_G_A_b38	0.00418512123714436
ENSG00000262188.1	chr17_79938962_C_A_b38	chr17_79920912_C_A_b38	0.0522441591805753
ENSG00000262188.1	chr17_79938962_C_A_b38	chr17_79921512_C_T_b38	-0.0418449565848409
ENSG00000262188.1	chr17_79938962_C_A_b38	chr17_79918752_A_C_b38	0.0207963199292679
ENSG00000262188.1	chr17_79938962_C_A_b38	chr17_79926422_T_C_b38	-0.101629423883759
ENSG00000262188.1	chr17_79938962_C_A_b38	chr17_79931600_G_A_b38	-0.0201936791532168
ENSG00000262188.1	chr17_79938962_C_A_b38	chr17_79939089_T_C_b38	0.215797529381345
ENSG00000262188.1	chr17_79938962_C_A_b38	chr17_79930670_C_T_b38	-0.0454858243875585
ENSG00000262188.1	chr17_79938962_C_A_b38	chr17_79933897_A_G_b38	-0.0491683974342931
ENSG00000262188.1	chr17_79938962_C_A_b38	chr17_79931223_T_C_b38	-0.0769753688828831
ENSG00000262188.1	chr17_79938962_C_A_b38	chr17_79920545_A_G_b38	0.0493081100017516
ENSG00000262188.1	chr17_79938962_C_A_b38	chr17_79938252_C_G_b38	0.04474555630625
ENSG00000262188.1	chr17_79938962_C_A_b38	chr17_79923927_G_A_b38	-0.0414487567666757
ENSG00000262188.1	chr17_79938962_C_A_b38	chr17_79918065_A_G_b38	-0.0278945524610265
ENSG00000262188.1	chr17_79919240_C_T_b38	chr17_79919240_C_T_b38	0.115719540575032
ENSG00000262188.1	chr17_79919240_C_T_b38	chr17_79919938_A_C_b38	-0.026386907889798
ENSG00000262188.1	chr17_79919240_C_T_b38	chr17_79984455_G_A_b38	-0.00335935740560018
ENSG00000262188.1	chr17_79919240_C_T_b38	chr17_79920912_C_A_b38	-0.00512974501413807
ENSG00000262188.1	chr17_79919240_C_T_b38	chr17_79921512_C_T_b38	-0.0346070114856242
ENSG00000262188.1	chr17_79919240_C_T_b38	chr17_79918752_A_C_b38	-0.00182668968796136
ENSG00000262188.1	chr17_79919240_C_T_b38	chr17_79926422_T_C_b38	-0.0273502990265996
ENSG00000262188.1	chr17_79919240_C_T_b38	chr17_79931600_G_A_b38	0.0517791457097816
ENSG00000262188.1	chr17_79919240_C_T_b38	chr17_79939089_T_C_b38	-0.0191739859369917
ENSG00000262188.1	chr17_79919240_C_T_b38	chr17_79930670_C_T_b38	-0.0658546655656481
ENSG00000262188.1	chr17_79919240_C_T_b38	chr17_79933897_A_G_b38	0.0425393488977304
ENSG00000262188.1	chr17_79919240_C_T_b38	chr17_79931223_T_C_b38	0.0192865900958387
ENSG00000262188.1	chr17_79919240_C_T_b38	chr17_79920545_A_G_b38	0.00512348922753549
ENSG00000262188.1	chr17_79919240_C_T_b38	chr17_79938252_C_G_b38	0.00619948452318393
ENSG00000262188.1	chr17_79919240_C_T_b38	chr17_79923927_G_A_b38	-0.0360583539774291
ENSG00000262188.1	chr17_79919240_C_T_b38	chr17_79918065_A_G_b38	-0.0207566999474514
ENSG00000262188.1	chr17_79919938_A_C_b38	chr17_79919938_A_C_b38	0.311463103370618
ENSG00000262188.1	chr17_79919938_A_C_b38	chr17_79984455_G_A_b38	-0.00662487801216124
ENSG00000262188.1	chr17_79919938_A_C_b38	chr17_79920912_C_A_b38	0.0288204088782124
ENSG00000262188.1	chr17_79919938_A_C_b38	chr17_79921512_C_T_b38	-0.0643157420614069
ENSG00000262188.1	chr17_79919938_A_C_b38	chr17_79918752_A_C_b38	-0.000494207141605976
ENSG00000262188.1	chr17_79919938_A_C_b38	chr17_79926422_T_C_b38	-0.0854540449916172
ENSG00000262188.1	chr17_79919938_A_C_b38	chr17_79931600_G_A_b38	-0.0247166128669019
ENSG00000262188.1	chr17_79919938_A_C_b38	chr17_79939089_T_C_b38	0.0690513725195805
ENSG00000262188.1	chr17_79919938_A_C_b38	chr17_79930670_C_T_b38	-0.0945499587118084
ENSG00000262188.1	chr17_79919938_A_C_b38	chr17_79933897_A_G_b38	-0.0284388058954533
ENSG00000262188.1	chr17_79919938_A_C_b38	chr17_79931223_T_C_b38	0.0823073843305054
ENSG00000262188.1	chr17_79919938_A_C_b38	chr17_79920545_A_G_b38	0.016158696794535
ENSG00000262188.1	chr17_79919938_A_C_b38	chr17_79938252_C_G_b38	0.00952130720916849
ENSG00000262188.1	chr17_79919938_A_C_b38	chr17_79923927_G_A_b38	-0.0569088907239196
ENSG00000262188.1	chr17_79919938_A_C_b38	chr17_79918065_A_G_b38	0.0166841828691539
ENSG00000262188.1	chr17_79984455_G_A_b38	chr17_79984455_G_A_b38	0.396704451617747
ENSG00000262188.1	chr17_79984455_G_A_b38	chr17_79920912_C_A_b38	0.00724420088581936
ENSG00000262188.1	chr17_79984455_G_A_b38	chr17_79921512_C_T_b38	0.0117295998798889
ENSG00000262188.1	chr17_79984455_G_A_b38	chr17_79918752_A_C_b38	-0.00411005179791308
ENSG00000262188.1	chr17_79984455_G_A_b38	chr17_79926422_T_C_b38	0.0237219427970873
ENSG00000262188.1	chr17_79984455_G_A_b38	chr17_79931600_G_A_b38	-0.00307784700848285
ENSG00000262188.1	chr17_79984455_G_A_b38	chr17_79939089_T_C_b38	0.0143007281735606
ENSG00000262188.1	chr17_79984455_G_A_b38	chr17_79930670_C_T_b38	0.0212634186622626
ENSG00000262188.1	chr17_79984455_G_A_b38	chr17_79933897_A_G_b38	0.00611815929735003
ENSG00000262188.1	chr17_79984455_G_A_b38	chr17_79931223_T_C_b38	-0.000319045116732964
ENSG00000262188.1	chr17_79984455_G_A_b38	chr17_79920545_A_G_b38	-0.00617446137677353
ENSG00000262188.1	chr17_79984455_G_A_b38	chr17_79938252_C_G_b38	-0.00519855866676678
ENSG00000262188.1	chr17_79984455_G_A_b38	chr17_79923927_G_A_b38	0.00701899256812551
ENSG00000262188.1	chr17_79984455_G_A_b38	chr17_79918065_A_G_b38	0.0204939569101419
ENSG00000262188.1	chr17_79920912_C_A_b38	chr17_79920912_C_A_b38	0.126859011252075
ENSG00000262188.1	chr17_79920912_C_A_b38	chr17_79921512_C_T_b38	-0.0398681280184171
ENSG00000262188.1	chr17_79920912_C_A_b38	chr17_79918752_A_C_b38	0.0195785268039604
ENSG00000262188.1	chr17_79920912_C_A_b38	chr17_79926422_T_C_b38	-0.0379747099400279
ENSG00000262188.1	chr17_79920912_C_A_b38	chr17_79931600_G_A_b38	-0.0661174086029577
ENSG00000262188.1	chr17_79920912_C_A_b38	chr17_79939089_T_C_b38	0.0777740243058162
ENSG00000262188.1	chr17_79920912_C_A_b38	chr17_79930670_C_T_b38	0.0454858243875585
ENSG00000262188.1	chr17_79920912_C_A_b38	chr17_79933897_A_G_b38	-0.0468203921961148
ENSG00000262188.1	chr17_79920912_C_A_b38	chr17_79931223_T_C_b38	-0.0140213030386441
ENSG00000262188.1	chr17_79920912_C_A_b38	chr17_79920545_A_G_b38	0.0103345594675075
ENSG00000262188.1	chr17_79920912_C_A_b38	chr17_79938252_C_G_b38	0.00697103153750553
ENSG00000262188.1	chr17_79920912_C_A_b38	chr17_79923927_G_A_b38	-0.0370676208826497
ENSG00000262188.1	chr17_79920912_C_A_b38	chr17_79918065_A_G_b38	0.0738745839901909
ENSG00000262188.1	chr17_79921512_C_T_b38	chr17_79921512_C_T_b38	0.399857368065461
ENSG00000262188.1	chr17_79921512_C_T_b38	chr17_79918752_A_C_b38	-0.00828266146185219
ENSG00000262188.1	chr17_79921512_C_T_b38	chr17_79926422_T_C_b38	-0.123082601406301
ENSG00000262188.1	chr17_79921512_C_T_b38	chr17_79931600_G_A_b38	-0.258351475114481
ENSG00000262188.1	chr17_79921512_C_T_b38	chr17_79939089_T_C_b38	0.0130683382128469
ENSG00000262188.1	chr17_79921512_C_T_b38	chr17_79930670_C_T_b38	0.169488026424443
ENSG00000262188.1	chr17_79921512_C_T_b38	chr17_79933897_A_G_b38	-0.234485649225534
ENSG00000262188.1	chr17_79921512_C_T_b38	chr17_79931223_T_C_b38	-0.0765770838025174
ENSG00000262188.1	chr17_79921512_C_T_b38	chr17_79920545_A_G_b38	0.0294272201786652
ENSG00000262188.1	chr17_79921512_C_T_b38	chr17_79938252_C_G_b38	0.016014813702675
ENSG00000262188.1	chr17_79921512_C_T_b38	chr17_79923927_G_A_b38	0.390861546930911
ENSG00000262188.1	chr17_79921512_C_T_b38	chr17_79918065_A_G_b38	0.0781660535995796
ENSG00000262188.1	chr17_79918752_A_C_b38	chr17_79918752_A_C_b38	0.0361626170874725
ENSG00000262188.1	chr17_79918752_A_C_b38	chr17_79926422_T_C_b38	-0.0061139887729483
ENSG00000262188.1	chr17_79918752_A_C_b38	chr17_79931600_G_A_b38	-0.00439156219503043
ENSG00000262188.1	chr17_79918752_A_C_b38	chr17_79939089_T_C_b38	0.0145342775400579
ENSG00000262188.1	chr17_79918752_A_C_b38	chr17_79930670_C_T_b38	0.0029589870630333
ENSG00000262188.1	chr17_79918752_A_C_b38	chr17_79933897_A_G_b38	-0.00484406409261899
ENSG00000262188.1	chr17_79918752_A_C_b38	chr17_79931223_T_C_b38	-0.00383688244959921
ENSG00000262188.1	chr17_79918752_A_C_b38	chr17_79920545_A_G_b38	0.00455421264669821
ENSG00000262188.1	chr17_79918752_A_C_b38	chr17_79938252_C_G_b38	0.00401204447447223
ENSG00000262188.1	chr17_79918752_A_C_b38	chr17_79923927_G_A_b38	-0.00438113588402605
ENSG00000262188.1	chr17_79918752_A_C_b38	chr17_79918065_A_G_b38	-0.00126992468032929
ENSG00000262188.1	chr17_79926422_T_C_b38	chr17_79926422_T_C_b38	0.376652570294189
ENSG00000262188.1	chr17_79926422_T_C_b38	chr17_79931600_G_A_b38	0.210832520081075
ENSG00000262188.1	chr17_79926422_T_C_b38	chr17_79939089_T_C_b38	-0.0833249922845296
ENSG00000262188.1	chr17_79926422_T_C_b38	chr17_79930670_C_T_b38	0.190613817781448
ENSG00000262188.1	chr17_79926422_T_C_b38	chr17_79933897_A_G_b38	0.185594591663956
ENSG00000262188.1	chr17_79926422_T_C_b38	chr17_79931223_T_C_b38	-0.10635671329313
ENSG00000262188.1	chr17_79926422_T_C_b38	chr17_79920545_A_G_b38	0.0267559992993519
ENSG00000262188.1	chr17_79926422_T_C_b38	chr17_79938252_C_G_b38	0.0228482179349231
ENSG00000262188.1	chr17_79926422_T_C_b38	chr17_79923927_G_A_b38	-0.125630791815763
ENSG00000262188.1	chr17_79926422_T_C_b38	chr17_79918065_A_G_b38	-0.0430460676125415
ENSG00000262188.1	chr17_79931600_G_A_b38	chr17_79931600_G_A_b38	0.490653854815706
ENSG00000262188.1	chr17_79931600_G_A_b38	chr17_79939089_T_C_b38	-0.0837774941821185
ENSG00000262188.1	chr17_79931600_G_A_b38	chr17_79930670_C_T_b38	-0.129232039636664
ENSG00000262188.1	chr17_79931600_G_A_b38	chr17_79933897_A_G_b38	0.333008032429998
ENSG00000262188.1	chr17_79931600_G_A_b38	chr17_79931223_T_C_b38	0.158678027175137
ENSG00000262188.1	chr17_79931600_G_A_b38	chr17_79920545_A_G_b38	0.0691014188124016
ENSG00000262188.1	chr17_79931600_G_A_b38	chr17_79938252_C_G_b38	0.0645221830192929
ENSG00000262188.1	chr17_79931600_G_A_b38	chr17_79923927_G_A_b38	-0.264037985136251
ENSG00000262188.1	chr17_79931600_G_A_b38	chr17_79918065_A_G_b38	-0.090383604834472
ENSG00000262188.1	chr17_79939089_T_C_b38	chr17_79939089_T_C_b38	0.302984427261884
ENSG00000262188.1	chr17_79939089_T_C_b38	chr17_79930670_C_T_b38	0.0744563721442335
ENSG00000262188.1	chr17_79939089_T_C_b38	chr17_79933897_A_G_b38	-0.198494023638532
ENSG00000262188.1	chr17_79939089_T_C_b38	chr17_79931223_T_C_b38	-0.00809290260157315
ENSG00000262188.1	chr17_79939089_T_C_b38	chr17_79920545_A_G_b38	0.0232965493081099
ENSG00000262188.1	chr17_79939089_T_C_b38	chr17_79938252_C_G_b38	0.0206607778862114
ENSG00000262188.1	chr17_79939089_T_C_b38	chr17_79923927_G_A_b38	0.0173181025782182
ENSG00000262188.1	chr17_79939089_T_C_b38	chr17_79918065_A_G_b38	0.0169031354002452
ENSG00000262188.1	chr17_79930670_C_T_b38	chr17_79930670_C_T_b38	0.457886044591247
ENSG00000262188.1	chr17_79930670_C_T_b38	chr17_79933897_A_G_b38	-0.143201211120286
ENSG00000262188.1	chr17_79930670_C_T_b38	chr17_79931223_T_C_b38	-0.240022020368841
ENSG00000262188.1	chr17_79930670_C_T_b38	chr17_79920545_A_G_b38	0.0621387283236992
ENSG00000262188.1	chr17_79930670_C_T_b38	chr17_79938252_C_G_b38	0.0478254885769336
ENSG00000262188.1	chr17_79930670_C_T_b38	chr17_79923927_G_A_b38	0.174511423066337
ENSG00000262188.1	chr17_79930670_C_T_b38	chr17_79918065_A_G_b38	0.0693641618497111
ENSG00000262188.1	chr17_79933897_A_G_b38	chr17_79933897_A_G_b38	0.454599671362678
ENSG00000262188.1	chr17_79933897_A_G_b38	chr17_79931223_T_C_b38	0.0974880931528329
ENSG00000262188.1	chr17_79933897_A_G_b38	chr17_79920545_A_G_b38	0.0448852688737083
ENSG00000262188.1	chr17_79933897_A_G_b38	chr17_79938252_C_G_b38	0.0626975785935323
ENSG00000262188.1	chr17_79933897_A_G_b38	chr17_79923927_G_A_b38	-0.239310945958345
ENSG00000262188.1	chr17_79933897_A_G_b38	chr17_79918065_A_G_b38	-0.0739183744964092
ENSG00000262188.1	chr17_79931223_T_C_b38	chr17_79931223_T_C_b38	0.337591438747509
ENSG00000262188.1	chr17_79931223_T_C_b38	chr17_79920545_A_G_b38	0.0237344543702925
ENSG00000262188.1	chr17_79931223_T_C_b38	chr17_79938252_C_G_b38	0.0207024831302288
ENSG00000262188.1	chr17_79931223_T_C_b38	chr17_79923927_G_A_b38	-0.0798697128176898
ENSG00000262188.1	chr17_79931223_T_C_b38	chr17_79918065_A_G_b38	-0.0174286214748643
ENSG00000262188.1	chr17_79920545_A_G_b38	chr17_79920545_A_G_b38	0.115344193378876
ENSG00000262188.1	chr17_79920545_A_G_b38	chr17_79938252_C_G_b38	0.0853039061131549
ENSG00000262188.1	chr17_79920545_A_G_b38	chr17_79923927_G_A_b38	0.0279383429672447
ENSG00000262188.1	chr17_79920545_A_G_b38	chr17_79918065_A_G_b38	0.0122175512348922
ENSG00000262188.1	chr17_79938252_C_G_b38	chr17_79938252_C_G_b38	0.0984076937834163
ENSG00000262188.1	chr17_79938252_C_G_b38	chr17_79923927_G_A_b38	0.0158042022203872
ENSG00000262188.1	chr17_79938252_C_G_b38	chr17_79918065_A_G_b38	0.00783850061306708
ENSG00000262188.1	chr17_79923927_G_A_b38	chr17_79923927_G_A_b38	0.396183136067531
ENSG00000262188.1	chr17_79923927_G_A_b38	chr17_79918065_A_G_b38	0.0761078998073219
ENSG00000262188.1	chr17_79918065_A_G_b38	chr17_79918065_A_G_b38	0.260641093011036
ENSG00000262585.1	chr17_79929259_A_G_b38	chr17_79929259_A_G_b38	0.460642761220798
ENSG00000262585.1	chr17_79929259_A_G_b38	chr17_79932325_A_T_b38	-0.173566799289343
ENSG00000262585.1	chr17_79929259_A_G_b38	chr17_79926357_G_A_b38	0.350978822077089
ENSG00000262585.1	chr17_79929259_A_G_b38	chr17_79926707_G_A_b38	-0.0728090150055467
ENSG00000262585.1	chr17_79929259_A_G_b38	chr17_79919938_A_C_b38	-0.0144258439056127
ENSG00000262585.1	chr17_79929259_A_G_b38	chr17_79935286_C_T_b38	-0.189058212179599
ENSG00000262585.1	chr17_79929259_A_G_b38	chr17_79930325_T_A_b38	0.224566056936
ENSG00000262585.1	chr17_79929259_A_G_b38	chr17_79903390_G_C_b38	0.0548423958828584
ENSG00000262585.1	chr17_79929259_A_G_b38	chr17_79921512_C_T_b38	0.343636613867829
ENSG00000262585.1	chr17_79929259_A_G_b38	chr17_79926422_T_C_b38	-0.177881206782941
ENSG00000262585.1	chr17_79929259_A_G_b38	chr17_79925069_C_T_b38	-0.0279675366380569
ENSG00000262585.1	chr17_79929259_A_G_b38	chr17_79945589_T_C_b38	-0.0917369400028361
ENSG00000262585.1	chr17_79929259_A_G_b38	chr17_79918164_C_T_b38	-0.021561611156987
ENSG00000262585.1	chr17_79929259_A_G_b38	chr17_79924310_C_T_b38	0.0346799956626546
ENSG00000262585.1	chr17_79929259_A_G_b38	chr17_79932678_A_G_b38	0.0409608054116725
ENSG00000262585.1	chr17_79929259_A_G_b38	chr17_79925313_A_C_b38	0.0328512207124924
ENSG00000262585.1	chr17_79929259_A_G_b38	chr17_79947119_T_C_b38	-0.0179687043848893
ENSG00000262585.1	chr17_79932325_A_T_b38	chr17_79932325_A_T_b38	0.518767359807822
ENSG00000262585.1	chr17_79932325_A_T_b38	chr17_79926357_G_A_b38	-0.224876761003928
ENSG00000262585.1	chr17_79932325_A_T_b38	chr17_79926707_G_A_b38	0.106060606060606
ENSG00000262585.1	chr17_79932325_A_T_b38	chr17_79919938_A_C_b38	-0.0304594249680955
ENSG00000262585.1	chr17_79932325_A_T_b38	chr17_79935286_C_T_b38	0.122919950954633
ENSG00000262585.1	chr17_79932325_A_T_b38	chr17_79930325_T_A_b38	0.120473938393013
ENSG00000262585.1	chr17_79932325_A_T_b38	chr17_79903390_G_C_b38	-0.0887946350374095
ENSG00000262585.1	chr17_79932325_A_T_b38	chr17_79921512_C_T_b38	-0.220497710382103
ENSG00000262585.1	chr17_79932325_A_T_b38	chr17_79926422_T_C_b38	0.234954833220729
ENSG00000262585.1	chr17_79932325_A_T_b38	chr17_79925069_C_T_b38	-0.0364774916798038
ENSG00000262585.1	chr17_79932325_A_T_b38	chr17_79945589_T_C_b38	0.0715349198008158
ENSG00000262585.1	chr17_79932325_A_T_b38	chr17_79918164_C_T_b38	-0.0320671621249655
ENSG00000262585.1	chr17_79932325_A_T_b38	chr17_79924310_C_T_b38	-0.0233528513875334
ENSG00000262585.1	chr17_79932325_A_T_b38	chr17_79932678_A_G_b38	0.114568475840152
ENSG00000262585.1	chr17_79932325_A_T_b38	chr17_79925313_A_C_b38	0.0438843430172911
ENSG00000262585.1	chr17_79932325_A_T_b38	chr17_79947119_T_C_b38	-0.0320984410579786
ENSG00000262585.1	chr17_79926357_G_A_b38	chr17_79926357_G_A_b38	0.396295740226377
ENSG00000262585.1	chr17_79926357_G_A_b38	chr17_79926707_G_A_b38	-0.0539790973316983
ENSG00000262585.1	chr17_79926357_G_A_b38	chr17_79919938_A_C_b38	-0.0578347471411057
ENSG00000262585.1	chr17_79926357_G_A_b38	chr17_79935286_C_T_b38	-0.156259123022129
ENSG00000262585.1	chr17_79926357_G_A_b38	chr17_79930325_T_A_b38	0.171122871989924
ENSG00000262585.1	chr17_79926357_G_A_b38	chr17_79903390_G_C_b38	0.0417552903102036
ENSG00000262585.1	chr17_79926357_G_A_b38	chr17_79921512_C_T_b38	0.388734579486024
ENSG00000262585.1	chr17_79926357_G_A_b38	chr17_79926422_T_C_b38	-0.127841169748684
ENSG00000262585.1	chr17_79926357_G_A_b38	chr17_79925069_C_T_b38	-0.0175453961581129
ENSG00000262585.1	chr17_79926357_G_A_b38	chr17_79945589_T_C_b38	-0.0976361467690948
ENSG00000262585.1	chr17_79926357_G_A_b38	chr17_79918164_C_T_b38	-0.0154371960730342
ENSG00000262585.1	chr17_79926357_G_A_b38	chr17_79924310_C_T_b38	0.0391403715103138
ENSG00000262585.1	chr17_79926357_G_A_b38	chr17_79932678_A_G_b38	-0.0611961898089066
ENSG00000262585.1	chr17_79926357_G_A_b38	chr17_79925313_A_C_b38	0.0256508103328913
ENSG00000262585.1	chr17_79926357_G_A_b38	chr17_79947119_T_C_b38	-0.00776551643603669
ENSG00000262585.1	chr17_79926707_G_A_b38	chr17_79926707_G_A_b38	0.181672213464121
ENSG00000262585.1	chr17_79926707_G_A_b38	chr17_79919938_A_C_b38	-0.0235592923454195
ENSG00000262585.1	chr17_79926707_G_A_b38	chr17_79935286_C_T_b38	-0.0599783966835988
ENSG00000262585.1	chr17_79926707_G_A_b38	chr17_79930325_T_A_b38	-0.107651661119869
ENSG00000262585.1	chr17_79926707_G_A_b38	chr17_79903390_G_C_b38	-0.0565627371985754
ENSG00000262585.1	chr17_79926707_G_A_b38	chr17_79921512_C_T_b38	-0.0519355403748468
ENSG00000262585.1	chr17_79926707_G_A_b38	chr17_79926422_T_C_b38	-0.0359228119343727
ENSG00000262585.1	chr17_79926707_G_A_b38	chr17_79925069_C_T_b38	-0.00623284871839783
ENSG00000262585.1	chr17_79926707_G_A_b38	chr17_79945589_T_C_b38	0.0121883575640801
ENSG00000262585.1	chr17_79926707_G_A_b38	chr17_79918164_C_T_b38	-0.0114001284521516
ENSG00000262585.1	chr17_79926707_G_A_b38	chr17_79924310_C_T_b38	-0.000686051264085957
ENSG00000262585.1	chr17_79926707_G_A_b38	chr17_79932678_A_G_b38	-0.0224499328545572
ENSG00000262585.1	chr17_79926707_G_A_b38	chr17_79925313_A_C_b38	0.0175891866643311
ENSG00000262585.1	chr17_79926707_G_A_b38	chr17_79947119_T_C_b38	-0.00418929176154611
ENSG00000262585.1	chr17_79919938_A_C_b38	chr17_79919938_A_C_b38	0.311463103370618
ENSG00000262585.1	chr17_79919938_A_C_b38	chr17_79935286_C_T_b38	-0.0389735505342442
ENSG00000262585.1	chr17_79919938_A_C_b38	chr17_79930325_T_A_b38	-0.101819182744038
ENSG00000262585.1	chr17_79919938_A_C_b38	chr17_79903390_G_C_b38	0.0317793959412457
ENSG00000262585.1	chr17_79919938_A_C_b38	chr17_79921512_C_T_b38	-0.0643157420614069
ENSG00000262585.1	chr17_79919938_A_C_b38	chr17_79926422_T_C_b38	-0.0854540449916172
ENSG00000262585.1	chr17_79919938_A_C_b38	chr17_79925069_C_T_b38	0.0446225258363986
ENSG00000262585.1	chr17_79919938_A_C_b38	chr17_79945589_T_C_b38	0.00531741861221623
ENSG00000262585.1	chr17_79919938_A_C_b38	chr17_79918164_C_T_b38	0.0378475089457749
ENSG00000262585.1	chr17_79919938_A_C_b38	chr17_79924310_C_T_b38	0.00390986662662961
ENSG00000262585.1	chr17_79919938_A_C_b38	chr17_79932678_A_G_b38	0.0785476565823387
ENSG00000262585.1	chr17_79919938_A_C_b38	chr17_79925313_A_C_b38	0.0166779270825514
ENSG00000262585.1	chr17_79919938_A_C_b38	chr17_79947119_T_C_b38	0.0280259239796813
ENSG00000262585.1	chr17_79935286_C_T_b38	chr17_79935286_C_T_b38	0.434080691306124
ENSG00000262585.1	chr17_79935286_C_T_b38	chr17_79930325_T_A_b38	0.0630291352834706
ENSG00000262585.1	chr17_79935286_C_T_b38	chr17_79903390_G_C_b38	0.0559934606177381
ENSG00000262585.1	chr17_79935286_C_T_b38	chr17_79921512_C_T_b38	-0.155500087581012
ENSG00000262585.1	chr17_79935286_C_T_b38	chr17_79926422_T_C_b38	0.233023880422725
ENSG00000262585.1	chr17_79935286_C_T_b38	chr17_79925069_C_T_b38	-0.0219682372861564
ENSG00000262585.1	chr17_79935286_C_T_b38	chr17_79945589_T_C_b38	0.0462281777310679
ENSG00000262585.1	chr17_79935286_C_T_b38	chr17_79918164_C_T_b38	-0.0136480411046885
ENSG00000262585.1	chr17_79935286_C_T_b38	chr17_79924310_C_T_b38	-0.0258947860103929
ENSG00000262585.1	chr17_79935286_C_T_b38	chr17_79932678_A_G_b38	-0.066926490336895
ENSG00000262585.1	chr17_79935286_C_T_b38	chr17_79925313_A_C_b38	0.0201582296958019
ENSG00000262585.1	chr17_79935286_C_T_b38	chr17_79947119_T_C_b38	-0.0197641151398377
ENSG00000262585.1	chr17_79930325_T_A_b38	chr17_79930325_T_A_b38	0.452660377515871
ENSG00000262585.1	chr17_79930325_T_A_b38	chr17_79903390_G_C_b38	-0.0159439147878455
ENSG00000262585.1	chr17_79930325_T_A_b38	chr17_79921512_C_T_b38	0.167473663138403
ENSG00000262585.1	chr17_79930325_T_A_b38	chr17_79926422_T_C_b38	0.186877027917491
ENSG00000262585.1	chr17_79930325_T_A_b38	chr17_79925069_C_T_b38	-0.048841011268757
ENSG00000262585.1	chr17_79930325_T_A_b38	chr17_79945589_T_C_b38	-0.047053941562612
ENSG00000262585.1	chr17_79930325_T_A_b38	chr17_79918164_C_T_b38	-0.0365171116616204
ENSG00000262585.1	chr17_79930325_T_A_b38	chr17_79924310_C_T_b38	0.0118568008741419
ENSG00000262585.1	chr17_79930325_T_A_b38	chr17_79932678_A_G_b38	0.0231610072650536
ENSG00000262585.1	chr17_79930325_T_A_b38	chr17_79925313_A_C_b38	0.0446642310804161
ENSG00000262585.1	chr17_79930325_T_A_b38	chr17_79947119_T_C_b38	-0.0409295264786594
ENSG00000262585.1	chr17_79903390_G_C_b38	chr17_79903390_G_C_b38	0.500517145025816
ENSG00000262585.1	chr17_79903390_G_C_b38	chr17_79921512_C_T_b38	0.0442221554938318
ENSG00000262585.1	chr17_79903390_G_C_b38	chr17_79926422_T_C_b38	-0.0531595892867569
ENSG00000262585.1	chr17_79903390_G_C_b38	chr17_79925069_C_T_b38	-0.0298505284054417
ENSG00000262585.1	chr17_79903390_G_C_b38	chr17_79945589_T_C_b38	0.0138357147027668
ENSG00000262585.1	chr17_79903390_G_C_b38	chr17_79918164_C_T_b38	-0.0229378842095605
ENSG00000262585.1	chr17_79903390_G_C_b38	chr17_79924310_C_T_b38	-0.0118004987947185
ENSG00000262585.1	chr17_79903390_G_C_b38	chr17_79932678_A_G_b38	0.0255215240764374
ENSG00000262585.1	chr17_79903390_G_C_b38	chr17_79925313_A_C_b38	-0.0226876527454562
ENSG00000262585.1	chr17_79903390_G_C_b38	chr17_79947119_T_C_b38	-0.0100426227593857
ENSG00000262585.1	chr17_79921512_C_T_b38	chr17_79921512_C_T_b38	0.399857368065461
ENSG00000262585.1	chr17_79921512_C_T_b38	chr17_79926422_T_C_b38	-0.123082601406301
ENSG00000262585.1	chr17_79921512_C_T_b38	chr17_79925069_C_T_b38	-0.0181730600805746
ENSG00000262585.1	chr17_79921512_C_T_b38	chr17_79945589_T_C_b38	-0.100774466381403
ENSG00000262585.1	chr17_79921512_C_T_b38	chr17_79918164_C_T_b38	-0.0162400220203688
ENSG00000262585.1	chr17_79921512_C_T_b38	chr17_79924310_C_T_b38	0.0396804544203389
ENSG00000262585.1	chr17_79921512_C_T_b38	chr17_79932678_A_G_b38	-0.0616632885419013
ENSG00000262585.1	chr17_79921512_C_T_b38	chr17_79925313_A_C_b38	0.0258551660285764
ENSG00000262585.1	chr17_79921512_C_T_b38	chr17_79947119_T_C_b38	-0.00849535820634086
ENSG00000262585.1	chr17_79926422_T_C_b38	chr17_79926422_T_C_b38	0.376652570294189
ENSG00000262585.1	chr17_79926422_T_C_b38	chr17_79925069_C_T_b38	-0.0192824195714369
ENSG00000262585.1	chr17_79926422_T_C_b38	chr17_79945589_T_C_b38	0.0355036742319979
ENSG00000262585.1	chr17_79926422_T_C_b38	chr17_79918164_C_T_b38	-0.0140150472520415
ENSG00000262585.1	chr17_79926422_T_C_b38	chr17_79924310_C_T_b38	-0.017926999140872
ENSG00000262585.1	chr17_79926422_T_C_b38	chr17_79932678_A_G_b38	-0.0608229278749509
ENSG00000262585.1	chr17_79926422_T_C_b38	chr17_79925313_A_C_b38	0.0288808814820377
ENSG00000262585.1	chr17_79926422_T_C_b38	chr17_79947119_T_C_b38	-0.0159689379342559
ENSG00000262585.1	chr17_79925069_C_T_b38	chr17_79925069_C_T_b38	0.0772756466398084
ENSG00000262585.1	chr17_79925069_C_T_b38	chr17_79945589_T_C_b38	0.00487534302563203
ENSG00000262585.1	chr17_79925069_C_T_b38	chr17_79918164_C_T_b38	0.0382145150931278
ENSG00000262585.1	chr17_79925069_C_T_b38	chr17_79924310_C_T_b38	-0.00287557657499853
ENSG00000262585.1	chr17_79925069_C_T_b38	chr17_79932678_A_G_b38	-0.012159163893268
ENSG00000262585.1	chr17_79925069_C_T_b38	chr17_79925313_A_C_b38	0.00703567466573247
ENSG00000262585.1	chr17_79925069_C_T_b38	chr17_79947119_T_C_b38	0.0535265954341098
ENSG00000262585.1	chr17_79945589_T_C_b38	chr17_79945589_T_C_b38	0.159801983501406
ENSG00000262585.1	chr17_79945589_T_C_b38	chr17_79918164_C_T_b38	0.000527571336819897
ENSG00000262585.1	chr17_79945589_T_C_b38	chr17_79924310_C_T_b38	-0.0286223089691297
ENSG00000262585.1	chr17_79945589_T_C_b38	chr17_79932678_A_G_b38	0.0141422482462944
ENSG00000262585.1	chr17_79945589_T_C_b38	chr17_79925313_A_C_b38	-0.0147803384797604
ENSG00000262585.1	chr17_79945589_T_C_b38	chr17_79947119_T_C_b38	0.00751737023413327
ENSG00000262585.1	chr17_79918164_C_T_b38	chr17_79918164_C_T_b38	0.059546747408019
ENSG00000262585.1	chr17_79918164_C_T_b38	chr17_79924310_C_T_b38	-0.00194972015781263
ENSG00000262585.1	chr17_79918164_C_T_b38	chr17_79932678_A_G_b38	-0.0094504082943389
ENSG00000262585.1	chr17_79918164_C_T_b38	chr17_79925313_A_C_b38	0.0020185338104413
ENSG00000262585.1	chr17_79918164_C_T_b38	chr17_79947119_T_C_b38	0.0258509955041748
ENSG00000262585.1	chr17_79924310_C_T_b38	chr17_79924310_C_T_b38	0.0535036575499006
ENSG00000262585.1	chr17_79924310_C_T_b38	chr17_79932678_A_G_b38	-0.00558224691172668
ENSG00000262585.1	chr17_79924310_C_T_b38	chr17_79925313_A_C_b38	0.00222288950612652
ENSG00000262585.1	chr17_79924310_C_T_b38	chr17_79947119_T_C_b38	-0.00233549366497344
ENSG00000262585.1	chr17_79932678_A_G_b38	chr17_79932678_A_G_b38	0.202654121729267
ENSG00000262585.1	chr17_79932678_A_G_b38	chr17_79925313_A_C_b38	0.0135270958970381
ENSG00000262585.1	chr17_79932678_A_G_b38	chr17_79947119_T_C_b38	-0.0111811759210603
ENSG00000262585.1	chr17_79925313_A_C_b38	chr17_79925313_A_C_b38	0.116436870772131
ENSG00000262585.1	chr17_79925313_A_C_b38	chr17_79947119_T_C_b38	0.00579494365621533
ENSG00000262585.1	chr17_79947119_T_C_b38	chr17_79947119_T_C_b38	0.0686927074210314
ENSG00000171246.5	chr17_80468855_C_T_b38	chr17_80468855_C_T_b38	0.113546697361726
ENSG00000171246.5	chr17_80468855_C_T_b38	chr17_80452732_C_T_b38	-0.0144821459850362
ENSG00000171246.5	chr17_80468855_C_T_b38	chr17_80442828_C_G_b38	0.00156086522987239
ENSG00000171246.5	chr17_80468855_C_T_b38	chr17_80456705_G_C_b38	0.0854165102720013
ENSG00000171246.5	chr17_80468855_C_T_b38	chr17_80455627_A_AAAAT_b38	0.0237753681888788
ENSG00000171246.5	chr17_80468855_C_T_b38	chr17_80456526_A_G_b38	0.0617988305849578
ENSG00000171246.5	chr17_80468855_C_T_b38	chr17_80474840_C_G_b38	0.0731176338112754
ENSG00000171246.5	chr17_80468855_C_T_b38	chr17_80483356_G_T_b38	0.0374054333591905
ENSG00000171246.5	chr17_80468855_C_T_b38	chr17_80499129_G_A_b38	0.0827869946367057
ENSG00000171246.5	chr17_80468855_C_T_b38	chr17_80468324_G_A_b38	-0.000832019618146778
ENSG00000171246.5	chr17_80468855_C_T_b38	chr17_80476148_C_T_b38	-0.024284963591322
ENSG00000171246.5	chr17_80468855_C_T_b38	chr17_80477283_G_C_b38	0.0678002151990591
ENSG00000171246.5	chr17_80468855_C_T_b38	chr17_80456125_A_G_b38	-0.0231964567224683
ENSG00000171246.5	chr17_80452732_C_T_b38	chr17_80452732_C_T_b38	0.26293071090759
ENSG00000171246.5	chr17_80452732_C_T_b38	chr17_80442828_C_G_b38	0.0162775940408018
ENSG00000171246.5	chr17_80452732_C_T_b38	chr17_80456705_G_C_b38	-0.0198558666766759
ENSG00000171246.5	chr17_80452732_C_T_b38	chr17_80455627_A_AAAAT_b38	0.0127209818242677
ENSG00000171246.5	chr17_80452732_C_T_b38	chr17_80456526_A_G_b38	-0.0392550609313614
ENSG00000171246.5	chr17_80452732_C_T_b38	chr17_80474840_C_G_b38	-0.0141130545754823
ENSG00000171246.5	chr17_80452732_C_T_b38	chr17_80483356_G_T_b38	0.0559580111603231
ENSG00000171246.5	chr17_80452732_C_T_b38	chr17_80499129_G_A_b38	-0.00333433425918975
ENSG00000171246.5	chr17_80452732_C_T_b38	chr17_80468324_G_A_b38	-0.00459800315291645
ENSG00000171246.5	chr17_80452732_C_T_b38	chr17_80476148_C_T_b38	-0.00799489527813227
ENSG00000171246.5	chr17_80452732_C_T_b38	chr17_80477283_G_C_b38	-0.01964942571879
ENSG00000171246.5	chr17_80452732_C_T_b38	chr17_80456125_A_G_b38	0.0139816830568276
ENSG00000171246.5	chr17_80442828_C_G_b38	chr17_80442828_C_G_b38	0.149244867154937
ENSG00000171246.5	chr17_80442828_C_G_b38	chr17_80456705_G_C_b38	0.00524433562756959
ENSG00000171246.5	chr17_80442828_C_G_b38	chr17_80455627_A_AAAAT_b38	0.0361023657743724
ENSG00000171246.5	chr17_80442828_C_G_b38	chr17_80456526_A_G_b38	-0.0179735339642255
ENSG00000171246.5	chr17_80442828_C_G_b38	chr17_80474840_C_G_b38	0.00373063950323503
ENSG00000171246.5	chr17_80442828_C_G_b38	chr17_80483356_G_T_b38	-0.00932874224157089
ENSG00000171246.5	chr17_80442828_C_G_b38	chr17_80499129_G_A_b38	0.00420232942507663
ENSG00000171246.5	chr17_80442828_C_G_b38	chr17_80468324_G_A_b38	0.00111275967187693
ENSG00000171246.5	chr17_80442828_C_G_b38	chr17_80476148_C_T_b38	0.0027550986696226
ENSG00000171246.5	chr17_80442828_C_G_b38	chr17_80477283_G_C_b38	0.00113848841658966
ENSG00000171246.5	chr17_80442828_C_G_b38	chr17_80456125_A_G_b38	0.00387214611138799
ENSG00000171246.5	chr17_80456705_G_C_b38	chr17_80456705_G_C_b38	0.391186847834248
ENSG00000171246.5	chr17_80456705_G_C_b38	chr17_80455627_A_AAAAT_b38	0.0465085863980571
ENSG00000171246.5	chr17_80456705_G_C_b38	chr17_80456526_A_G_b38	0.281535420263744
ENSG00000171246.5	chr17_80456705_G_C_b38	chr17_80474840_C_G_b38	0.0503340590045793
ENSG00000171246.5	chr17_80456705_G_C_b38	chr17_80483356_G_T_b38	0.145065435527863
ENSG00000171246.5	chr17_80456705_G_C_b38	chr17_80499129_G_A_b38	0.0845907464404576
ENSG00000171246.5	chr17_80456705_G_C_b38	chr17_80468324_G_A_b38	-0.00735680504466634
ENSG00000171246.5	chr17_80456705_G_C_b38	chr17_80476148_C_T_b38	-0.0900833270775467
ENSG00000171246.5	chr17_80456705_G_C_b38	chr17_80477283_G_C_b38	0.0375534869754523
ENSG00000171246.5	chr17_80456705_G_C_b38	chr17_80456125_A_G_b38	-0.0655731551685309
ENSG00000171246.5	chr17_80455627_A_AAAAT_b38	chr17_80456526_A_G_b38	0.0433694783579757
ENSG00000171246.5	chr17_80455627_A_AAAAT_b38	chr17_80474840_C_G_b38	0.0649824899047106
ENSG00000171246.5	chr17_80455627_A_AAAAT_b38	chr17_80483356_G_T_b38	0.0594595163452311
ENSG00000171246.5	chr17_80455627_A_AAAAT_b38	chr17_80499129_G_A_b38	0.0857685327414068
ENSG00000171246.5	chr17_80455627_A_AAAAT_b38	chr17_80468324_G_A_b38	0.011552255194165
ENSG00000171246.5	chr17_80455627_A_AAAAT_b38	chr17_80476148_C_T_b38	0.015524661332474
ENSG00000171246.5	chr17_80455627_A_AAAAT_b38	chr17_80477283_G_C_b38	0.0913948775891906
ENSG00000171246.5	chr17_80455627_A_AAAAT_b38	chr17_80456125_A_G_b38	0.0249799582820587
ENSG00000171246.5	chr17_80456526_A_G_b38	chr17_80456526_A_G_b38	0.502619089324292
ENSG00000171246.5	chr17_80456526_A_G_b38	chr17_80474840_C_G_b38	-0.0625140755198559
ENSG00000171246.5	chr17_80456526_A_G_b38	chr17_80483356_G_T_b38	0.257402680813086
ENSG00000171246.5	chr17_80456526_A_G_b38	chr17_80499129_G_A_b38	0.121666708371911
ENSG00000171246.5	chr17_80456526_A_G_b38	chr17_80468324_G_A_b38	0.0165090208442809
ENSG00000171246.5	chr17_80456526_A_G_b38	chr17_80476148_C_T_b38	-0.148149538322949
ENSG00000171246.5	chr17_80456526_A_G_b38	chr17_80477283_G_C_b38	-0.0176663413657634
ENSG00000171246.5	chr17_80456526_A_G_b38	chr17_80456125_A_G_b38	0.134111553186698
ENSG00000171246.5	chr17_80474840_C_G_b38	chr17_80474840_C_G_b38	0.421890248479844
ENSG00000171246.5	chr17_80474840_C_G_b38	chr17_80483356_G_T_b38	-0.0718977554237671
ENSG00000171246.5	chr17_80474840_C_G_b38	chr17_80499129_G_A_b38	0.119773290293521
ENSG00000171246.5	chr17_80474840_C_G_b38	chr17_80468324_G_A_b38	-0.00748817656332109
ENSG00000171246.5	chr17_80474840_C_G_b38	chr17_80476148_C_T_b38	0.220948127017491
ENSG00000171246.5	chr17_80474840_C_G_b38	chr17_80477283_G_C_b38	0.352150739433976
ENSG00000171246.5	chr17_80474840_C_G_b38	chr17_80456125_A_G_b38	-0.0882065910967646
ENSG00000171246.5	chr17_80483356_G_T_b38	chr17_80483356_G_T_b38	0.455475481487042
ENSG00000171246.5	chr17_80483356_G_T_b38	chr17_80499129_G_A_b38	0.131542510155227
ENSG00000171246.5	chr17_80483356_G_T_b38	chr17_80468324_G_A_b38	0.0116044841478368
ENSG00000171246.5	chr17_80483356_G_T_b38	chr17_80476148_C_T_b38	-0.169807071541176
ENSG00000171246.5	chr17_80483356_G_T_b38	chr17_80477283_G_C_b38	-0.0445849911167829
ENSG00000171246.5	chr17_80483356_G_T_b38	chr17_80456125_A_G_b38	0.0678252383454696
ENSG00000171246.5	chr17_80499129_G_A_b38	chr17_80499129_G_A_b38	0.32576800206858
ENSG00000171246.5	chr17_80499129_G_A_b38	chr17_80468324_G_A_b38	0.0222893676650902
ENSG00000171246.5	chr17_80499129_G_A_b38	chr17_80476148_C_T_b38	-0.0595863673898357
ENSG00000171246.5	chr17_80499129_G_A_b38	chr17_80477283_G_C_b38	0.18154918299427
ENSG00000171246.5	chr17_80499129_G_A_b38	chr17_80456125_A_G_b38	0.0587606035582914
ENSG00000171246.5	chr17_80468324_G_A_b38	chr17_80468324_G_A_b38	0.0294272201786653
ENSG00000171246.5	chr17_80468324_G_A_b38	chr17_80476148_C_T_b38	-0.00341565948502366
ENSG00000171246.5	chr17_80468324_G_A_b38	chr17_80477283_G_C_b38	-0.00735680504466634
ENSG00000171246.5	chr17_80468324_G_A_b38	chr17_80456125_A_G_b38	0.0265370467682608
ENSG00000171246.5	chr17_80787102_G_A_b38	chr17_80787102_G_A_b38	0.400007506943924
ENSG00000171246.5	chr17_80476148_C_T_b38	chr17_80476148_C_T_b38	0.285826889873134
ENSG00000171246.5	chr17_80476148_C_T_b38	chr17_80477283_G_C_b38	0.212971999099167
ENSG00000171246.5	chr17_80476148_C_T_b38	chr17_80456125_A_G_b38	-0.0593611590721416
ENSG00000171246.5	chr17_80477283_G_C_b38	chr17_80477283_G_C_b38	0.448164552210794
ENSG00000171246.5	chr17_80477283_G_C_b38	chr17_80456125_A_G_b38	-0.0364649801065986
ENSG00000171246.5	chr17_80456125_A_G_b38	chr17_80456125_A_G_b38	0.383267021995346
ENSG00000262772.1	chr17_79823756_C_A_b38	chr17_79823756_C_A_b38	0.151131463270192
ENSG00000262772.1	chr17_79823756_C_A_b38	chr17_79822378_G_A_b38	-0.0072629682456272
ENSG00000262772.1	chr17_79823756_C_A_b38	chr17_79824285_A_C_b38	0.153295965434693
ENSG00000262772.1	chr17_79823756_C_A_b38	chr17_79831081_T_G_b38	-0.0644512841044633
ENSG00000262772.1	chr17_79823756_C_A_b38	chr17_79821213_C_T_b38	-0.0102282110952631
ENSG00000262772.1	chr17_79823756_C_A_b38	chr17_79823090_G_C_b38	-0.0547256211996096
ENSG00000262772.1	chr17_79822378_G_A_b38	chr17_79822378_G_A_b38	0.049320621574957
ENSG00000262772.1	chr17_79822378_G_A_b38	chr17_79824285_A_C_b38	-0.00748817656332107
ENSG00000262772.1	chr17_79822378_G_A_b38	chr17_79831081_T_G_b38	0.0358081225133249
ENSG00000262772.1	chr17_79822378_G_A_b38	chr17_79821213_C_T_b38	-0.00377223932137227
ENSG00000262772.1	chr17_79822378_G_A_b38	chr17_79823090_G_C_b38	-0.00960888822160503
ENSG00000262772.1	chr17_79824285_A_C_b38	chr17_79824285_A_C_b38	0.159776960354995
ENSG00000262772.1	chr17_79824285_A_C_b38	chr17_79831081_T_G_b38	-0.0682110118526303
ENSG00000262772.1	chr17_79824285_A_C_b38	chr17_79821213_C_T_b38	-0.0109038360483447
ENSG00000262772.1	chr17_79824285_A_C_b38	chr17_79823090_G_C_b38	-0.056489753021545
ENSG00000262772.1	chr17_79831081_T_G_b38	chr17_79831081_T_G_b38	0.496801207783867
ENSG00000262772.1	chr17_79831081_T_G_b38	chr17_79821213_C_T_b38	0.081412806846333
ENSG00000262772.1	chr17_79831081_T_G_b38	chr17_79823090_G_C_b38	0.22991892500563
ENSG00000262772.1	chr17_79636116_A_G_b38	chr17_79636116_A_G_b38	0.381732269015505
ENSG00000262772.1	chr17_79821213_C_T_b38	chr17_79821213_C_T_b38	0.146197732902935
ENSG00000262772.1	chr17_79821213_C_T_b38	chr17_79823090_G_C_b38	0.101231138803393
ENSG00000262772.1	chr17_79823090_G_C_b38	chr17_79823090_G_C_b38	0.48157045266872
ENSG00000267719.1	chr17_79706738_C_G_b38	chr17_79706738_C_G_b38	0.217926582088431
ENSG00000267719.1	chr17_79706738_C_G_b38	chr17_79733322_G_A_b38	-0.0733991442083927
ENSG00000267719.1	chr17_79706738_C_G_b38	chr17_79702693_A_G_b38	-0.00921477366564072
ENSG00000267719.1	chr17_79706738_C_G_b38	chr17_79707227_G_C_b38	0.206684933563546
ENSG00000267719.1	chr17_79733322_G_A_b38	chr17_79733322_G_A_b38	0.494670069814578
ENSG00000267719.1	chr17_79733322_G_A_b38	chr17_79702693_A_G_b38	-0.0111728348722568
ENSG00000267719.1	chr17_79733322_G_A_b38	chr17_79707227_G_C_b38	-0.117959112178765
ENSG00000267719.1	chr17_79702693_A_G_b38	chr17_79702693_A_G_b38	0.0519021761796328
ENSG00000267719.1	chr17_79702693_A_G_b38	chr17_79707227_G_C_b38	-0.011712917782282
ENSG00000267719.1	chr17_79707227_G_C_b38	chr17_79707227_G_C_b38	0.295627622217216
ENSG00000182156.9	chr17_79741979_A_G_b38	chr17_79741979_A_G_b38	0.413949570018934
ENSG00000182156.9	chr17_79741979_A_G_b38	chr17_79733322_G_A_b38	-0.0593924380051548
ENSG00000182156.9	chr17_79741979_A_G_b38	chr17_79731283_C_T_b38	-0.0415029735838984
ENSG00000182156.9	chr17_79733322_G_A_b38	chr17_79733322_G_A_b38	0.494670069814578
ENSG00000182156.9	chr17_79733322_G_A_b38	chr17_79731283_C_T_b38	0.462753046568075
ENSG00000182156.9	chr17_79731283_C_T_b38	chr17_79731283_C_T_b38	0.494561636180133
